ct,dose
18.0,7.675
6.0,7.686
8.0,7.86
1017.0,7.805
1007.0,7.688
1019.0,7.797
190.0,7.855
1022.0,7.999
986.0,8.362
975.0,8.135
1023.0,7.889
683.0,13.199
1017.0,14.051
1026.0,13.555
1035.0,12.901
1040.0,13.306
1046.0,14.62
1006.0,7.743
998.0,7.906
1019.0,8.204
1019.0,9.192
1014.0,11.421
672.0,13.231
88.0,13.255
1.0,12.496
9.0,12.335
916.0,13.173
334.0,14.353
2.0,10.403
993.0,13.967
970.0,17.868
436.0,18.961
261.0,17.049
464.0,7.866
851.0,7.768
810.0,7.736
698.0,8.673
982.0,10.927
1002.0,13.06
1011.0,13.387
759.0,12.347
209.0,11.914
6.0,12.512
2.0,13.502
11.0,14.411
2.0,9.18
1006.0,12.473
1031.0,16.573
497.0,17.679
833.0,16.039
923.0,13.855
25.0,8.028
395.0,8.029
208.0,7.945
9.0,8.943
991.0,11.324
989.0,13.4
956.0,13.402
144.0,12.454
541.0,11.856
403.0,11.787
322.0,11.99
320.0,12.36
355.0,8.425
26.0,11.122
963.0,14.495
1009.0,15.256
1015.0,13.945
1020.0,12.486
904.0,8.156
295.0,8.294
42.0,11.356
98.0,13.403
241.0,13.488
106.0,12.442
74.0,11.733
1.0,11.346
12.0,11.295
5.0,10.339
10.0,13.033
2.0,13.707
1.0,12.526
342.0,11.569
75.0,8.316
11.0,12.769
9.0,13.383
6.0,8.557
6.0,8.35
8.0,15.644
5.0,15.976
2.0,17.451
2.0,19.859
1014.0,8.327
933.0,8.302
429.0,11.039
44.0,14.085
25.0,15.832
89.0,16.184
523.0,15.783
243.0,16.51
38.0,18.285
132.0,20.134
172.0,21.643
169.0,18.431
44.0,22.102
11.0,22.671
7.0,20.837
15.0,18.932
51.0,8.059
45.0,8.125
11.0,10.501
19.0,13.165
19.0,14.782
1002.0,15.684
892.0,15.311
89.0,15.146
52.0,16.014
32.0,17.764
49.0,19.497
35.0,21.045
496.0,10.998
737.0,13.568
624.0,17.941
101.0,22.265
368.0,22.907
688.0,20.779
492.0,18.451
121.0,16.154
15.0,7.962
16.0,8.058
538.0,8.098
435.0,8.56
501.0,10.184
477.0,12.709
88.0,14.768
99.0,14.5
20.0,13.918
7.0,14.043
1013.0,15.414
801.0,17.176
947.0,18.612
80.0,19.057
97.0,10.762
30.0,10.681
387.0,12.872
629.0,17.356
599.0,21.76
136.0,22.776
429.0,20.538
683.0,17.987
440.0,15.646
52.0,14.096
155.0,7.989
157.0,7.869
162.0,8.023
241.0,8.318
377.0,9.384
679.0,12.125
583.0,14.514
89.0,14.471
1007.0,13.472
1028.0,13.335
1024.0,14.341
980.0,15.879
1014.0,17.132
1013.0,17.25
505.0,10.151
307.0,9.713
453.0,11.471
472.0,15.845
232.0,20.582
537.0,21.826
657.0,19.94
608.0,16.953
165.0,14.487
383.0,13.316
174.0,8.077
3.0,8.089
33.0,8.171
38.0,8.44
88.0,9.594
532.0,12.196
457.0,14.659
125.0,14.555
1000.0,13.673
1002.0,13.191
999.0,13.627
642.0,14.588
406.0,15.493
144.0,15.371
174.0,9.349
223.0,8.57
576.0,9.918
454.0,13.954
555.0,18.731
267.0,19.921
507.0,17.961
212.0,15.604
340.0,13.438
117.0,12.534
4.0,8.266
15.0,8.269
33.0,8.322
280.0,8.58
346.0,9.886
62.0,12.563
996.0,15.071
985.0,15.21
993.0,14.245
991.0,13.399
1004.0,13.174
496.0,13.545
69.0,13.985
64.0,13.681
465.0,8.738
331.0,7.86
248.0,8.85
345.0,12.254
375.0,16.11
220.0,16.947
73.0,15.466
243.0,13.749
219.0,12.566
69.0,12.67
5.0,8.435
2.0,8.7
31.0,9.038
32.0,10.126
187.0,12.649
318.0,15.13
38.0,15.811
1.0,15.708
896.0,15.519
995.0,15.219
1026.0,15.419
647.0,15.077
174.0,7.402
457.0,8.325
9.0,11.292
6.0,14.614
1.0,15.393
15.0,14.087
254.0,13.106
244.0,12.753
257.0,13.593
190.0,8.761
238.0,9.349
436.0,17.062
502.0,18.185
110.0,18.96
1.0,18.948
8.0,18.631
10.0,8.607
13.0,11.382
2.0,14.601
6.0,15.51
317.0,14.515
386.0,13.708
538.0,12.882
95.0,15.675
26.0,16.77
25.0,18.61
5.0,21.377
5.0,24.501
2.0,26.842
6.0,27.813
6.0,8.5
6.0,16.245
5.0,18.317
1.0,19.525
3.0,21.209
8.0,24.205
386.0,26.902
131.0,28.375
26.0,27.962
15.0,28.815
21.0,19.067
22.0,23.07
31.0,26.002
39.0,26.322
28.0,24.865
12.0,23.772
8.0,8.279
7.0,8.807
12.0,9.86
5.0,12.788
549.0,16.363
67.0,18.224
40.0,18.992
151.0,19.299
78.0,21.099
395.0,23.848
602.0,25.583
619.0,26.732
272.0,28.325
277.0,28.905
582.0,14.058
528.0,17.571
446.0,22.433
133.0,26.704
146.0,27.315
340.0,25.266
125.0,23.212
47.0,20.925
386.0,17.852
392.0,8.123
189.0,8.521
40.0,9.416
5.0,11.392
974.0,14.226
645.0,16.361
38.0,17.431
26.0,17.192
31.0,17.995
22.0,19.902
15.0,21.817
78.0,23.699
234.0,26.149
435.0,27.359
490.0,19.342
325.0,18.815
150.0,18.558
255.0,18.131
499.0,17.443
349.0,15.911
25.0,13.705
40.0,12.345
180.0,12.745
501.0,16.011
532.0,20.997
326.0,25.937
65.0,26.762
343.0,24.455
290.0,21.786
255.0,19.135
233.0,16.695
252.0,15.167
295.0,8.086
590.0,8.221
407.0,8.493
35.0,9.128
1006.0,10.873
757.0,13.663
54.0,15.567
58.0,15.631
148.0,15.663
433.0,16.461
700.0,18.037
945.0,20.217
999.0,23.024
1032.0,24.33
1039.0,23.185
1014.0,18.858
911.0,18.872
608.0,18.998
166.0,19.122
264.0,18.269
133.0,16.434
591.0,14.091
313.0,12.313
208.0,12.251
82.0,14.999
13.0,19.965
8.0,24.774
33.0,25.691
200.0,23.368
516.0,20.666
749.0,18.246
638.0,16.424
429.0,15.581
263.0,8.066
177.0,8.183
287.0,8.286
34.0,8.579
1012.0,10.147
1029.0,12.923
914.0,15.175
715.0,15.163
930.0,14.601
959.0,14.704
957.0,16.099
1013.0,18.22
1019.0,20.362
1005.0,20.872
993.0,19.469
1006.0,17.788
1009.0,18.219
1027.0,18.915
1028.0,19.36
741.0,18.702
75.0,16.541
111.0,13.989
124.0,11.901
15.0,11.496
4.0,13.857
1.0,18.5
10.0,23.283
326.0,24.399
809.0,22.192
976.0,19.65
1018.0,17.335
982.0,16.124
891.0,15.791
578.0,8.292
184.0,8.367
296.0,8.325
136.0,8.6
1020.0,10.275
988.0,13.338
969.0,15.762
1027.0,15.741
1025.0,14.791
1024.0,14.709
1036.0,15.775
1018.0,17.436
1004.0,18.834
1008.0,18.673
1011.0,16.905
1016.0,16.383
1006.0,17.049
1023.0,18.13
1037.0,18.731
906.0,18.268
323.0,16.01
58.0,13.389
1.0,10.945
21.0,10.223
511.0,11.916
923.0,16.582
1018.0,21.664
1022.0,23.022
1013.0,21.135
981.0,18.348
913.0,16.085
480.0,15.459
315.0,16.126
67.0,8.392
976.0,8.425
1018.0,8.568
1023.0,9.017
849.0,10.625
1027.0,13.785
1023.0,16.493
995.0,16.936
1029.0,16.527
1028.0,16.55
1002.0,17.25
999.0,18.103
1010.0,18.886
1014.0,18.083
1037.0,15.805
1025.0,14.785
901.0,15.126
290.0,16.459
2.0,17.669
3.0,17.386
62.0,15.233
525.0,12.325
928.0,9.887
995.0,8.753
1027.0,10.166
1014.0,14.387
1019.0,19.403
948.0,20.992
521.0,19.226
350.0,16.751
67.0,15.204
937.0,15.394
985.0,17.479
1012.0,8.649
990.0,8.913
995.0,9.063
919.0,9.405
17.0,10.923
61.0,14.092
242.0,17.183
499.0,18.715
604.0,19.678
803.0,20.547
966.0,21.112
1017.0,21.424
1001.0,21.071
992.0,19.207
935.0,13.693
818.0,13.736
480.0,15.372
133.0,17.039
288.0,17.065
8.0,15.098
22.0,12.281
296.0,9.66
729.0,8.346
899.0,9.466
980.0,13.048
994.0,17.489
996.0,18.813
815.0,17.471
443.0,15.848
630.0,15.221
135.0,16.109
939.0,18.863
1006.0,8.969
1021.0,9.863
981.0,10.468
623.0,11.326
81.0,14.137
3.0,18.24
75.0,21.404
183.0,23.076
103.0,24.275
363.0,24.235
238.0,24.169
390.0,22.899
480.0,19.771
427.0,13.496
225.0,15.308
176.0,16.914
455.0,17.465
662.0,16.29
514.0,10.99
274.0,9.316
68.0,9.782
9.0,13.292
37.0,17.423
250.0,18.788
478.0,17.711
785.0,16.518
773.0,15.928
542.0,17.108
324.0,22.15
551.0,24.087
220.0,24.468
882.0,23.673
492.0,23.088
523.0,21.698
314.0,18.364
5.0,12.464
117.0,15.313
219.0,19.052
231.0,20.663
46.0,19.978
271.0,18.307
606.0,17.072
604.0,21.093
151.0,22.381
201.0,21.874
93.0,19.977
254.0,23.05
530.0,26.292
191.0,28.265
15.0,29.102
79.0,18.416
41.0,20.297
36.0,22.211
100.0,25.345
111.0,29.194
232.0,31.638
311.0,32.447
258.0,31.774
81.0,31.289
97.0,30.126
18.0,20.217
1.0,22.484
14.0,24.798
16.0,26.325
12.0,26.25
1.0,25.602
1.0,25.296
39.0,9.49
253.0,11.794
523.0,16.405
432.0,20.33
590.0,21.808
388.0,23.001
535.0,25.786
245.0,29.196
1.0,32.017
12.0,33.05
15.0,32.756
2.0,32.255
14.0,31.696
139.0,16.915
53.0,17.337
4.0,17.78
2.0,17.532
11.0,17.154
5.0,17.48
8.0,19.326
2.0,22.785
9.0,26.474
1.0,29.207
362.0,29.397
51.0,28.334
35.0,27.813
58.0,26.301
151.0,22.696
148.0,8.605
167.0,9.264
51.0,11.55
164.0,15.689
65.0,19.48
4.0,20.884
8.0,21.654
8.0,23.342
4.0,26.666
535.0,29.567
208.0,30.961
89.0,31.243
251.0,32.083
355.0,31.689
141.0,30.154
106.0,22.313
279.0,19.831
242.0,18.735
160.0,18.669
99.0,19.222
305.0,18.896
384.0,17.888
628.0,16.564
16.0,15.855
41.0,17.496
130.0,21.416
290.0,25.831
59.0,29.477
151.0,30.061
607.0,28.568
676.0,27.326
550.0,25.317
110.0,21.939
22.0,18.624
4.0,8.402
4.0,8.855
1017.0,10.257
1014.0,12.746
999.0,15.517
995.0,17.616
865.0,18.878
269.0,20.077
51.0,22.413
406.0,24.965
831.0,26.485
973.0,27.927
990.0,29.935
947.0,30.53
697.0,29.347
232.0,27.714
43.0,27.553
49.0,22.675
544.0,20.725
84.0,19.947
159.0,19.946
694.0,20.197
706.0,19.718
321.0,18.06
24.0,15.732
43.0,14.307
22.0,15.302
64.0,19.094
133.0,24.108
269.0,28.544
395.0,29.44
348.0,27.478
464.0,25.144
295.0,22.863
36.0,20.449
1013.0,18.524
897.0,8.273
22.0,8.349
156.0,8.748
682.0,9.623
957.0,11.508
921.0,14.593
1005.0,16.679
1022.0,17.539
1047.0,18.799
1036.0,20.392
1024.0,22.097
1039.0,24.297
1004.0,27.232
681.0,28.664
128.0,27.632
17.0,26.704
14.0,26.96
104.0,22.876
127.0,21.002
105.0,20.48
23.0,20.684
7.0,20.811
12.0,20.203
21.0,18.25
124.0,15.815
632.0,13.812
987.0,14.047
1029.0,17.452
1019.0,22.422
1010.0,27.368
948.0,28.352
610.0,26.166
457.0,23.67
127.0,21.427
1008.0,19.751
935.0,19.085
41.0,8.177
116.0,8.292
559.0,8.431
1028.0,8.888
1032.0,10.709
1013.0,13.866
1016.0,16.137
1039.0,16.762
1049.0,16.938
1052.0,17.877
1062.0,19.317
1057.0,21.72
1026.0,24.817
412.0,26.107
2.0,24.996
8.0,24.32
6.0,25.886
9.0,26.39
15.0,24.468
19.0,22.266
20.0,20.845
20.0,20.44
3.0,21.068
11.0,21.239
188.0,20.535
821.0,18.374
1028.0,15.635
1028.0,13.363
1001.0,13.143
983.0,16.049
1012.0,20.988
1032.0,26.111
1006.0,27.209
611.0,24.841
139.0,22.259
999.0,20.184
1015.0,19.316
1016.0,19.995
986.0,20.83
855.0,8.321
1026.0,8.47
1038.0,8.519
1018.0,9.049
1015.0,10.733
1016.0,14.141
1025.0,16.596
1038.0,17.194
1047.0,17.306
1031.0,17.897
1059.0,19.447
1064.0,21.494
1052.0,23.717
808.0,24.244
74.0,22.099
5.0,21.429
7.0,23.22
3.0,24.338
86.0,22.867
297.0,20.711
298.0,19.842
176.0,20.331
106.0,21.003
138.0,21.394
254.0,20.574
802.0,18.152
994.0,15.272
1000.0,12.743
995.0,12.191
970.0,14.465
967.0,19.38
993.0,24.649
1019.0,25.909
1040.0,23.952
891.0,21.198
577.0,19.257
183.0,19.159
1010.0,20.931
866.0,22.316
623.0,8.542
1077.0,8.727
1076.0,8.761
1014.0,9.302
1022.0,11.238
1023.0,14.574
1031.0,17.546
1036.0,18.884
1052.0,19.829
1023.0,20.974
1037.0,22.388
1062.0,23.966
1061.0,25.375
1050.0,24.21
1019.0,20.592
430.0,18.962
6.0,20.943
21.0,22.403
5.0,21.283
225.0,19.546
586.0,18.543
563.0,19.513
369.0,20.901
317.0,21.716
410.0,21.024
542.0,18.339
915.0,14.952
1001.0,11.912
1009.0,10.833
1009.0,12.64
1012.0,17.476
988.0,23.144
998.0,25.042
1006.0,23.054
1015.0,20.402
990.0,18.4
456.0,18.764
26.0,21.488
1006.0,23.498
1031.0,8.888
1038.0,9.143
1031.0,9.293
1029.0,9.687
1037.0,11.761
1024.0,15.55
1016.0,19.417
1048.0,21.801
1040.0,23.276
1023.0,24.707
1042.0,26.037
1056.0,27.512
1067.0,27.533
1033.0,24.786
424.0,19.81
35.0,17.607
27.0,19.485
10.0,21.362
13.0,20.441
153.0,18.412
565.0,17.301
578.0,18.54
349.0,21.106
306.0,23.069
457.0,22.995
550.0,20.103
947.0,15.966
1043.0,12.37
1020.0,10.58
1015.0,11.707
1017.0,16.262
997.0,22.113
1019.0,24.161
1014.0,22.594
1013.0,20.06
981.0,18.38
610.0,18.84
123.0,21.741
828.0,9.205
990.0,10.05
977.0,10.736
993.0,10.905
1037.0,12.635
1019.0,16.674
951.0,21.734
87.0,25.755
92.0,27.055
422.0,27.781
988.0,28.345
1040.0,28.902
1033.0,27.794
1025.0,23.932
1044.0,18.628
1045.0,16.515
1048.0,18.713
1042.0,20.222
1053.0,19.427
1067.0,17.48
933.0,15.982
205.0,17.631
17.0,21.11
6.0,24.229
55.0,24.802
339.0,22.387
374.0,18.363
129.0,14.087
48.0,11.743
57.0,12.285
233.0,16.159
859.0,21.537
1029.0,23.455
1024.0,22.238
1016.0,20.057
1020.0,18.459
1012.0,19.113
1004.0,21.932
1025.0,12.742
1027.0,17.037
940.0,22.506
432.0,26.927
89.0,28.744
981.0,27.989
1006.0,27.772
1000.0,27.446
897.0,25.775
87.0,22.036
49.0,16.786
128.0,14.9
747.0,17.413
917.0,19.48
924.0,15.769
1029.0,17.047
1034.0,19.965
1023.0,22.281
1016.0,22.897
1024.0,21.701
1057.0,19.136
1031.0,15.962
697.0,14.497
62.0,15.298
1.0,18.792
23.0,23.524
10.0,25.027
8.0,23.729
1.0,21.207
6.0,19.38
41.0,19.743
48.0,22.647
15.0,24.72
482.0,25.797
966.0,25.146
1006.0,24.813
1025.0,23.244
1016.0,21.809
1001.0,18.351
1017.0,14.313
1030.0,18.893
1023.0,21.92
738.0,25.193
324.0,26.457
20.0,25.112
1041.0,22.041
1021.0,19.494
996.0,19.961
896.0,24.543
492.0,25.264
107.0,23.943
111.0,20.998
376.0,23.751
764.0,25.276
890.0,26.156
940.0,26.55
913.0,19.148
779.0,22.578
448.0,25.116
100.0,27.089
9.0,29.516
42.0,31.285
29.0,32.034
98.0,31.204
80.0,30.671
45.0,29.636
15.0,21.625
3.0,21.242
25.0,20.968
6.0,21.978
35.0,23.363
512.0,24.504
947.0,24.526
1018.0,24.183
1023.0,24.233
1015.0,9.155
1023.0,11.985
987.0,17.153
570.0,21.922
468.0,24.235
211.0,26.182
846.0,28.842
804.0,31.836
520.0,34.379
600.0,35.162
509.0,34.57
361.0,33.974
107.0,32.665
610.0,29.462
788.0,18.485
558.0,18.749
116.0,19.248
273.0,20.192
391.0,21.724
370.0,22.397
119.0,22.329
364.0,22.818
465.0,24.635
295.0,26.647
579.0,28.389
393.0,28.48
560.0,27.999
161.0,28.109
108.0,27.11
241.0,24.22
65.0,8.788
56.0,10.122
9.0,13.284
3.0,18.874
36.0,23.211
138.0,24.547
543.0,25.955
750.0,28.622
682.0,31.957
513.0,34.71
276.0,35.913
627.0,35.473
322.0,34.818
13.0,33.792
24.0,31.202
14.0,28.898
15.0,27.87
13.0,22.29
20.0,20.475
11.0,20.214
17.0,20.494
11.0,20.91
18.0,21.307
26.0,21.627
132.0,21.556
82.0,21.818
198.0,22.692
31.0,25.202
17.0,28.339
18.0,30.544
25.0,30.906
69.0,30.176
14.0,30.047
12.0,29.146
535.0,26.289
649.0,23.031
442.0,8.947
417.0,10.173
277.0,13.204
419.0,18.518
292.0,22.326
524.0,23.302
655.0,24.264
575.0,26.773
197.0,30.17
8.0,33.155
12.0,34.527
19.0,34.605
5.0,34.219
2.0,33.085
147.0,30.937
164.0,29.306
58.0,28.727
19.0,25.897
5.0,23.371
3.0,21.035
3.0,20.281
8.0,20.395
13.0,21.122
2.0,21.458
11.0,20.935
11.0,20.113
86.0,19.819
234.0,20.864
214.0,23.887
258.0,27.794
78.0,30.901
394.0,31.433
321.0,30.412
375.0,29.633
55.0,28.416
86.0,25.884
15.0,23.536
2.0,8.771
8.0,9.595
6.0,11.316
9.0,14.742
45.0,17.645
113.0,19.472
43.0,21.311
32.0,23.652
103.0,27.112
116.0,30.006
72.0,31.31
67.0,31.742
78.0,32.42
67.0,31.911
59.0,30.34
33.0,28.833
236.0,29.068
292.0,28.496
40.0,26.478
28.0,23.885
159.0,21.58
55.0,20.9
202.0,20.852
415.0,21.492
268.0,21.456
561.0,20.24
171.0,18.451
212.0,17.364
60.0,18.4
11.0,22.154
11.0,26.775
411.0,30.467
187.0,31.089
56.0,29.935
10.0,28.206
87.0,26.656
506.0,25.037
896.0,23.723
1026.0,23.05
1043.0,8.532
1027.0,8.81
986.0,9.406
674.0,10.68
175.0,12.757
19.0,15.862
45.0,18.578
178.0,20.759
145.0,23.84
496.0,26.311
544.0,27.564
343.0,28.344
47.0,30.313
63.0,31.049
69.0,29.607
17.0,28.846
36.0,29.495
144.0,29.439
426.0,27.399
533.0,24.503
501.0,22.169
458.0,21.396
410.0,21.324
612.0,21.661
155.0,21.182
1003.0,19.381
1020.0,17.192
1013.0,15.547
1008.0,16.783
1016.0,20.546
824.0,25.519
835.0,29.761
1034.0,30.874
1036.0,29.155
1042.0,27.106
1048.0,25.559
1042.0,24.72
1039.0,24.751
1040.0,24.846
986.0,8.393
569.0,8.679
22.0,8.859
4.0,9.53
5.0,11.527
12.0,14.73
31.0,17.774
28.0,19.831
28.0,22.023
24.0,23.967
31.0,25.322
25.0,27.183
34.0,29.841
67.0,30.662
489.0,29.419
976.0,28.728
1038.0,30.193
1043.0,30.087
1041.0,27.88
1069.0,24.846
962.0,22.534
650.0,21.796
525.0,21.955
234.0,22.151
1010.0,21.279
1026.0,19.201
616.0,16.745
784.0,14.798
1004.0,15.296
1026.0,18.832
1026.0,24.234
1013.0,29.096
1036.0,30.25
1071.0,28.312
1052.0,25.932
1062.0,24.316
1067.0,23.989
1046.0,25.501
1043.0,26.51
922.0,8.437
142.0,8.718
13.0,8.783
24.0,9.423
172.0,11.575
336.0,15.059
458.0,18.026
766.0,19.963
778.0,22.189
646.0,24.113
643.0,25.704
632.0,28.114
899.0,30.835
1043.0,31.416
1011.0,28.994
980.0,27.572
979.0,29.001
991.0,29.448
1007.0,27.359
1028.0,24.735
950.0,22.443
434.0,22.264
27.0,22.699
1016.0,23.256
1009.0,22.354
1000.0,19.956
1009.0,16.841
1013.0,14.69
53.0,14.348
101.0,17.582
587.0,23.117
1036.0,28.635
1023.0,30.147
1029.0,27.903
1165.0,25.22
1482.0,23.369
1130.0,23.303
1073.0,25.682
1072.0,27.455
1045.0,8.647
1044.0,8.959
979.0,9.187
248.0,9.699
8.0,11.972
33.0,15.915
429.0,19.51
941.0,21.646
1040.0,23.592
1026.0,25.493
1030.0,27.384
1029.0,29.541
1043.0,32.102
1044.0,31.201
1049.0,26.939
1014.0,24.809
1011.0,26.45
1004.0,27.422
992.0,25.982
1013.0,23.689
1031.0,22.233
1027.0,22.973
1019.0,24.847
1014.0,25.756
918.0,25.09
299.0,22.057
997.0,18.304
956.0,15.003
1000.0,14.037
1026.0,16.522
815.0,22.053
1029.0,28.137
1034.0,29.947
1025.0,27.856
1035.0,24.864
1071.0,22.431
1298.0,22.275
1147.0,24.993
1122.0,27.549
1080.0,8.978
1057.0,9.272
1035.0,9.548
1039.0,10.443
989.0,12.736
340.0,17.348
5.0,21.948
6.0,24.942
123.0,26.266
734.0,27.546
1030.0,29.689
1052.0,31.862
1039.0,32.524
1032.0,29.766
1025.0,24.169
1021.0,21.702
1015.0,23.528
1009.0,25.052
1008.0,24.07
1014.0,22.218
1019.0,21.809
1011.0,23.782
1005.0,26.924
1036.0,29.205
1014.0,28.793
990.0,25.185
988.0,20.305
990.0,15.917
662.0,13.965
961.0,15.649
644.0,20.888
1363.0,27.536
1717.0,29.728
1118.0,27.586
988.0,24.303
973.0,21.658
1107.0,21.423
1583.0,24.118
1582.0,27.185
1507.0,9.486
1848.0,10.294
1343.0,11.009
1053.0,11.567
1037.0,14.019
1054.0,19.265
801.0,24.604
399.0,28.344
365.0,29.406
210.0,29.749
224.0,30.975
808.0,32.225
1031.0,31.505
1051.0,27.504
1043.0,21.454
1041.0,19.565
1030.0,21.881
1017.0,23.675
1002.0,22.882
1011.0,21.185
1012.0,20.87
1032.0,23.719
1046.0,27.808
1044.0,30.486
1035.0,30.363
1056.0,26.497
1043.0,21.575
1026.0,16.652
1007.0,14.418
978.0,15.669
698.0,20.97
920.0,27.096
1140.0,29.2
1046.0,27.013
1017.0,23.763
1035.0,20.798
1045.0,20.62
1271.0,23.324
1337.0,26.448
1117.0,9.567
1071.0,10.939
1045.0,12.155
1073.0,12.514
1061.0,14.926
1056.0,20.467
1016.0,25.957
1030.0,29.861
947.0,30.8
757.0,30.501
353.0,30.369
674.0,30.151
1006.0,28.539
1044.0,24.795
1044.0,19.595
1033.0,18.386
1013.0,21.158
1001.0,23.946
999.0,23.65
990.0,22.099
1025.0,21.509
1055.0,23.5
1060.0,26.979
1016.0,29.176
965.0,29.266
1016.0,26.5
1066.0,22.705
1064.0,18.972
1027.0,17.256
949.0,18.564
493.0,22.722
1014.0,27.469
1077.0,28.919
929.0,27.274
965.0,23.838
1025.0,20.807
1017.0,20.965
109.0,23.586
283.0,14.159
572.0,19.496
983.0,24.863
1055.0,28.847
1066.0,29.816
1060.0,28.947
1068.0,28.408
1054.0,27.475
1027.0,25.585
1031.0,22.131
1070.0,17.999
1051.0,17.884
1005.0,21.702
762.0,25.016
732.0,23.119
510.0,23.833
195.0,25.339
50.0,26.549
504.0,26.113
991.0,24.732
1047.0,22.82
1042.0,20.895
1039.0,20.215
1030.0,21.943
1014.0,25.096
1017.0,28.231
1010.0,29.263
995.0,27.497
1015.0,24.091
1031.0,21.474
1029.0,21.431
995.0,23.866
1000.0,26.527
1040.0,27.252
1024.0,26.213
987.0,25.475
960.0,24.715
540.0,22.917
941.0,20.328
1008.0,17.819
1012.0,20.65
999.0,22.599
980.0,25.211
994.0,28.097
1005.0,28.63
307.0,26.968
138.0,23.692
434.0,20.668
1009.0,20.423
1045.0,24.597
1037.0,26.896
1036.0,27.426
1042.0,26.176
1031.0,5.229
1027.0,6.358
1041.0,9.888
1065.0,16.238
1036.0,21.59
1013.0,23.758
740.0,24.804
935.0,26.162
852.0,27.467
527.0,28.662
193.0,28.904
337.0,28.885
909.0,28.975
1037.0,28.737
1042.0,27.092
1031.0,20.187
1042.0,20.666
1033.0,19.846
1031.0,19.026
1021.0,19.912
1017.0,21.357
1005.0,22.77
1010.0,22.872
1010.0,22.4
1007.0,6.267
1008.0,7.81
1013.0,11.418
994.0,18.08
1013.0,23.239
949.0,26.021
529.0,27.826
208.0,29.586
1029.0,31.352
1023.0,32.738
1003.0,33.671
1015.0,33.383
1013.0,33.047
868.0,31.689
792.0,28.413
1032.0,25.878
1038.0,25.302
1043.0,18.044
1034.0,17.699
1038.0,18.14
1055.0,19.221
1036.0,21.083
1028.0,23.501
701.0,24.348
817.0,23.29
920.0,22.471
569.0,23.101
138.0,24.916
154.0,26.44
625.0,26.844
888.0,26.674
957.0,26.692
904.0,25.937
838.0,8.076
618.0,9.659
527.0,13.541
619.0,19.627
968.0,24.913
1031.0,27.613
1008.0,29.824
992.0,31.647
982.0,33.813
996.0,35.433
1014.0,36.238
1030.0,35.818
1018.0,35.449
799.0,34.146
345.0,30.914
921.0,28.411
969.0,27.835
882.0,26.926
376.0,25.016
44.0,23.069
78.0,21.096
447.0,20.809
886.0,21.519
989.0,22.081
1013.0,23.379
1020.0,24.961
1041.0,25.417
987.0,24.591
739.0,24.106
181.0,25.626
13.0,27.523
10.0,29.299
18.0,29.728
2.0,29.381
5.0,29.695
28.0,29.086
36.0,26.737
30.0,8.927
29.0,10.606
7.0,14.497
253.0,20.911
881.0,25.479
1029.0,27.671
1032.0,29.606
1028.0,31.389
1025.0,33.77
1043.0,35.901
967.0,36.983
554.0,36.551
147.0,35.764
11.0,34.271
300.0,31.67
206.0,29.547
338.0,28.773
360.0,28.105
264.0,26.256
710.0,24.287
704.0,22.86
433.0,22.844
143.0,23.118
423.0,23.448
334.0,23.931
248.0,24.485
79.0,24.484
36.0,24.168
42.0,24.605
84.0,26.379
58.0,28.904
100.0,30.969
313.0,31.485
130.0,31.232
278.0,31.373
178.0,30.883
102.0,29.088
91.0,27.124
19.0,9.161
83.0,10.891
50.0,14.704
18.0,20.462
9.0,24.683
64.0,25.778
453.0,27.388
819.0,29.888
849.0,32.911
704.0,35.096
404.0,36.507
385.0,36.397
177.0,35.281
28.0,33.558
31.0,31.341
11.0,29.903
23.0,29.567
41.0,28.804
74.0,26.834
29.0,24.665
69.0,22.984
316.0,22.815
300.0,22.95
480.0,23.524
294.0,23.555
381.0,23.496
91.0,23.058
12.0,22.717
293.0,23.444
476.0,25.652
715.0,28.855
537.0,31.683
455.0,32.178
518.0,31.526
361.0,31.249
457.0,30.7
370.0,29.901
536.0,29.479
399.0,28.456
185.0,9.197
85.0,10.225
13.0,13.055
18.0,17.154
18.0,20.139
4.0,22.096
6.0,24.508
12.0,27.39
2.0,30.918
103.0,33.547
164.0,35.044
112.0,34.714
19.0,34.491
22.0,32.952
12.0,30.854
4.0,29.828
2.0,30.29
3.0,29.891
9.0,27.64
13.0,24.846
19.0,22.684
16.0,22.134
12.0,22.196
350.0,22.888
387.0,22.982
181.0,22.688
473.0,21.648
183.0,21.002
346.0,21.722
122.0,24.556
412.0,28.495
256.0,31.877
444.0,32.879
175.0,31.825
374.0,30.837
253.0,30.094
182.0,30.386
5.0,31.703
4.0,31.859
22.0,8.866
27.0,9.392
14.0,10.608
26.0,12.396
35.0,14.851
24.0,17.908
11.0,21.318
50.0,24.956
60.0,29.169
35.0,32.397
12.0,33.044
11.0,33.435
46.0,33.723
102.0,32.981
52.0,30.995
310.0,30.214
146.0,31.486
46.0,31.078
131.0,28.673
104.0,25.488
197.0,22.861
206.0,22.089
198.0,22.12
456.0,22.804
189.0,22.548
400.0,21.383
108.0,20.052
132.0,19.106
94.0,20.15
17.0,23.877
30.0,28.429
16.0,32.471
4.0,33.689
109.0,32.582
543.0,31.07
913.0,30.077
1013.0,30.605
1022.0,32.184
1021.0,32.856
989.0,28.524
803.0,8.705
351.0,8.927
41.0,9.348
23.0,10.482
28.0,12.667
7.0,16.305
25.0,20.198
82.0,24.066
179.0,29.368
158.0,32.718
40.0,33.603
89.0,34.038
118.0,35.246
65.0,34.576
33.0,31.764
41.0,30.658
134.0,31.928
527.0,31.869
639.0,29.669
568.0,26.342
463.0,23.462
543.0,22.808
622.0,22.885
384.0,23.47
34.0,22.885
36.0,21.209
38.0,19.025
86.0,17.836
487.0,19.019
987.0,23.163
1033.0,28.423
1012.0,33.041
1033.0,34.633
1031.0,33.278
1027.0,31.43
1043.0,30.165
1035.0,29.954
1031.0,31.56
816.0,32.959
188.0,30.055
28.0,8.684
16.0,8.843
5.0,9.366
15.0,10.136
34.0,12.498
36.0,16.475
37.0,20.649
57.0,24.676
133.0,29.136
312.0,32.28
428.0,33.572
767.0,34.999
1018.0,37.128
1053.0,36.11
1036.0,32.448
1043.0,30.965
1039.0,32.177
1046.0,32.098
980.0,29.86
790.0,26.756
595.0,24.426
77.0,23.883
793.0,25.013
1009.0,25.812
997.0,25.343
993.0,22.895
1006.0,19.803
1044.0,17.567
1059.0,18.457
1075.0,22.394
1072.0,27.998
1050.0,33.376
1039.0,34.929
1053.0,33.327
1052.0,30.737
1045.0,28.7
1050.0,28.205
723.0,30.251
68.0,32.361
8.0,30.7
141.0,8.898
520.0,9.092
695.0,9.583
866.0,10.403
1019.0,13.114
1010.0,17.628
1037.0,22.272
1044.0,25.819
1059.0,28.321
1064.0,30.368
1018.0,32.689
1013.0,35.299
1008.0,37.455
1008.0,36.439
1031.0,32.02
1042.0,30.248
1041.0,31.188
1000.0,31.716
753.0,29.737
237.0,26.94
997.0,25.195
1012.0,26.086
1018.0,28.066
1019.0,30.018
1026.0,29.501
1038.0,26.234
1044.0,22.061
1049.0,18.773
1322.0,18.397
1422.0,21.932
1476.0,27.636
1276.0,33.594
1053.0,35.083
1036.0,32.727
1037.0,29.642
1040.0,26.988
616.0,26.298
26.0,28.672
1.0,31.451
5.0,29.912
242.0,9.245
868.0,9.642
1049.0,10.19
1049.0,11.196
1041.0,14.38
1036.0,19.418
1040.0,24.446
1044.0,27.373
1045.0,28.601
1053.0,29.851
1056.0,32.36
1037.0,35.573
1035.0,37.164
1036.0,34.895
1031.0,30.103
1045.0,28.271
1052.0,29.94
1047.0,30.987
1007.0,29.502
930.0,26.944
435.0,26.046
1105.0,27.984
1219.0,30.922
1094.0,33.006
1035.0,32.09
1033.0,28.039
1003.0,22.959
923.0,18.998
1028.0,17.923
1011.0,20.982
1019.0,26.881
1045.0,33.443
1156.0,35.048
1443.0,32.402
1216.0,28.768
1379.0,25.254
1235.0,24.481
969.0,27.049
995.0,29.871
1013.0,9.646
913.0,10.971
209.0,11.61
8.0,12.75
57.0,16.069
670.0,21.806
1014.0,26.762
1057.0,29.761
1062.0,30.518
1053.0,31.203
1060.0,33.34
1049.0,35.403
1059.0,35.605
1043.0,32.137
1042.0,27.055
1034.0,25.515
1034.0,28.502
1031.0,30.681
1017.0,29.866
1032.0,27.691
1037.0,26.923
1043.0,29.453
1213.0,32.781
1254.0,34.478
1070.0,33.107
817.0,28.725
172.0,23.578
1117.0,18.909
1344.0,17.414
762.0,19.731
350.0,25.913
1002.0,32.678
1084.0,34.739
1052.0,31.924
1033.0,27.664
1133.0,23.703
1789.0,23.171
1780.0,25.597
1550.0,28.716
1974.0,9.978
1472.0,12.166
447.0,13.598
407.0,14.341
731.0,17.473
440.0,23.583
57.0,28.823
7.0,32.359
123.0,33.01
139.0,32.997
615.0,33.439
987.0,33.893
1045.0,32.857
1059.0,29.3
1053.0,24.801
1049.0,24.336
1035.0,28.613
1101.0,32.159
1081.0,32.078
1055.0,30.457
1065.0,29.749
1075.0,31.633
1080.0,34.067
1074.0,35.471
1102.0,34.163
1098.0,30.085
1309.0,25.565
1980.0,21.36
2426.0,19.879
1595.0,21.502
776.0,26.458
96.0,32.133
1357.0,33.889
924.0,31.375
929.0,27.089
1297.0,23.692
1606.0,22.94
1959.0,25.644
1820.0,27.996
1843.0,9.667
1731.0,13.022
1605.0,15.188
1855.0,15.651
1748.0,18.482
1148.0,24.48
792.0,30.467
400.0,33.92
875.0,34.679
1043.0,33.82
1044.0,32.947
1042.0,32.124
1018.0,30.447
1017.0,27.61
1032.0,24.614
1028.0,25.59
1030.0,30.401
1051.0,33.67
1054.0,33.391
1046.0,31.709
1026.0,31.223
1227.0,32.697
1164.0,34.65
1066.0,35.746
1056.0,34.702
1047.0,31.841
1063.0,28.308
1146.0,25.318
1413.0,24.216
1581.0,25.439
2118.0,28.733
2402.0,32.212
2507.0,33.309
1805.0,31.265
950.0,27.349
356.0,24.112
1222.0,24.209
858.0,26.524
1161.0,8.611
1193.0,13.539
1045.0,16.772
1053.0,16.766
1396.0,18.894
1771.0,24.673
1604.0,30.464
1778.0,34.053
1954.0,34.427
1165.0,33.569
631.0,32.6
980.0,31.138
1043.0,29.357
1040.0,27.438
1023.0,26.011
1019.0,27.973
1034.0,32.445
1045.0,34.922
1038.0,33.333
1027.0,31.228
1039.0,30.353
1057.0,32.324
1047.0,34.003
1035.0,33.999
1035.0,33.374
1029.0,31.744
1011.0,29.33
986.0,27.18
1022.0,26.58
1106.0,27.489
1376.0,29.783
1765.0,32.661
1977.0,33.313
2294.0,31.372
2444.0,27.715
2523.0,24.607
1694.0,23.811
871.0,25.39
138.0,8.06
1349.0,13.606
1515.0,17.101
898.0,17.427
435.0,19.053
534.0,23.912
995.0,31.659
1035.0,31.364
1005.0,30.413
1044.0,29.31
1064.0,27.754
1176.0,26.107
1281.0,25.488
1204.0,29.916
1358.0,28.355
1271.0,27.324
1061.0,26.898
1037.0,27.595
1051.0,29.683
1064.0,31.877
1066.0,32.794
1058.0,31.14
1058.0,27.482
1063.0,23.869
1032.0,9.233
1013.0,11.245
1053.0,8.934
1059.0,11.513
1065.0,15.11
1056.0,19.875
1040.0,8.966
1034.0,11.709
1039.0,15.643
1036.0,20.64
1038.0,23.732
1051.0,22.808
1064.0,8.979
1072.0,11.426
1164.0,15.468
1380.0,21.371
1898.0,24.734
2231.0,24.881
1535.0,23.938
830.0,23.85
102.0,24.377
982.0,25.625
1002.0,25.899
1086.0,26.243
1033.0,27.422
1022.0,16.586
966.0,18.258
958.0,18.664
1033.0,17.573
1059.0,17.057
1052.0,18.489
1060.0,20.718
1072.0,23.208
1209.0,23.463
1503.0,8.119
1209.0,10.708
1058.0,15.086
1071.0,21.607
1045.0,25.827
1054.0,26.639
1048.0,26.479
1042.0,27.202
1048.0,28.6
1039.0,29.749
1037.0,30.654
1034.0,31.08
1039.0,31.569
1050.0,31.592
1053.0,30.275
1045.0,28.479
1052.0,26.329
1051.0,24.401
1078.0,21.815
1065.0,19.072
1054.0,17.148
1044.0,16.904
1048.0,17.468
1058.0,18.345
1054.0,20.01
1051.0,22.042
1053.0,22.478
1081.0,21.298
1209.0,20.48
1098.0,21.622
731.0,24.02
936.0,26.359
916.0,27.172
964.0,26.573
1023.0,25.612
1029.0,24.395
1057.0,7.664
1053.0,10.026
1056.0,14.959
1055.0,21.835
1063.0,26.543
1063.0,28.159
1062.0,29.189
1025.0,30.616
1023.0,32.185
1063.0,33.506
1037.0,34.223
1039.0,34.465
1041.0,34.883
1047.0,33.682
1033.0,30.716
1022.0,28.465
1020.0,28.15
1019.0,27.321
1029.0,25.01
1042.0,22.575
1049.0,20.517
1028.0,19.816
1035.0,20.617
1044.0,21.319
1035.0,23.04
1021.0,25.189
1013.0,25.681
1012.0,24.434
1028.0,23.249
1035.0,24.136
1029.0,26.558
1027.0,29.076
1040.0,30.027
1035.0,29.93
1022.0,29.595
986.0,28.612
452.0,27.381
196.0,8.21
366.0,10.757
365.0,15.518
170.0,22.273
298.0,27.478
865.0,29.927
1036.0,31.809
1043.0,33.101
1036.0,34.342
1030.0,35.677
1023.0,36.371
1049.0,36.394
1042.0,35.832
1050.0,34.656
1035.0,31.691
835.0,29.693
880.0,29.473
705.0,28.941
230.0,27.115
398.0,24.789
967.0,22.708
1042.0,22.307
1047.0,22.9
1030.0,23.438
1035.0,24.693
1017.0,26.487
1023.0,27.135
1046.0,25.654
1045.0,24.987
1024.0,26.188
1021.0,28.697
1000.0,30.946
984.0,31.886
968.0,31.867
986.0,31.953
998.0,31.828
1013.0,31.402
892.0,31.021
521.0,9.182
22.0,11.522
24.0,16.077
26.0,23.001
31.0,27.815
40.0,30.188
69.0,32.217
366.0,33.598
812.0,34.983
992.0,36.355
1014.0,37.375
1008.0,36.972
1036.0,35.993
1035.0,34.419
956.0,31.863
535.0,30.264
125.0,29.942
16.0,29.558
1.0,27.904
18.0,25.65
82.0,23.989
183.0,24.015
170.0,24.364
95.0,24.683
83.0,25.365
79.0,26.502
81.0,26.634
131.0,25.746
305.0,25.579
767.0,27.093
1032.0,29.88
1029.0,32.331
1024.0,33.105
1020.0,33.09
1041.0,33.141
1041.0,33.385
913.0,33.498
620.0,34.406
120.0,33.761
136.0,9.629
168.0,11.522
234.0,15.877
249.0,21.981
304.0,26.476
275.0,28.771
177.0,31.391
414.0,33.215
351.0,34.933
202.0,36.348
93.0,37.241
109.0,36.725
59.0,35.543
34.0,33.74
7.0,31.369
9.0,30.342
27.0,30.547
44.0,29.825
42.0,27.96
24.0,26.029
86.0,24.784
63.0,24.608
30.0,24.99
30.0,25.178
25.0,25.245
71.0,25.59
32.0,25.179
20.0,24.649
24.0,24.887
68.0,27.149
390.0,30.264
746.0,33.567
735.0,34.648
650.0,34.177
568.0,33.799
586.0,33.66
399.0,34.687
76.0,36.916
109.0,37.398
194.0,9.561
166.0,11.023
32.0,14.445
36.0,19.153
83.0,22.476
76.0,25.342
49.0,28.824
54.0,31.985
206.0,34.915
311.0,36.862
222.0,37.73
129.0,37.449
499.0,36.323
244.0,34.227
452.0,31.424
313.0,30.725
156.0,31.553
151.0,31.023
339.0,28.703
393.0,26.477
183.0,24.463
8.0,24.26
354.0,24.547
744.0,24.784
629.0,25.031
548.0,24.732
441.0,24.216
544.0,23.648
456.0,24.231
512.0,26.679
779.0,30.746
560.0,34.629
153.0,36.317
5.0,35.485
19.0,34.407
9.0,33.942
21.0,35.555
19.0,38.751
12.0,39.82
8.0,34.601
8.0,9.226
9.0,10.166
6.0,12.212
19.0,14.833
7.0,17.765
10.0,21.195
10.0,25.776
8.0,30.509
15.0,35.6
28.0,38.219
14.0,38.958
7.0,38.86
9.0,38.113
7.0,35.819
6.0,32.385
4.0,31.194
16.0,32.424
10.0,32.155
2.0,29.906
7.0,26.604
13.0,24.096
11.0,23.695
20.0,24.142
3.0,24.635
8.0,25.104
183.0,24.748
484.0,23.852
264.0,23.337
568.0,24.256
158.0,27.336
438.0,31.721
364.0,36.209
510.0,37.825
223.0,37.04
326.0,35.627
363.0,34.959
309.0,36.212
181.0,39.358
39.0,40.888
83.0,36.107
1.0,8.933
15.0,9.477
3.0,10.64
17.0,12.227
30.0,14.889
34.0,19.161
23.0,24.011
19.0,29.315
25.0,35.589
20.0,39.365
6.0,40.428
5.0,40.316
3.0,39.982
24.0,37.395
176.0,33.255
370.0,31.466
476.0,32.898
131.0,32.83
392.0,30.609
138.0,27.254
236.0,24.797
186.0,24.342
170.0,25.142
106.0,26.354
85.0,26.534
300.0,25.586
198.0,24.086
386.0,23.006
62.0,24.273
231.0,28.126
397.0,32.762
207.0,37.117
15.0,38.775
26.0,37.857
37.0,36.208
37.0,34.955
35.0,35.813
46.0,38.391
279.0,40.007
728.0,36.357
990.0,8.86
1024.0,9.189
1007.0,10.093
936.0,11.011
705.0,14.283
352.0,19.167
66.0,24.231
22.0,29.666
23.0,34.97
21.0,38.813
16.0,40.228
11.0,40.884
11.0,40.978
34.0,38.569
89.0,33.967
77.0,32.422
33.0,33.581
51.0,33.603
110.0,31.255
377.0,28.319
708.0,25.861
615.0,26.497
520.0,28.08
577.0,29.808
429.0,30.033
443.0,27.696
423.0,24.641
26.0,22.817
106.0,24.101
228.0,28.354
425.0,33.639
759.0,38.229
1014.0,39.395
1028.0,38.038
1012.0,35.835
1026.0,33.898
1019.0,33.985
1014.0,36.232
1022.0,37.713
1022.0,35.006
1029.0,9.179
1005.0,9.666
554.0,10.029
111.0,11.692
9.0,14.942
1.0,20.255
16.0,25.361
18.0,29.721
25.0,33.75
67.0,36.422
179.0,38.627
396.0,40.234
680.0,41.371
935.0,39.106
1029.0,34.51
1028.0,33.214
1043.0,34.745
1047.0,35.431
1040.0,33.258
1034.0,29.988
1004.0,27.821
950.0,28.753
608.0,30.989
314.0,33.112
57.0,32.455
724.0,29.24
958.0,25.105
1060.0,22.521
1056.0,23.498
1039.0,28.093
1062.0,33.969
1319.0,38.819
1551.0,39.933
1263.0,38.062
1070.0,34.983
1037.0,32.616
1049.0,32.073
1055.0,33.944
1061.0,35.671
1050.0,33.405
651.0,9.495
63.0,10.208
43.0,11.265
396.0,12.916
754.0,16.754
948.0,22.137
1023.0,26.981
1039.0,30.118
1011.0,32.291
1032.0,34.282
1027.0,37.006
1037.0,39.651
1027.0,40.974
1023.0,38.904
992.0,34.65
995.0,33.866
1019.0,36.622
1019.0,38.085
1010.0,36.352
1012.0,32.892
970.0,30.555
402.0,31.549
10.0,33.842
1002.0,35.284
1037.0,34.108
1045.0,29.964
1049.0,25.355
1082.0,21.987
1138.0,22.52
1118.0,26.79
1151.0,33.221
1418.0,39.259
1593.0,40.541
1095.0,37.69
1018.0,34.05
1016.0,30.529
1036.0,29.715
1007.0,31.821
476.0,33.873
11.0,31.91
65.0,10.286
670.0,12.376
1020.0,13.881
1057.0,15.581
1061.0,19.327
1052.0,25.192
1057.0,30.108
1042.0,32.81
1079.0,33.853
1092.0,35.075
1081.0,37.301
1078.0,39.831
1075.0,40.74
1080.0,38.591
1051.0,34.67
1068.0,34.631
1093.0,38.772
1098.0,41.184
1092.0,39.969
1012.0,36.897
960.0,34.608
534.0,35.629
1040.0,37.732
1195.0,38.142
1325.0,36.27
1049.0,31.952
1035.0,26.971
1034.0,22.727
1038.0,22.107
1066.0,25.581
1050.0,32.1
1086.0,38.717
1559.0,40.418
1737.0,37.255
1941.0,32.973
1812.0,29.036
1032.0,27.994
400.0,30.337
663.0,32.638
972.0,30.819
1014.0,11.312
571.0,14.631
49.0,17.225
12.0,18.753
189.0,22.315
888.0,28.586
1017.0,33.844
1042.0,36.908
1051.0,37.815
1050.0,37.776
1053.0,39.153
1046.0,39.957
1117.0,39.964
1127.0,37.955
1026.0,34.846
1036.0,35.796
1061.0,40.524
1110.0,43.216
1077.0,42.202
1215.0,39.53
1492.0,38.02
2004.0,39.387
2174.0,41.157
1847.0,41.221
1147.0,39.518
690.0,35.243
95.0,30.603
1116.0,26.223
1365.0,24.859
873.0,27.122
850.0,32.402
1034.0,38.854
1046.0,40.703
997.0,37.679
1094.0,32.921
1040.0,28.629
1037.0,27.76
1079.0,30.145
1247.0,32.432
1813.0,11.74
1433.0,16.764
1807.0,20.253
1473.0,21.89
864.0,25.057
174.0,31.448
27.0,37.177
116.0,40.352
82.0,40.784
52.0,39.974
139.0,39.754
257.0,39.554
814.0,38.58
1023.0,36.684
1044.0,35.299
1048.0,37.324
1054.0,41.762
1052.0,43.516
1039.0,41.631
1126.0,39.509
1311.0,39.547
1538.0,42.201
1517.0,44.308
1642.0,44.428
2048.0,42.869
2158.0,39.162
2067.0,34.869
2183.0,31.267
2322.0,29.777
2200.0,30.921
2595.0,34.615
1884.0,38.885
964.0,40.277
325.0,37.638
1058.0,33.005
1060.0,28.982
329.0,28.758
1051.0,31.037
1235.0,32.495
1277.0,12.393
1782.0,18.69
2040.0,22.592
1549.0,23.163
1546.0,25.47
1959.0,31.462
1326.0,37.506
768.0,40.801
151.0,40.906
3.0,39.653
19.0,38.71
32.0,37.45
239.0,35.883
760.0,34.461
1039.0,34.099
1059.0,36.586
1055.0,40.884
1037.0,41.522
1043.0,38.973
1051.0,37.288
1042.0,38.525
1065.0,42.216
1262.0,44.795
1448.0,45.395
1489.0,44.043
1968.0,40.233
2317.0,36.423
2368.0,33.153
2205.0,31.293
2236.0,31.811
2285.0,34.254
2357.0,37.351
1980.0,38.226
1462.0,36.06
2333.0,32.206
2216.0,28.608
1095.0,28.311
350.0,30.127
1180.0,12.395
1228.0,18.466
1479.0,21.942
1762.0,21.873
1681.0,23.798
1645.0,29.479
1709.0,34.769
1442.0,38.017
1105.0,37.96
1079.0,36.938
753.0,35.529
157.0,34.506
86.0,32.602
600.0,31.391
978.0,30.87
1034.0,33.479
1034.0,37.396
1022.0,38.33
1026.0,35.554
1032.0,34.251
1034.0,35.844
1039.0,38.672
1042.0,40.839
1033.0,41.16
1067.0,39.81
1417.0,37.093
1544.0,34.447
1535.0,32.384
1612.0,31.12
1827.0,31.208
1747.0,32.888
1572.0,35.423
1627.0,36.2
1743.0,34.408
2029.0,30.732
2305.0,27.359
2067.0,26.61
2166.0,12.433
2056.0,17.574
1095.0,20.162
739.0,19.812
1448.0,21.266
894.0,25.788
921.0,30.822
855.0,33.501
1335.0,32.826
1523.0,30.88
1967.0,29.796
1864.0,29.231
1479.0,29.468
1648.0,30.708
2018.0,32.343
1275.0,32.913
566.0,31.57
301.0,28.457
925.0,12.021
1038.0,15.552
1044.0,17.398
1052.0,17.547
1041.0,19.05
1039.0,22.958
1050.0,27.088
1045.0,14.643
1043.0,15.403
1042.0,16.969
1025.0,9.034
1044.0,10.612
1344.0,12.952
1819.0,15.279
1644.0,9.077
1607.0,11.497
1471.0,15.001
1300.0,19.088
1260.0,20.066
1528.0,17.47
1929.0,9.505
2218.0,12.459
2281.0,16.792
2244.0,22.157
2183.0,24.493
1965.0,21.909
1060.0,19.583
466.0,10.603
1161.0,13.49
637.0,18.111
1002.0,23.709
1107.0,26.3
1083.0,24.931
1145.0,22.986
1581.0,22.719
1812.0,23.299
1409.0,24.066
1786.0,16.017
1699.0,17.515
921.0,18.545
299.0,18.626
638.0,18.708
1034.0,20.407
1058.0,23.037
1060.0,25.561
1048.0,11.63
1047.0,14.806
1048.0,19.382
1046.0,24.985
1050.0,27.518
1044.0,26.532
1029.0,24.975
1042.0,25.1
1121.0,26.317
1482.0,27.659
1608.0,28.062
2138.0,28.424
2266.0,29.59
2100.0,30.805
1714.0,30.62
1621.0,29.114
2006.0,26.424
2411.0,23.706
2464.0,20.77
2017.0,18.534
2204.0,17.239
1978.0,17.014
1069.0,17.272
693.0,17.746
629.0,18.7
1028.0,20.218
1314.0,21.025
1063.0,20.77
1069.0,20.585
1059.0,22.55
1076.0,25.685
1073.0,29.026
1078.0,29.682
1097.0,28.26
1481.0,26.854
1736.0,11.471
1483.0,15.122
2006.0,20.057
1288.0,25.893
731.0,28.506
847.0,27.843
1052.0,27.028
1067.0,27.727
1060.0,29.778
1052.0,31.298
1053.0,32.064
1045.0,32.712
1027.0,33.857
1046.0,34.465
1053.0,33.399
1049.0,31.791
1050.0,29.965
1054.0,27.831
1267.0,24.953
1909.0,22.318
2244.0,20.293
1947.0,19.754
1783.0,19.968
1802.0,20.435
1859.0,21.59
1952.0,23.264
2011.0,23.988
2422.0,23.362
2486.0,23.045
2511.0,24.768
1978.0,28.052
1008.0,31.848
468.0,33.037
965.0,32.596
971.0,31.542
973.0,29.734
996.0,10.45
976.0,14.435
1020.0,19.849
1028.0,25.993
1038.0,29.183
1019.0,29.602
1054.0,29.919
1082.0,30.965
1077.0,32.392
1076.0,33.955
1122.0,34.85
1248.0,35.524
1141.0,35.781
1056.0,35.322
1029.0,32.827
1071.0,30.843
1034.0,30.352
1054.0,29.2
1044.0,27.131
1048.0,24.43
1033.0,22.317
1013.0,21.78
1016.0,22.189
1047.0,22.649
1048.0,23.807
1046.0,25.655
1048.0,26.288
1041.0,25.632
1048.0,25.097
1059.0,26.513
1089.0,29.82
1096.0,33.517
1043.0,35.301
1041.0,35.467
1035.0,34.675
1043.0,34.155
1050.0,34.297
1120.0,9.952
1409.0,13.512
1933.0,18.905
1982.0,25.742
1265.0,29.932
854.0,31.349
113.0,32.517
921.0,33.44
981.0,34.567
1032.0,35.55
1075.0,36.512
1075.0,36.675
1074.0,36.661
1070.0,35.358
1042.0,32.463
1039.0,30.766
1045.0,30.678
1018.0,29.948
1038.0,27.98
1032.0,25.734
1034.0,23.735
1050.0,23.3
972.0,23.793
929.0,24.174
915.0,25.339
761.0,27.307
896.0,27.924
1034.0,26.791
1039.0,26.403
1047.0,28.045
1054.0,31.226
1064.0,35.039
1046.0,36.63
1055.0,36.916
1046.0,36.62
1051.0,36.879
1037.0,38.849
1024.0,41.704
1033.0,10.146
1036.0,13.175
1039.0,18.729
1065.0,25.825
1069.0,30.363
1075.0,32.456
1032.0,34.261
817.0,35.181
196.0,36.017
170.0,36.904
223.0,37.635
326.0,37.15
508.0,36.43
787.0,34.611
1012.0,32.218
1065.0,30.903
1062.0,30.977
1050.0,30.483
1021.0,28.81
1026.0,26.645
1041.0,24.752
1054.0,24.519
1053.0,24.807
1053.0,25.204
1015.0,26.049
587.0,27.903
19.0,28.226
4.0,27.31
403.0,27.246
999.0,29.207
1047.0,32.823
1036.0,36.673
1032.0,38.529
1030.0,38.604
1029.0,38.129
1037.0,38.63
1048.0,41.17
1054.0,45.01
1042.0,45.085
1013.0,10.224
978.0,12.683
987.0,17.659
972.0,24.165
991.0,28.884
1004.0,31.512
1027.0,34.36
877.0,36.338
267.0,37.584
15.0,38.375
24.0,38.867
35.0,38.212
41.0,36.802
43.0,34.508
48.0,32.241
215.0,31.331
601.0,31.831
917.0,31.505
1007.0,29.535
1013.0,27.459
1015.0,25.954
1017.0,25.603
965.0,25.927
653.0,25.973
297.0,26.616
59.0,27.436
18.0,27.391
4.0,26.681
7.0,26.868
73.0,29.513
217.0,33.817
234.0,38.947
208.0,41.018
259.0,40.596
316.0,39.463
369.0,38.833
466.0,41.653
805.0,46.411
1028.0,47.923
1042.0,42.234
1036.0,10.128
1029.0,11.897
1033.0,15.75
1048.0,20.908
1022.0,24.985
747.0,28.83
442.0,33.538
82.0,37.28
84.0,39.672
30.0,41.002
74.0,41.208
85.0,40.73
127.0,39.215
140.0,36.081
141.0,32.585
127.0,31.677
68.0,32.747
104.0,32.459
31.0,30.585
54.0,28.299
43.0,26.813
32.0,26.718
26.0,27.2
14.0,27.206
16.0,27.309
30.0,27.182
66.0,26.727
81.0,26.182
83.0,26.83
42.0,30.119
12.0,34.863
29.0,40.448
24.0,42.859
109.0,42.159
77.0,40.551
38.0,39.416
77.0,41.647
327.0,46.581
582.0,48.859
695.0,43.504
638.0,9.686
533.0,10.853
403.0,13.571
505.0,17.142
131.0,20.726
1.0,25.758
361.0,32.122
55.0,37.179
231.0,41.116
445.0,43.009
375.0,43.553
76.0,43.044
110.0,41.716
313.0,37.917
304.0,33.374
87.0,32.094
96.0,33.292
376.0,33.264
484.0,31.053
355.0,28.691
95.0,26.832
365.0,26.936
139.0,27.723
144.0,28.81
252.0,28.903
171.0,28.664
179.0,27.689
18.0,27.249
8.0,28.159
281.0,31.795
460.0,36.49
627.0,41.457
321.0,43.389
283.0,42.689
630.0,40.848
518.0,39.375
715.0,41.448
500.0,46.209
570.0,48.121
180.0,43.117
12.0,32.616
16.0,9.247
11.0,10.33
10.0,12.358
2.0,15.107
16.0,18.592
3.0,24.001
6.0,30.512
1.0,36.487
2.0,41.01
2.0,43.843
10.0,44.899
11.0,44.889
6.0,43.402
2.0,39.306
10.0,34.273
6.0,32.874
2.0,34.255
10.0,34.467
20.0,32.398
3.0,29.345
80.0,27.095
124.0,27.526
59.0,29.4
12.0,31.36
24.0,32.074
3.0,31.133
151.0,29.595
269.0,28.573
131.0,29.966
391.0,33.454
349.0,38.168
429.0,42.674
287.0,44.19
331.0,43.271
429.0,41.296
281.0,39.763
253.0,41.505
69.0,45.495
6.0,47.08
158.0,41.838
157.0,31.592
119.0,9.254
67.0,10.106
34.0,11.708
13.0,13.769
18.0,17.693
10.0,23.105
16.0,29.081
5.0,34.938
63.0,40.141
129.0,43.335
121.0,44.591
55.0,45.174
420.0,43.858
260.0,40.461
450.0,35.259
328.0,34.177
292.0,35.937
213.0,36.493
41.0,34.466
240.0,30.887
244.0,28.721
227.0,29.468
19.0,31.561
269.0,33.884
473.0,34.318
451.0,32.57
139.0,30.522
2.0,29.039
725.0,30.346
778.0,34.264
799.0,39.387
737.0,43.943
623.0,45.025
459.0,43.905
430.0,41.257
524.0,39.382
685.0,40.4
724.0,43.815
586.0,45.134
356.0,40.084
138.0,30.339
23.0,9.706
9.0,10.645
5.0,11.937
3.0,14.397
6.0,18.504
13.0,24.154
34.0,29.426
22.0,34.301
21.0,38.948
21.0,42.178
40.0,44.043
34.0,44.782
90.0,44.32
316.0,41.177
599.0,36.534
613.0,35.985
579.0,38.965
433.0,40.689
428.0,38.437
224.0,34.533
171.0,32.017
32.0,32.59
9.0,34.618
1023.0,36.183
1021.0,36.054
1029.0,33.17
1035.0,30.287
1066.0,28.458
1049.0,29.835
1034.0,34.822
1023.0,40.577
1006.0,45.392
1004.0,46.605
1013.0,44.784
998.0,41.77
1013.0,39.022
1033.0,39.02
878.0,41.082
465.0,42.133
116.0,37.793
28.0,28.962
16.0,10.514
14.0,12.225
16.0,14.181
16.0,16.786
31.0,21.171
236.0,26.917
635.0,31.826
956.0,35.617
1048.0,39.192
1030.0,42.44
1031.0,44.432
1036.0,46.026
1038.0,45.984
1033.0,42.904
1038.0,38.819
1004.0,39.012
669.0,42.626
396.0,44.871
189.0,43.373
31.0,39.58
976.0,36.699
1000.0,37.06
1063.0,38.723
1080.0,39.876
1070.0,38.299
1056.0,35.016
1072.0,30.792
1095.0,28.546
1093.0,29.636
1036.0,34.867
1036.0,41.284
1028.0,46.564
1040.0,47.905
1040.0,45.627
1036.0,42.149
1037.0,38.561
942.0,37.768
721.0,38.925
728.0,39.773
781.0,35.902
863.0,27.964
962.0,11.905
1022.0,15.278
1018.0,18.198
1015.0,21.041
1035.0,25.18
1048.0,31.176
1019.0,35.983
994.0,39.527
1006.0,42.041
1015.0,44.195
1036.0,46.153
1018.0,47.302
1007.0,47.37
998.0,45.467
1011.0,42.737
911.0,43.696
461.0,47.269
9.0,48.983
1038.0,47.335
1042.0,43.605
1051.0,41.245
1055.0,41.91
1090.0,43.263
1606.0,43.475
1984.0,41.73
1535.0,38.144
1451.0,33.404
1094.0,29.95
994.0,30.304
1015.0,34.791
1030.0,41.346
1047.0,47.34
1065.0,48.975
1056.0,46.516
842.0,42.289
665.0,38.155
980.0,36.399
1067.0,37.151
1056.0,38.148
1054.0,34.933
1056.0,13.44
1051.0,18.204
1039.0,22.068
1073.0,24.515
1091.0,28.703
1102.0,34.913
1096.0,40.382
1072.0,43.675
1064.0,44.642
1072.0,45.55
1081.0,46.727
1080.0,47.479
1082.0,47.848
1083.0,47.121
1009.0,45.995
837.0,48.184
223.0,51.926
1043.0,52.531
1027.0,49.252
1010.0,45.441
1057.0,43.884
1103.0,45.479
1181.0,46.99
1460.0,47.105
1593.0,45.194
1518.0,41.512
1474.0,37.028
1675.0,33.301
1860.0,32.511
1475.0,35.715
487.0,41.918
96.0,48.067
462.0,49.668
981.0,46.91
977.0,41.821
459.0,37.166
27.0,35.444
236.0,36.454
900.0,37.659
1029.0,34.727
1044.0,14.669
1048.0,20.594
1044.0,24.505
1052.0,26.141
1171.0,29.661
1590.0,36.067
1643.0,41.678
1676.0,44.847
1842.0,45.463
2199.0,45.109
2466.0,45.612
2443.0,45.901
2351.0,45.74
2445.0,45.745
2538.0,45.65
2575.0,48.159
1987.0,51.651
1150.0,51.754
648.0,48.331
50.0,45.21
1020.0,45.536
1171.0,47.818
1237.0,49.636
1135.0,49.838
1053.0,47.892
1042.0,43.943
1162.0,39.626
1100.0,36.006
1047.0,34.765
1232.0,37.201
1388.0,41.849
1795.0,47.425
1996.0,48.95
1612.0,45.912
1272.0,40.784
1778.0,35.729
1640.0,34.562
1093.0,36.146
852.0,36.883
151.0,16.407
6.0,22.787
18.0,26.143
45.0,26.32
53.0,28.87
65.0,34.681
30.0,40.53
283.0,43.404
922.0,43.726
1040.0,43.056
1050.0,42.817
1056.0,42.367
1043.0,41.797
1049.0,41.008
1070.0,41.103
1248.0,43.682
1544.0,47.785
1806.0,47.725
1937.0,44.664
1799.0,42.527
1685.0,44.476
1702.0,48.163
1591.0,50.915
1643.0,51.096
1554.0,48.884
1649.0,44.605
2430.0,39.634
2166.0,36.256
1058.0,34.695
316.0,35.811
1264.0,39.586
1430.0,43.9
483.0,45.299
1291.0,42.787
1765.0,37.841
1940.0,33.656
1739.0,32.886
1376.0,34.505
1401.0,34.845
1555.0,16.034
1106.0,21.861
859.0,24.835
246.0,24.366
36.0,26.541
13.0,32.253
10.0,38.097
16.0,41.224
41.0,41.482
282.0,40.146
928.0,38.844
1042.0,38.057
1053.0,36.876
1049.0,35.889
1051.0,35.909
1042.0,38.904
1020.0,43.071
999.0,43.595
1741.0,40.611
2129.0,39.652
1888.0,42.14
1731.0,46.577
1615.0,48.999
1682.0,49.118
1664.0,46.443
1561.0,42.304
1563.0,37.968
1717.0,35.156
1366.0,33.547
1443.0,34.258
2365.0,36.989
2130.0,40.208
1130.0,41.423
842.0,39.302
1088.0,35.26
392.0,31.583
633.0,30.839
1313.0,14.25
1689.0,19.569
1459.0,21.608
1358.0,21.14
1527.0,23.352
1668.0,29.182
1018.0,34.613
306.0,37.742
54.0,37.488
26.0,35.892
12.0,34.516
22.0,33.198
229.0,31.949
815.0,30.755
1031.0,30.904
1024.0,33.977
1026.0,38.0
1030.0,38.577
1036.0,36.483
1053.0,35.74
1051.0,37.938
1043.0,41.185
1054.0,42.509
1151.0,42.088
1783.0,39.966
2363.0,37.359
1850.0,34.879
1432.0,33.112
1325.0,32.209
1547.0,32.77
2302.0,34.336
1833.0,36.685
1436.0,37.649
1337.0,36.188
1970.0,32.697
2271.0,28.798
1346.0,12.661
1034.0,16.359
883.0,18.095
289.0,18.509
1444.0,21.063
1150.0,25.565
1274.0,30.712
1727.0,32.971
1821.0,33.395
1722.0,31.373
1973.0,30.503
1951.0,29.889
1116.0,30.543
307.0,31.28
52.0,32.622
18.0,33.253
111.0,11.643
719.0,14.202
1015.0,15.563
1040.0,16.195
1042.0,18.102
1032.0,21.921
1034.0,25.721
1035.0,28.765
1041.0,12.126
1057.0,14.681
1047.0,16.049
1040.0,16.065
1039.0,16.359
1066.0,18.337
1132.0,21.422
1829.0,8.984
2465.0,8.959
2065.0,10.433
1626.0,12.064
1807.0,13.408
1648.0,14.094
1295.0,9.228
1193.0,11.105
1286.0,13.675
1875.0,16.47
2381.0,17.38
1472.0,15.603
1042.0,14.014
784.0,9.433
80.0,12.123
1532.0,16.129
334.0,20.652
1026.0,21.725
700.0,18.517
584.0,16.202
1572.0,16.635
1528.0,9.946
1422.0,13.196
1429.0,18.015
1664.0,23.774
1302.0,25.498
375.0,23.172
41.0,20.64
319.0,20.568
984.0,21.418
1038.0,21.726
1050.0,17.659
1055.0,19.814
1045.0,22.434
1049.0,23.875
1052.0,24.864
1044.0,11.323
1033.0,14.521
1034.0,19.382
1035.0,25.21
1034.0,27.505
1053.0,25.703
1147.0,23.975
1874.0,24.043
2425.0,25.108
2077.0,25.765
1510.0,25.841
1326.0,26.289
1655.0,27.26
1907.0,28.564
2127.0,27.682
2189.0,25.814
2432.0,22.819
2398.0,20.509
1483.0,19.066
1027.0,18.316
929.0,17.636
419.0,17.087
906.0,17.376
858.0,18.613
93.0,19.948
395.0,21.883
1182.0,23.773
1747.0,25.353
1508.0,26.974
1322.0,28.888
1192.0,30.234
1455.0,29.574
1363.0,27.753
1010.0,12.591
604.0,16.28
263.0,21.205
864.0,26.487
1047.0,28.553
1061.0,26.864
1057.0,25.649
1055.0,26.028
1046.0,27.714
1033.0,29.1
1036.0,29.734
1039.0,30.314
1033.0,31.898
835.0,33.192
791.0,33.332
1047.0,32.327
1271.0,30.34
2179.0,27.2
2303.0,24.458
2106.0,22.669
2047.0,21.247
1674.0,20.382
1430.0,19.949
1468.0,20.251
1539.0,20.881
1493.0,22.272
1838.0,23.705
2426.0,25.347
1649.0,26.843
1042.0,28.781
797.0,31.204
102.0,33.328
986.0,33.568
1316.0,32.505
1085.0,32.131
881.0,31.785
1155.0,13.015
1835.0,17.25
2197.0,22.62
2056.0,28.007
1678.0,29.591
1298.0,28.111
1398.0,27.173
1909.0,27.924
1306.0,30.117
962.0,31.927
365.0,33.035
654.0,33.986
1045.0,35.312
1058.0,35.942
1061.0,35.311
1047.0,34.095
1042.0,32.646
1043.0,30.149
1049.0,27.255
1043.0,25.173
1053.0,23.335
1043.0,22.117
916.0,21.707
1014.0,21.858
2095.0,22.714
2098.0,24.103
1870.0,25.642
1681.0,26.936
1532.0,28.099
1375.0,30.126
1422.0,32.917
1591.0,35.648
1582.0,36.549
1377.0,36.823
1694.0,36.989
2398.0,36.9
1756.0,36.004
1052.0,12.71
816.0,17.406
212.0,23.187
1047.0,28.612
1111.0,30.762
1263.0,29.851
1206.0,30.075
1126.0,30.942
1108.0,32.647
1187.0,34.285
1548.0,35.359
1588.0,35.961
1421.0,37.124
1521.0,36.711
1472.0,34.601
1754.0,33.062
1496.0,32.558
691.0,30.889
387.0,28.508
1017.0,26.402
1068.0,24.808
1064.0,23.815
1042.0,23.488
1026.0,23.615
1028.0,24.565
1038.0,26.186
1042.0,27.621
1047.0,28.663
1039.0,29.593
965.0,31.393
929.0,34.617
1148.0,37.62
1249.0,39.39
1247.0,39.95
1303.0,40.294
1720.0,41.034
1976.0,42.35
1962.0,42.909
1985.0,12.59
1962.0,17.292
1839.0,23.521
2133.0,29.653
2569.0,32.392
2203.0,32.326
1134.0,32.989
794.0,33.798
702.0,34.95
1005.0,36.12
1000.0,36.761
977.0,37.502
984.0,37.474
1044.0,36.308
1062.0,33.823
1071.0,32.619
1081.0,32.306
1085.0,31.368
1116.0,29.222
1559.0,27.174
1962.0,25.559
1617.0,24.684
1485.0,24.468
1101.0,24.953
988.0,26.021
980.0,27.909
1016.0,29.202
1017.0,30.091
861.0,30.778
841.0,32.965
991.0,36.334
1046.0,39.916
1054.0,41.852
1040.0,42.625
1042.0,43.046
1044.0,44.247
1040.0,47.07
1053.0,50.006
1100.0,12.439
1770.0,16.874
2056.0,23.124
1892.0,29.808
1991.0,33.16
2159.0,34.057
2111.0,35.323
2108.0,36.446
2248.0,37.377
2317.0,38.462
2131.0,38.611
1739.0,38.689
1192.0,37.588
976.0,35.661
560.0,33.36
953.0,32.289
976.0,32.761
1042.0,32.054
1072.0,30.033
1092.0,28.043
1066.0,26.249
1054.0,25.346
1093.0,25.384
1098.0,25.793
1035.0,26.868
1013.0,28.733
1027.0,29.916
1052.0,30.562
1052.0,31.942
1062.0,34.383
1059.0,38.461
959.0,42.324
280.0,44.394
126.0,44.961
797.0,45.043
1042.0,45.675
1042.0,48.793
1046.0,52.961
1045.0,53.026
1061.0,11.888
1055.0,15.323
1072.0,21.019
1085.0,27.639
1076.0,31.814
1062.0,34.046
1059.0,36.768
1046.0,38.945
1067.0,40.565
1062.0,41.791
1062.0,42.136
1085.0,41.056
1041.0,39.478
997.0,36.197
562.0,33.139
12.0,32.532
1016.0,33.459
999.0,33.332
1005.0,31.53
1009.0,29.594
1053.0,27.445
1096.0,26.856
1068.0,26.945
1060.0,27.355
1051.0,28.222
1037.0,29.66
1017.0,30.183
1031.0,30.615
1038.0,32.033
1024.0,35.341
1038.0,40.005
1034.0,44.805
1043.0,47.095
795.0,47.046
205.0,46.039
589.0,45.764
1028.0,48.655
1045.0,53.503
1037.0,54.919
1030.0,49.361
1027.0,11.073
1026.0,13.459
1040.0,18.055
1043.0,23.717
1045.0,28.021
1028.0,32.762
980.0,37.681
970.0,41.19
1003.0,43.237
1026.0,44.496
1019.0,44.322
1026.0,43.624
1027.0,41.433
856.0,37.564
423.0,33.486
705.0,32.863
840.0,34.228
929.0,34.56
962.0,33.255
913.0,31.159
764.0,29.62
391.0,29.397
263.0,30.022
485.0,30.568
720.0,31.0
854.0,31.233
828.0,31.229
797.0,31.011
791.0,32.638
636.0,36.717
380.0,41.7
171.0,46.592
79.0,48.602
31.0,48.336
46.0,46.573
137.0,45.383
246.0,47.888
281.0,52.678
272.0,54.741
297.0,49.865
454.0,38.886
590.0,10.203
823.0,12.146
1002.0,15.475
1046.0,19.905
1035.0,24.542
1038.0,30.908
1036.0,38.404
1049.0,43.189
1023.0,44.978
803.0,46.056
620.0,46.152
332.0,45.744
40.0,43.33
92.0,39.119
190.0,34.313
276.0,33.576
271.0,35.575
202.0,36.288
102.0,34.659
55.0,32.587
55.0,31.298
62.0,32.088
56.0,33.327
39.0,34.267
50.0,34.723
45.0,33.889
49.0,32.935
10.0,32.621
19.0,34.543
49.0,38.624
82.0,43.694
47.0,48.156
20.0,50.134
102.0,49.31
147.0,47.298
130.0,45.586
71.0,47.564
38.0,51.936
274.0,53.132
163.0,47.894
101.0,37.211
124.0,9.855
302.0,11.608
444.0,14.611
487.0,18.757
419.0,23.486
499.0,30.377
527.0,38.691
482.0,43.46
68.0,45.85
590.0,46.989
651.0,47.805
622.0,47.434
123.0,45.49
328.0,41.008
695.0,35.739
561.0,35.076
124.0,37.704
109.0,38.797
389.0,37.052
366.0,34.271
170.0,32.309
29.0,33.031
242.0,34.988
208.0,36.877
232.0,37.327
40.0,36.232
74.0,34.915
72.0,34.329
15.0,36.115
57.0,40.107
72.0,45.292
80.0,49.961
29.0,51.603
9.0,50.567
158.0,48.368
476.0,46.323
592.0,47.651
411.0,51.54
203.0,52.173
427.0,46.11
78.0,35.213
55.0,10.122
18.0,12.221
3.0,15.26
2.0,19.284
3.0,24.086
8.0,30.772
7.0,37.876
9.0,42.914
7.0,46.152
3.0,48.104
14.0,49.159
15.0,48.829
18.0,47.094
10.0,42.426
5.0,37.69
5.0,37.298
4.0,40.803
6.0,42.26
10.0,40.244
5.0,36.442
9.0,34.186
6.0,34.923
3.0,37.009
3.0,39.182
7.0,39.524
17.0,38.318
801.0,37.005
684.0,36.331
169.0,38.168
49.0,42.374
184.0,47.625
85.0,52.612
33.0,53.945
18.0,52.606
919.0,49.92
855.0,47.297
671.0,48.089
441.0,50.86
240.0,50.936
255.0,44.134
414.0,33.207
360.0,10.964
494.0,13.414
142.0,16.665
9.0,20.577
977.0,25.804
972.0,31.954
1000.0,37.577
978.0,42.38
739.0,46.702
246.0,49.528
53.0,50.899
40.0,50.712
10.0,49.149
8.0,45.029
21.0,40.709
50.0,40.776
39.0,44.265
10.0,46.201
170.0,44.5
269.0,40.858
459.0,38.35
256.0,39.336
307.0,41.316
329.0,42.611
125.0,42.785
377.0,41.014
221.0,39.152
197.0,38.48
44.0,40.227
154.0,44.696
205.0,49.97
147.0,55.458
43.0,56.884
24.0,55.309
45.0,52.13
923.0,49.064
930.0,48.56
937.0,50.084
944.0,49.384
972.0,42.458
980.0,31.833
768.0,12.309
491.0,15.662
242.0,19.593
75.0,23.569
25.0,28.525
11.0,34.375
18.0,39.646
8.0,43.888
2.0,48.404
13.0,51.561
2.0,53.498
3.0,53.717
33.0,51.898
44.0,48.346
29.0,44.895
46.0,45.48
123.0,48.895
237.0,49.887
300.0,48.283
278.0,44.566
306.0,42.697
283.0,43.735
614.0,45.716
494.0,46.487
54.0,45.889
922.0,43.717
932.0,41.436
943.0,40.258
943.0,41.741
988.0,46.394
960.0,52.312
960.0,57.761
981.0,59.283
986.0,57.465
981.0,54.285
985.0,50.689
1001.0,48.683
1010.0,48.611
918.0,47.245
832.0,41.052
692.0,30.996
416.0,14.456
210.0,18.716
93.0,22.966
47.0,26.341
51.0,31.034
141.0,37.059
305.0,42.459
561.0,46.412
837.0,50.263
984.0,53.208
1036.0,54.551
1028.0,55.041
1009.0,53.575
1011.0,51.216
1011.0,49.356
1008.0,51.283
997.0,54.295
871.0,54.28
523.0,50.713
154.0,46.972
3.0,45.255
987.0,47.079
1018.0,48.723
1040.0,49.322
1059.0,48.23
1084.0,45.325
1023.0,42.163
1013.0,40.057
1035.0,41.631
1040.0,46.724
1042.0,53.066
1023.0,58.912
999.0,60.728
1003.0,58.728
1014.0,55.356
1000.0,50.919
1004.0,47.98
1006.0,46.699
1019.0,45.156
1010.0,40.029
986.0,31.313
925.0,16.31
975.0,21.377
1045.0,25.074
1027.0,27.773
1026.0,32.068
1043.0,38.422
1037.0,44.042
1010.0,47.963
1026.0,50.723
1045.0,52.598
1047.0,53.406
1043.0,53.77
992.0,52.801
974.0,51.942
999.0,51.578
964.0,54.372
582.0,57.211
90.0,56.182
1069.0,52.048
1069.0,48.142
1060.0,46.846
1036.0,48.694
1014.0,50.495
1177.0,50.795
1616.0,49.099
1516.0,46.347
1447.0,42.426
1303.0,40.295
1076.0,41.574
1055.0,47.104
1046.0,53.621
1051.0,59.486
1042.0,61.143
1045.0,58.969
1041.0,54.662
1042.0,49.9
1046.0,46.502
1068.0,45.193
1056.0,44.007
1053.0,39.134
1052.0,31.44
1051.0,17.307
1065.0,23.052
1075.0,25.939
1077.0,27.952
1095.0,31.463
1099.0,37.883
1077.0,43.648
1081.0,47.182
1127.0,48.608
1149.0,49.872
1106.0,50.11
1098.0,50.386
1058.0,50.687
1005.0,50.823
780.0,51.518
200.0,54.388
1061.0,57.461
1095.0,56.15
1249.0,51.908
1744.0,48.533
2120.0,48.29
1626.0,50.648
1342.0,52.106
1526.0,52.375
1505.0,50.363
1435.0,47.214
788.0,43.384
543.0,41.001
823.0,42.231
1024.0,46.959
1037.0,53.137
1028.0,58.929
964.0,60.598
963.0,57.886
1045.0,52.797
1065.0,47.527
1046.0,44.938
1050.0,44.097
1057.0,42.834
1064.0,38.694
1253.0,18.731
1650.0,24.524
1775.0,27.315
2020.0,27.524
2364.0,30.035
2532.0,36.116
2236.0,41.532
1726.0,45.057
2169.0,46.085
2338.0,45.789
2548.0,46.412
2600.0,46.447
1834.0,47.083
1090.0,47.878
768.0,48.493
103.0,51.457
1089.0,54.967
1591.0,53.878
2254.0,49.984
2230.0,47.249
2256.0,48.228
2046.0,51.712
1620.0,53.68
1325.0,53.909
1238.0,51.651
1370.0,47.384
1813.0,43.129
1533.0,39.821
1022.0,40.171
262.0,43.99
10.0,49.787
16.0,55.573
32.0,57.661
47.0,54.972
76.0,49.651
20.0,44.301
16.0,41.984
404.0,42.102
964.0,40.958
1006.0,17.813
837.0,23.722
475.0,25.806
889.0,25.513
1095.0,27.683
1148.0,33.661
1363.0,39.305
1570.0,42.692
1522.0,43.467
1544.0,43.089
1433.0,42.419
1498.0,42.134
1605.0,42.117
1569.0,42.522
1213.0,43.611
1512.0,46.906
2514.0,50.444
2228.0,50.194
1012.0,47.136
169.0,45.595
1369.0,48.077
1593.0,52.094
1926.0,54.311
1577.0,53.901
1305.0,50.931
1290.0,46.337
1462.0,41.524
1864.0,38.351
1405.0,38.332
1054.0,41.182
930.0,45.98
257.0,51.35
29.0,53.203
10.0,51.025
7.0,46.441
9.0,41.402
15.0,39.06
72.0,38.686
456.0,15.426
928.0,20.442
1048.0,22.52
1038.0,22.215
1046.0,25.013
1050.0,31.034
1040.0,36.823
1268.0,40.361
2103.0,40.821
1868.0,39.36
1491.0,38.151
1586.0,37.194
1689.0,36.107
1760.0,35.844
1819.0,36.687
1443.0,40.323
1248.0,44.456
1529.0,45.499
1603.0,43.827
1696.0,43.166
2417.0,46.346
2285.0,50.486
1201.0,52.318
782.0,51.454
147.0,48.194
1294.0,43.626
1536.0,39.478
921.0,37.442
1761.0,37.243
1681.0,39.654
1266.0,43.347
1485.0,47.165
1251.0,48.493
998.0,46.586
712.0,42.479
153.0,38.075
35.0,35.541
16.0,13.396
14.0,17.296
9.0,19.177
12.0,19.51
291.0,22.575
834.0,27.936
1046.0,33.17
1027.0,36.534
1023.0,36.907
1023.0,35.102
1041.0,33.412
1047.0,39.89
1043.0,41.748
1037.0,44.375
1116.0,45.667
1576.0,44.422
2330.0,41.808
2324.0,38.534
1974.0,36.108
1763.0,34.78
1429.0,35.051
1438.0,37.343
1666.0,39.747
1571.0,41.936
1729.0,42.817
2360.0,41.516
2020.0,37.612
1241.0,13.005
1019.0,16.266
855.0,18.054
112.0,18.362
1779.0,20.217
705.0,24.389
123.0,29.004
734.0,31.856
1714.0,32.285
1570.0,30.795
1525.0,32.505
1334.0,34.352
865.0,14.034
196.0,18.019
45.0,19.859
27.0,18.795
11.0,18.054
19.0,20.257
74.0,24.282
653.0,27.978
1012.0,28.146
1047.0,14.624
1031.0,18.635
1030.0,20.572
1032.0,18.701
1022.0,17.127
1043.0,17.997
1046.0,20.42
1045.0,14.507
1036.0,17.793
1052.0,19.906
1050.0,8.911
1085.0,10.388
1432.0,11.97
2158.0,12.953
2504.0,13.426
2512.0,8.979
2307.0,10.715
1969.0,12.37
1914.0,14.016
2387.0,14.505
2268.0,13.892
1371.0,13.862
1110.0,9.325
1028.0,11.371
942.0,14.182
525.0,16.855
1078.0,17.331
1056.0,15.605
1320.0,14.93
1614.0,15.989
1597.0,17.097
1444.0,9.794
872.0,12.552
191.0,17.179
53.0,21.509
28.0,22.226
20.0,18.942
150.0,17.11
788.0,17.741
1024.0,18.601
1043.0,18.947
1047.0,18.971
1036.0,10.563
1045.0,13.793
1048.0,19.046
1039.0,24.689
1041.0,26.078
1025.0,23.659
1023.0,21.545
1031.0,21.776
1036.0,22.884
1072.0,23.511
1090.0,23.189
1107.0,23.237
1204.0,24.552
1725.0,25.681
2411.0,25.533
2578.0,23.665
2501.0,21.252
2455.0,19.44
2543.0,18.995
1921.0,18.394
1185.0,17.375
1045.0,16.594
1016.0,17.075
975.0,18.423
406.0,19.846
1037.0,23.073
861.0,27.147
303.0,29.693
1242.0,30.356
1945.0,30.357
1721.0,29.898
1699.0,28.641
1153.0,12.065
311.0,15.608
47.0,20.406
29.0,26.069
357.0,27.905
975.0,25.695
1042.0,24.303
1051.0,24.354
1059.0,25.9
1048.0,26.798
1046.0,27.163
1037.0,27.787
1022.0,29.699
1040.0,31.328
1049.0,32.095
1048.0,31.336
1049.0,28.773
1061.0,25.931
1072.0,23.337
1090.0,22.384
1116.0,21.407
1133.0,20.209
1344.0,19.293
1932.0,19.575
2443.0,20.631
2559.0,22.05
2475.0,24.761
2524.0,28.306
2120.0,30.918
1254.0,32.377
1040.0,33.626
1002.0,34.208
974.0,33.348
757.0,31.492
1105.0,31.534
1165.0,12.954
821.0,16.985
60.0,22.363
98.0,27.694
418.0,28.689
1608.0,26.757
1473.0,25.468
1235.0,26.175
1569.0,27.803
1183.0,29.563
926.0,30.409
336.0,31.524
61.0,33.369
421.0,34.889
996.0,35.406
1055.0,34.578
1065.0,32.66
1050.0,29.312
1053.0,26.575
1044.0,24.982
1032.0,23.471
1033.0,22.22
1031.0,21.615
1040.0,21.334
1046.0,21.995
1059.0,23.521
1057.0,25.929
1078.0,28.948
1108.0,31.444
1196.0,33.714
1764.0,35.727
2345.0,37.372
2543.0,37.515
2303.0,37.244
1819.0,37.569
1776.0,37.594
2299.0,13.542
2398.0,17.93
1447.0,23.855
1070.0,28.807
1012.0,29.848
957.0,27.881
392.0,27.187
959.0,28.14
1168.0,30.342
74.0,32.079
586.0,33.182
1642.0,34.263
1650.0,35.709
1319.0,36.833
1215.0,36.574
1426.0,35.873
1796.0,34.112
1259.0,31.541
1046.0,28.578
787.0,27.055
283.0,25.166
766.0,23.734
1048.0,22.828
1065.0,22.707
1065.0,23.263
1052.0,24.66
1045.0,27.062
1041.0,29.753
1038.0,32.384
1032.0,34.958
1038.0,37.779
1037.0,40.255
1031.0,41.335
1052.0,42.043
1097.0,43.052
1554.0,43.603
2292.0,42.81
2310.0,13.527
2012.0,18.483
1730.0,24.58
1669.0,29.827
1537.0,31.211
1277.0,30.036
1521.0,30.011
2289.0,31.076
1850.0,32.829
1153.0,34.508
1025.0,35.493
975.0,36.313
508.0,37.446
1015.0,37.249
1105.0,35.601
1513.0,34.645
1811.0,33.584
1893.0,31.67
1871.0,29.351
1638.0,27.922
1406.0,26.331
1367.0,25.16
1573.0,24.383
1833.0,24.316
1978.0,24.778
1521.0,26.256
811.0,28.502
290.0,31.279
933.0,33.623
1061.0,36.554
1058.0,40.08
1041.0,43.498
1022.0,45.123
1024.0,45.931
1025.0,47.107
1024.0,48.476
1043.0,49.149
1046.0,48.232
1036.0,13.691
1118.0,19.079
2131.0,25.563
1929.0,31.411
1480.0,33.266
1585.0,32.789
1511.0,33.067
1473.0,34.551
1477.0,36.013
1534.0,37.407
1549.0,38.217
1377.0,38.6
1699.0,39.051
2438.0,37.648
1676.0,35.453
1048.0,34.265
826.0,33.68
87.0,32.271
1029.0,30.129
1069.0,28.386
1437.0,27.059
1108.0,25.859
1097.0,25.471
1197.0,25.292
1396.0,26.329
1729.0,28.097
2131.0,30.358
1902.0,32.749
1520.0,35.364
1459.0,38.636
1677.0,42.296
1614.0,45.972
1345.0,47.83
435.0,48.769
179.0,49.923
528.0,51.349
850.0,53.062
1047.0,54.405
1041.0,51.711
1042.0,14.574
1036.0,19.876
1028.0,26.75
1042.0,32.927
1047.0,35.209
911.0,35.392
681.0,36.661
1097.0,38.252
1132.0,40.155
1236.0,41.708
1481.0,41.939
1474.0,41.75
1538.0,40.663
1600.0,38.037
1706.0,35.078
1620.0,34.367
1499.0,34.53
2063.0,33.802
2628.0,31.689
2117.0,30.054
1097.0,28.026
715.0,26.701
104.0,26.444
1079.0,26.745
1060.0,28.038
1051.0,30.065
1055.0,32.118
1067.0,34.65
1078.0,37.687
1060.0,41.485
1339.0,45.269
1799.0,48.35
1554.0,49.968
1184.0,50.747
1033.0,51.822
1029.0,53.157
1026.0,54.996
1059.0,57.572
1049.0,56.599
1004.0,49.586
613.0,14.667
378.0,19.668
921.0,26.11
1044.0,32.356
1047.0,35.369
1050.0,36.888
1042.0,39.301
1055.0,42.007
1331.0,44.017
1988.0,45.242
2107.0,45.476
2332.0,44.819
2521.0,42.512
2576.0,38.405
2506.0,34.762
2453.0,34.291
2524.0,35.806
2443.0,35.918
2063.0,34.415
1457.0,32.357
1082.0,30.023
916.0,29.112
540.0,29.043
43.0,29.909
985.0,31.138
1002.0,32.673
1030.0,34.306
1046.0,36.095
1064.0,39.23
1092.0,43.982
1074.0,48.02
1026.0,51.112
1031.0,52.189
1032.0,52.399
1033.0,52.529
1037.0,53.006
1037.0,55.314
1035.0,58.208
1049.0,58.454
1050.0,52.464
1061.0,41.044
1054.0,13.287
1051.0,17.067
1049.0,22.625
1043.0,28.423
1043.0,33.012
1039.0,36.959
1056.0,41.873
1066.0,45.177
1066.0,46.4
1085.0,47.2
1087.0,47.176
1088.0,46.399
1064.0,43.888
1017.0,39.124
1047.0,35.032
1057.0,34.796
1076.0,37.557
1079.0,38.86
1065.0,37.655
1025.0,35.403
972.0,33.486
581.0,33.085
156.0,34.007
958.0,35.228
933.0,36.36
927.0,36.84
930.0,37.142
954.0,38.257
1021.0,41.136
990.0,45.995
1008.0,50.201
1039.0,53.669
1036.0,54.625
1005.0,54.531
999.0,53.71
1011.0,53.212
1017.0,54.871
1020.0,57.703
1015.0,58.306
1037.0,53.108
1037.0,41.864
1028.0,11.915
1031.0,14.643
1038.0,19.311
1027.0,24.827
1023.0,30.97
1018.0,37.422
1027.0,44.281
1033.0,47.857
1028.0,48.713
1032.0,48.7
1025.0,48.778
999.0,48.095
998.0,45.572
1014.0,40.893
1029.0,36.377
1012.0,36.671
1030.0,40.036
1038.0,41.716
921.0,40.813
339.0,38.779
21.0,37.435
951.0,37.925
926.0,39.331
929.0,40.526
925.0,40.74
933.0,40.347
941.0,40.017
987.0,40.396
918.0,43.385
484.0,48.449
93.0,52.862
97.0,56.538
138.0,57.472
155.0,56.871
269.0,55.639
273.0,54.69
166.0,55.288
202.0,57.185
158.0,57.166
109.0,51.816
64.0,41.192
66.0,29.339
71.0,11.219
89.0,14.461
160.0,19.452
340.0,25.224
564.0,31.685
782.0,39.256
962.0,46.903
1022.0,50.9
1042.0,51.362
1048.0,51.509
1040.0,51.717
1017.0,50.888
959.0,48.341
794.0,43.461
577.0,38.967
131.0,39.195
975.0,42.826
988.0,44.495
985.0,43.25
1005.0,40.96
1014.0,40.371
974.0,41.763
673.0,43.745
182.0,45.025
30.0,44.763
30.0,43.561
12.0,43.028
51.0,43.652
37.0,46.445
77.0,51.467
86.0,55.909
99.0,59.915
43.0,61.081
73.0,60.257
274.0,58.488
334.0,56.737
312.0,56.438
69.0,56.713
84.0,55.84
330.0,49.838
202.0,39.03
543.0,27.788
549.0,11.832
450.0,15.772
378.0,21.426
393.0,27.463
543.0,33.775
697.0,41.171
659.0,48.868
213.0,53.622
79.0,54.883
23.0,55.134
631.0,55.361
460.0,54.646
811.0,51.887
879.0,47.235
840.0,42.583
276.0,43.16
335.0,46.575
721.0,47.868
601.0,46.58
147.0,44.374
28.0,43.23
219.0,45.183
243.0,47.151
121.0,48.633
6.0,48.924
57.0,47.729
41.0,47.523
35.0,48.099
31.0,50.542
8.0,54.964
7.0,59.679
22.0,63.94
13.0,64.965
12.0,63.73
4.0,62.136
14.0,59.649
10.0,58.003
36.0,56.996
50.0,54.82
36.0,47.911
36.0,37.027
12.0,26.309
1.0,13.364
3.0,17.572
100.0,23.739
123.0,29.11
105.0,35.004
19.0,41.894
25.0,49.145
12.0,54.017
19.0,56.386
21.0,57.336
6.0,57.611
13.0,57.159
3.0,54.354
11.0,50.323
29.0,46.549
7.0,47.646
6.0,50.508
6.0,51.436
17.0,49.577
767.0,46.686
608.0,46.072
851.0,48.08
828.0,50.175
449.0,51.914
50.0,52.33
39.0,51.639
14.0,51.062
930.0,51.633
927.0,53.465
958.0,58.023
967.0,62.578
771.0,66.899
272.0,67.604
316.0,66.299
188.0,64.563
594.0,61.993
277.0,59.753
949.0,57.233
947.0,54.475
906.0,46.598
917.0,35.749
966.0,26.208
921.0,15.3
364.0,19.768
35.0,24.597
20.0,29.133
14.0,34.815
14.0,41.09
84.0,47.086
212.0,52.012
451.0,55.735
254.0,57.963
446.0,58.998
218.0,58.447
267.0,56.395
39.0,52.782
126.0,50.683
157.0,52.15
66.0,54.9
30.0,54.686
7.0,51.583
974.0,48.241
971.0,47.526
927.0,50.136
902.0,52.101
917.0,53.637
974.0,53.778
998.0,53.3
587.0,52.592
97.0,52.832
8.0,54.858
2.0,59.295
1.0,63.993
4.0,67.954
4.0,69.257
2.0,68.067
5.0,66.02
22.0,63.324
22.0,60.122
12.0,57.118
33.0,53.65
107.0,45.904
116.0,35.605
18.0,27.22
76.0,17.544
123.0,21.791
101.0,25.84
646.0,29.201
769.0,34.322
284.0,39.976
1018.0,46.013
1000.0,50.804
967.0,54.999
930.0,57.8
910.0,58.977
943.0,58.832
953.0,56.547
972.0,53.953
997.0,52.761
988.0,55.489
766.0,58.093
357.0,56.685
132.0,52.885
35.0,49.296
25.0,48.84
22.0,51.402
11.0,53.589
22.0,54.874
45.0,54.593
117.0,53.678
224.0,52.309
334.0,52.249
428.0,54.396
659.0,58.857
818.0,64.201
924.0,68.649
1020.0,69.898
1001.0,68.649
1002.0,66.463
1006.0,63.524
1026.0,59.796
992.0,55.937
745.0,52.253
500.0,44.841
341.0,35.515
18.0,17.932
8.0,22.727
1034.0,26.028
1027.0,28.425
1060.0,32.979
1065.0,39.522
1018.0,45.566
980.0,50.314
985.0,54.294
989.0,56.952
991.0,57.616
994.0,56.996
959.0,55.476
947.0,53.775
958.0,53.696
950.0,56.607
954.0,59.705
958.0,58.069
968.0,53.662
989.0,50.22
990.0,49.933
1011.0,52.342
1024.0,54.406
1028.0,55.29
1017.0,54.427
1004.0,53.216
995.0,51.65
1010.0,51.146
1010.0,53.59
1000.0,59.251
1020.0,64.843
1016.0,69.189
1006.0,70.459
981.0,69.026
936.0,66.444
954.0,62.683
978.0,58.7
655.0,54.776
157.0,50.624
15.0,43.814
1010.0,35.399
1013.0,18.292
1018.0,23.715
997.0,26.096
999.0,27.791
1064.0,32.144
1124.0,38.319
1224.0,44.03
1132.0,48.641
1071.0,51.836
1051.0,54.327
1043.0,55.117
1051.0,54.841
1049.0,53.707
1036.0,53.151
1035.0,53.724
1038.0,57.212
1041.0,59.937
1041.0,58.304
1063.0,54.211
1068.0,51.015
1070.0,51.405
1061.0,54.197
1054.0,56.017
1062.0,56.424
1071.0,55.234
1090.0,53.317
1094.0,51.179
1096.0,50.488
1101.0,53.341
1106.0,59.161
1105.0,64.747
1108.0,69.096
1097.0,70.359
1033.0,68.649
1001.0,65.125
851.0,60.707
214.0,57.039
963.0,53.391
962.0,49.594
989.0,43.234
1038.0,18.94
1359.0,24.975
1770.0,27.392
1552.0,27.933
1282.0,30.814
1352.0,36.566
1232.0,41.941
1050.0,46.041
1025.0,48.651
1051.0,50.478
1047.0,51.194
1048.0,51.398
1049.0,51.21
1034.0,51.721
1032.0,52.971
1046.0,56.662
1067.0,59.828
1049.0,58.018
1053.0,54.279
1061.0,51.917
1053.0,52.766
1092.0,56.201
1102.0,58.398
1137.0,58.381
1773.0,56.593
2453.0,53.525
2541.0,50.285
2411.0,48.977
2182.0,50.589
2277.0,55.876
2486.0,61.784
2653.0,66.765
2425.0,68.649
1384.0,66.857
890.0,62.62
346.0,57.535
1565.0,54.035
1664.0,51.39
1864.0,47.673
1825.0,42.195
1507.0,18.731
1324.0,24.517
1242.0,26.523
1224.0,26.164
1392.0,29.093
1393.0,34.724
535.0,39.925
50.0,43.662
60.0,45.522
181.0,46.271
201.0,46.634
161.0,46.676
123.0,47.312
157.0,48.482
334.0,50.434
515.0,54.426
836.0,57.944
1040.0,57.13
1041.0,54.302
1078.0,53.154
1412.0,54.897
1912.0,58.581
1914.0,60.447
1762.0,59.72
1520.0,57.184
1514.0,53.213
1642.0,49.222
1339.0,46.867
1248.0,47.469
1319.0,51.424
1201.0,57.081
1967.0,62.586
2622.0,64.903
1788.0,62.715
737.0,58.263
147.0,52.854
1971.0,49.353
666.0,47.129
704.0,43.812
1331.0,16.796
1590.0,22.287
1422.0,23.706
1505.0,23.698
1687.0,26.622
1322.0,32.403
1004.0,37.968
696.0,41.479
92.0,42.384
10.0,42.443
12.0,41.912
12.0,41.64
8.0,42.103
24.0,43.362
30.0,45.376
176.0,49.951
605.0,53.653
908.0,54.593
1040.0,53.246
1053.0,52.962
1039.0,55.081
1252.0,59.239
1537.0,61.191
1457.0,60.018
1536.0,56.126
1548.0,51.453
1350.0,47.634
1459.0,45.675
1296.0,45.683
1264.0,48.265
1167.0,52.859
1161.0,58.014
1330.0,59.911
2085.0,57.528
2593.0,52.833
2174.0,47.485
1113.0,43.827
848.0,15.477
146.0,19.791
681.0,21.406
1391.0,21.523
1314.0,24.368
1402.0,30.008
1780.0,35.106
1254.0,38.428
1017.0,39.007
978.0,37.915
456.0,36.996
50.0,35.765
18.0,35.488
11.0,35.823
11.0,37.593
6.0,46.924
19.0,49.097
96.0,48.419
770.0,48.447
1033.0,51.046
1053.0,55.68
1046.0,57.606
1052.0,56.314
1051.0,52.611
1043.0,48.521
1084.0,45.693
1502.0,43.907
2292.0,43.816
2564.0,45.464
2333.0,48.374
2151.0,51.897
1886.0,52.879
1893.0,51.255
2322.0,46.738
2286.0,41.161
2216.0,15.566
2419.0,19.45
2478.0,21.237
2083.0,20.786
1251.0,21.92
993.0,26.358
899.0,31.207
264.0,34.561
2147.0,35.07
2287.0,33.738
42.0,32.269
593.0,49.465
1517.0,47.91
1657.0,44.975
1258.0,43.091
1024.0,41.232
788.0,39.788
202.0,39.169
49.0,39.921
33.0,41.541
19.0,43.477
25.0,44.112
18.0,16.249
51.0,20.589
539.0,22.426
999.0,20.857
1038.0,19.984
1034.0,22.118
1025.0,26.811
1027.0,30.48
1038.0,31.382
1036.0,29.681
1040.0,16.23
1046.0,20.113
1064.0,21.919
1080.0,19.988
1112.0,18.197
1445.0,19.666
1957.0,22.308
2264.0,25.214
2208.0,26.208
1699.0,15.194
1280.0,18.417
1274.0,20.309
1383.0,18.353
1227.0,17.198
1128.0,17.596
1089.0,19.62
997.0,14.515
972.0,18.414
535.0,8.388
1164.0,9.973
45.0,11.066
213.0,8.529
1125.0,10.283
1602.0,11.766
1378.0,13.137
913.0,13.833
228.0,13.706
49.0,14.053
40.0,8.815
27.0,10.743
17.0,12.395
32.0,14.045
214.0,14.724
895.0,14.288
1040.0,14.867
1053.0,16.401
1045.0,17.525
1032.0,17.635
1029.0,17.454
1031.0,9.388
1045.0,11.724
1048.0,14.594
1050.0,16.713
1040.0,17.04
1043.0,15.878
1060.0,16.01
1070.0,17.382
1078.0,18.706
1089.0,18.806
1114.0,18.593
1116.0,18.388
1100.0,19.386
1118.0,9.919
1129.0,13.145
1077.0,17.583
1104.0,21.625
1104.0,21.74
1090.0,19.188
1029.0,18.215
974.0,19.022
923.0,20.251
316.0,20.722
690.0,20.766
988.0,20.958
1283.0,21.948
1580.0,23.828
1558.0,25.318
1308.0,24.538
387.0,21.888
54.0,19.475
42.0,18.488
33.0,18.837
20.0,18.746
232.0,17.758
875.0,16.989
1038.0,17.635
1058.0,18.933
1057.0,20.338
1054.0,22.832
1051.0,26.428
1044.0,29.104
1038.0,29.778
1043.0,11.208
1047.0,14.727
1041.0,20.054
1044.0,25.305
1063.0,26.253
1067.0,23.83
1079.0,22.079
1088.0,22.651
1098.0,23.707
1092.0,24.236
1096.0,25.045
1155.0,25.508
1085.0,27.62
1083.0,30.209
1081.0,31.562
1080.0,30.432
1092.0,27.476
1036.0,24.575
1008.0,22.468
971.0,21.915
887.0,21.211
392.0,20.029
1042.0,19.128
1000.0,19.638
532.0,20.671
752.0,22.381
1838.0,25.956
1682.0,30.224
1069.0,33.53
371.0,34.848
42.0,35.547
35.0,35.1
48.0,33.828
472.0,12.61
1009.0,16.479
1043.0,21.773
1049.0,27.142
1058.0,28.298
1059.0,26.205
1052.0,24.649
1049.0,25.025
1038.0,26.321
1028.0,27.447
1032.0,27.873
1038.0,29.387
1046.0,31.976
1053.0,34.638
1067.0,36.092
1080.0,35.091
1084.0,32.033
1087.0,28.369
1098.0,25.543
1107.0,24.61
1204.0,23.461
1467.0,22.195
1605.0,21.182
1273.0,21.343
1103.0,22.221
1099.0,23.978
1038.0,27.536
1009.0,32.127
955.0,35.694
866.0,37.854
338.0,39.383
2083.0,40.21
1718.0,39.616
85.0,38.371
224.0,38.44
105.0,13.454
564.0,17.835
1612.0,23.53
1715.0,28.542
1206.0,29.305
870.0,26.814
276.0,25.723
58.0,26.443
38.0,28.454
180.0,29.998
777.0,30.905
1044.0,32.573
1068.0,34.931
1061.0,37.445
1057.0,38.665
1052.0,37.658
1048.0,34.585
1033.0,31.295
1039.0,28.304
1045.0,26.832
1040.0,25.381
1043.0,24.05
1057.0,22.962
1083.0,22.784
1088.0,23.384
1084.0,25.199
1110.0,28.24
1115.0,32.696
1115.0,36.183
1111.0,39.32
1106.0,41.971
1303.0,43.805
1236.0,44.47
1103.0,44.541
1093.0,45.214
1015.0,45.043
1002.0,13.473
965.0,18.338
892.0,24.456
431.0,29.558
2161.0,30.006
166.0,28.276
49.0,27.537
265.0,28.581
1218.0,30.585
1701.0,32.251
1658.0,33.302
1679.0,34.852
1137.0,37.023
1016.0,38.531
783.0,39.033
241.0,37.764
99.0,35.177
690.0,32.268
1043.0,29.678
1061.0,28.184
1067.0,26.901
1054.0,25.64
1050.0,24.383
1050.0,24.177
1044.0,24.393
1040.0,25.966
1032.0,28.63
1023.0,32.551
1035.0,36.257
1039.0,40.273
1056.0,43.825
1083.0,46.864
1129.0,48.435
1359.0,49.325
1672.0,50.327
1791.0,50.627
1691.0,48.97
1754.0,13.395
2132.0,18.539
2215.0,25.046
1603.0,30.433
1158.0,31.417
1084.0,29.971
1027.0,30.054
994.0,31.654
748.0,33.82
358.0,35.178
1133.0,35.99
1790.0,37.036
729.0,38.701
1045.0,38.942
1015.0,37.804
825.0,36.426
999.0,34.904
1542.0,32.579
1581.0,30.273
1678.0,29.045
1763.0,27.995
1189.0,27.156
1028.0,25.954
530.0,25.334
287.0,25.794
887.0,27.314
1040.0,29.957
1059.0,33.584
1047.0,37.465
1035.0,42.095
1035.0,46.136
1040.0,49.792
1031.0,51.304
1034.0,52.302
1045.0,53.611
1039.0,54.893
1060.0,54.402
1155.0,52.417
1868.0,13.798
2326.0,19.221
2113.0,26.01
1991.0,31.771
2087.0,33.287
2087.0,32.782
1946.0,33.62
1653.0,35.748
1928.0,38.529
2348.0,39.883
1611.0,40.509
1123.0,41.009
1023.0,41.677
986.0,40.434
498.0,37.664
77.0,36.602
1308.0,35.703
2108.0,33.946
204.0,31.783
159.0,30.525
115.0,28.857
106.0,27.751
245.0,27.04
848.0,26.868
1425.0,27.664
1445.0,29.543
1243.0,32.492
1286.0,36.121
1642.0,40.113
1305.0,44.807
303.0,49.007
57.0,51.767
267.0,53.154
778.0,54.338
1041.0,55.814
1049.0,57.015
1046.0,58.238
1029.0,57.936
1014.0,54.744
1021.0,47.068
1042.0,15.351
1043.0,20.96
1346.0,28.185
2038.0,33.959
1573.0,35.903
1360.0,36.193
1337.0,37.982
1355.0,40.904
1346.0,43.822
1447.0,45.334
1479.0,45.355
1675.0,45.182
1365.0,44.118
1812.0,41.635
2557.0,38.174
1957.0,37.022
1087.0,37.269
950.0,36.83
431.0,35.051
1201.0,32.64
1434.0,31.059
1364.0,29.949
1359.0,29.426
1514.0,30.172
1445.0,31.404
1529.0,33.743
1702.0,36.145
1833.0,39.222
1739.0,43.098
1675.0,48.068
1643.0,51.669
1291.0,53.904
769.0,54.91
740.0,55.712
816.0,56.77
555.0,58.161
211.0,59.644
425.0,60.771
915.0,59.166
1046.0,52.146
1046.0,16.731
1046.0,22.624
1048.0,29.758
1042.0,36.088
977.0,38.723
1078.0,40.112
1123.0,43.067
1260.0,45.629
1391.0,47.628
1414.0,48.691
1535.0,48.997
1346.0,48.288
1390.0,45.962
1462.0,41.68
1374.0,37.761
2298.0,37.571
2640.0,39.642
1829.0,40.454
1055.0,39.097
727.0,36.655
80.0,34.413
1049.0,33.756
1021.0,34.266
989.0,35.421
994.0,37.116
995.0,38.982
1013.0,40.692
1007.0,42.766
1042.0,46.4
1075.0,50.747
1129.0,54.298
1080.0,56.372
1046.0,57.114
1049.0,57.158
1038.0,57.71
1048.0,58.47
1042.0,59.963
1045.0,61.765
1055.0,60.709
1052.0,54.044
1027.0,42.36
1035.0,16.605
1044.0,22.063
1052.0,29.311
1053.0,36.04
1067.0,40.029
1093.0,43.618
1313.0,47.601
1551.0,50.104
1957.0,50.746
2150.0,51.132
1571.0,51.432
2069.0,50.405
2557.0,47.672
2537.0,42.728
2259.0,38.8
1778.0,39.007
1200.0,42.397
1021.0,44.649
898.0,43.339
514.0,40.786
21.0,39.186
1081.0,39.515
1075.0,40.66
1063.0,42.516
1056.0,43.815
1065.0,44.883
1083.0,45.787
1001.0,47.006
994.0,49.54
1002.0,54.01
980.0,57.592
1022.0,60.246
1015.0,61.086
1019.0,60.594
1015.0,59.779
1023.0,60.016
1020.0,60.529
1048.0,62.313
1060.0,61.055
1070.0,54.919
1067.0,43.815
1054.0,31.598
1046.0,15.339
1045.0,20.689
1045.0,27.869
1061.0,35.078
1063.0,41.213
1071.0,46.971
1073.0,52.268
1073.0,54.548
1080.0,54.513
1101.0,54.137
1100.0,54.324
1082.0,52.956
1080.0,50.175
1058.0,45.352
1021.0,41.16
1040.0,41.673
782.0,45.136
190.0,47.126
2.0,46.455
1023.0,44.526
1034.0,44.198
1058.0,46.302
1032.0,48.32
989.0,49.66
981.0,50.3
938.0,50.89
929.0,51.13
974.0,51.593
1033.0,53.828
953.0,57.778
893.0,61.503
891.0,64.602
873.0,65.215
927.0,64.581
977.0,63.444
1008.0,62.379
1014.0,61.775
1015.0,61.746
1020.0,60.442
1034.0,54.706
1035.0,43.815
1034.0,31.795
1028.0,14.848
1022.0,19.891
1016.0,27.859
1034.0,35.579
1031.0,43.006
1025.0,50.038
1011.0,56.26
1020.0,58.942
1002.0,58.667
961.0,58.132
965.0,57.916
1022.0,56.861
934.0,53.695
559.0,48.877
241.0,44.806
11.0,45.469
963.0,48.386
951.0,49.957
956.0,49.097
952.0,48.264
926.0,49.407
900.0,52.974
930.0,55.316
961.0,55.967
951.0,55.921
432.0,56.124
44.0,56.36
1.0,56.839
14.0,58.456
65.0,62.014
74.0,65.354
55.0,68.649
67.0,69.533
200.0,68.401
419.0,67.25
556.0,65.365
771.0,63.395
913.0,61.562
992.0,59.288
999.0,53.605
924.0,43.334
791.0,31.836
597.0,15.359
466.0,20.985
473.0,28.398
36.0,36.231
933.0,43.464
925.0,50.722
925.0,57.442
914.0,60.918
921.0,61.18
946.0,60.574
1007.0,60.123
860.0,58.947
273.0,56.343
36.0,51.753
44.0,48.294
71.0,48.975
71.0,51.783
151.0,52.785
40.0,51.551
202.0,50.703
424.0,52.33
508.0,56.411
254.0,58.958
35.0,59.502
419.0,59.587
715.0,59.406
717.0,59.415
324.0,59.962
66.0,61.499
587.0,64.347
439.0,67.787
438.0,71.141
793.0,71.65
814.0,70.685
498.0,69.488
123.0,67.362
156.0,64.382
15.0,61.645
11.0,58.574
8.0,52.452
989.0,42.619
974.0,32.371
987.0,17.151
979.0,22.506
1003.0,29.486
981.0,35.438
902.0,41.866
204.0,49.005
179.0,56.919
492.0,60.69
324.0,61.733
7.0,61.406
10.0,61.241
18.0,60.212
3.0,57.697
2.0,54.063
7.0,51.571
6.0,53.521
8.0,55.964
373.0,55.476
146.0,53.051
532.0,51.325
632.0,52.317
340.0,56.234
43.0,59.266
40.0,60.175
22.0,61.138
17.0,61.227
17.0,61.324
11.0,62.076
3.0,63.302
8.0,65.94
3.0,68.828
11.0,72.159
10.0,72.663
920.0,72.029
943.0,70.603
820.0,68.649
170.0,65.45
242.0,62.092
229.0,58.207
43.0,51.736
2.0,42.184
888.0,33.571
899.0,18.252
927.0,23.457
966.0,28.876
979.0,33.793
609.0,39.375
334.0,46.536
184.0,54.154
523.0,58.913
241.0,60.905
217.0,61.19
181.0,61.7
1037.0,60.841
993.0,58.052
921.0,54.984
905.0,53.769
920.0,56.224
953.0,58.776
842.0,57.342
262.0,53.812
34.0,51.539
21.0,52.088
27.0,55.654
137.0,58.881
246.0,60.448
83.0,61.461
231.0,62.119
479.0,62.155
323.0,62.81
415.0,64.12
125.0,66.327
191.0,69.066
48.0,72.571
88.0,73.011
61.0,72.312
10.0,71.412
1094.0,68.937
1062.0,65.751
977.0,61.647
925.0,58.063
919.0,50.832
923.0,41.34
974.0,33.718
928.0,18.755
345.0,23.442
22.0,27.248
4.0,30.898
5.0,36.018
17.0,43.273
4.0,50.4
2.0,56.09
2.0,59.107
7.0,60.823
38.0,61.279
129.0,60.278
139.0,57.83
16.0,55.055
150.0,54.667
301.0,58.119
220.0,60.482
593.0,58.826
440.0,54.975
210.0,51.754
3.0,52.552
4.0,56.154
1170.0,59.28
1095.0,60.767
1028.0,61.66
934.0,62.574
933.0,63.105
956.0,63.242
946.0,64.218
978.0,66.472
1010.0,69.532
844.0,72.251
390.0,72.691
105.0,72.22
27.0,70.851
19.0,68.649
18.0,65.818
15.0,61.787
1.0,57.2
4.0,49.711
34.0,40.031
134.0,32.991
273.0,18.146
488.0,22.858
704.0,25.736
844.0,28.348
919.0,33.647
928.0,40.627
981.0,47.426
1020.0,53.259
984.0,57.384
775.0,59.561
577.0,60.095
565.0,58.991
128.0,56.876
18.0,55.187
996.0,55.096
1019.0,58.955
1063.0,61.73
1052.0,60.162
983.0,56.119
955.0,53.779
964.0,53.945
953.0,57.824
934.0,60.232
931.0,61.458
937.0,61.782
971.0,62.744
961.0,63.289
879.0,63.386
920.0,64.527
950.0,66.776
958.0,69.809
983.0,72.327
1004.0,73.116
1007.0,71.985
997.0,70.882
987.0,68.649
963.0,65.79
923.0,62.137
934.0,57.375
956.0,49.123
961.0,39.831
949.0,33.093
952.0,18.441
946.0,23.359
938.0,25.828
934.0,27.808
933.0,32.325
959.0,38.553
778.0,44.409
190.0,49.776
1128.0,54.175
1153.0,56.752
1094.0,57.87
1078.0,57.423
1065.0,55.949
1014.0,54.74
1058.0,55.235
1068.0,59.681
1067.0,62.724
1047.0,61.136
1040.0,57.922
1040.0,55.597
1029.0,56.482
1022.0,59.77
1010.0,62.1
999.0,62.439
1004.0,62.304
1014.0,62.797
1021.0,62.582
1036.0,63.001
1046.0,64.732
1055.0,67.429
1055.0,70.066
1048.0,72.59
1046.0,73.338
1063.0,72.459
1082.0,70.848
1078.0,68.133
1091.0,65.268
1103.0,61.962
1110.0,57.267
1097.0,48.999
1062.0,40.216
985.0,19.828
968.0,25.219
945.0,27.117
507.0,28.239
47.0,31.383
1782.0,37.412
1745.0,42.599
1769.0,47.254
1732.0,50.771
1751.0,53.926
1825.0,55.405
1639.0,55.334
1498.0,54.339
1214.0,53.91
1073.0,55.316
1037.0,60.076
1047.0,63.345
1060.0,62.691
1055.0,59.61
1040.0,58.392
1039.0,59.239
1037.0,62.416
1046.0,64.805
1044.0,65.119
1058.0,63.768
1067.0,62.534
1066.0,61.187
1059.0,60.644
1048.0,62.289
1058.0,65.955
1082.0,69.45
1123.0,71.808
1583.0,72.656
2394.0,71.848
2642.0,69.674
2631.0,66.124
2603.0,63.377
2563.0,59.694
2679.0,54.919
2512.0,47.921
1781.0,20.22
1021.0,25.682
342.0,27.504
13.0,27.379
771.0,30.467
1037.0,35.752
1439.0,41.014
1785.0,45.1
1620.0,48.257
1474.0,50.557
1370.0,51.802
1320.0,52.018
1342.0,51.869
1032.0,52.47
306.0,54.527
402.0,59.477
793.0,63.295
958.0,63.232
954.0,61.365
933.0,60.772
886.0,62.684
862.0,65.355
907.0,67.2
959.0,66.86
1030.0,64.491
1046.0,61.767
1050.0,59.421
1024.0,57.781
852.0,58.779
972.0,62.337
1252.0,66.267
1867.0,69.438
1759.0,70.65
1586.0,69.875
1424.0,66.859
1371.0,62.738
1335.0,59.346
1359.0,54.934
1437.0,50.481
2304.0,19.537
2345.0,24.671
1137.0,26.128
349.0,25.653
51.0,28.225
55.0,33.78
116.0,39.356
520.0,42.997
1290.0,45.234
1456.0,46.473
1352.0,47.13
1435.0,47.346
1544.0,47.859
1138.0,49.394
284.0,52.561
22.0,57.68
21.0,62.386
17.0,63.059
24.0,62.227
38.0,61.976
21.0,64.034
20.0,67.061
36.0,68.649
377.0,67.458
908.0,63.733
1038.0,59.782
769.0,56.694
916.0,54.706
1270.0,55.093
1638.0,57.261
1658.0,61.443
1583.0,65.631
1444.0,67.176
1507.0,65.61
1475.0,61.863
1387.0,57.209
1172.0,52.958
1133.0,48.732
1584.0,18.635
2401.0,23.509
2567.0,24.59
1561.0,23.6
872.0,26.123
384.0,31.492
17.0,36.777
1081.0,40.473
733.0,41.492
366.0,41.944
481.0,42.032
1360.0,42.099
1658.0,42.694
1713.0,44.31
1295.0,47.256
1020.0,53.054
567.0,57.709
60.0,59.744
22.0,59.872
24.0,60.047
12.0,62.418
16.0,66.004
35.0,67.71
181.0,65.726
811.0,61.655
1020.0,57.303
1025.0,53.911
1049.0,52.106
1051.0,51.685
1045.0,53.206
1134.0,56.125
1537.0,59.778
1513.0,61.435
1471.0,59.159
1299.0,54.573
1429.0,49.018
1798.0,44.937
2116.0,18.069
2328.0,22.389
2262.0,23.562
2322.0,22.505
2233.0,23.863
1945.0,27.879
1427.0,32.977
1035.0,36.637
997.0,37.746
771.0,37.057
90.0,36.772
60.0,35.982
572.0,35.74
1444.0,36.998
1419.0,39.869
1580.0,51.012
1117.0,53.205
1004.0,53.401
758.0,53.89
148.0,55.769
31.0,58.997
17.0,60.493
17.0,59.166
16.0,55.589
17.0,52.417
46.0,49.871
294.0,48.508
944.0,47.625
1025.0,47.837
1033.0,49.381
1025.0,51.021
1040.0,51.429
1037.0,49.635
1049.0,45.875
1049.0,17.406
1086.0,21.618
1234.0,22.802
1637.0,20.979
2156.0,20.717
2318.0,23.504
2201.0,28.506
1610.0,32.669
1142.0,34.094
1073.0,33.134
1097.0,31.46
1122.0,29.882
1126.0,44.781
1105.0,43.213
1061.0,41.816
991.0,40.456
972.0,39.92
724.0,16.754
129.0,20.464
2375.0,21.825
1.0,19.989
72.0,19.006
815.0,20.818
1680.0,24.304
1166.0,28.167
1028.0,29.271
555.0,29.104
74.0,27.321
41.0,15.714
26.0,19.038
26.0,20.283
26.0,18.674
33.0,17.469
214.0,18.637
810.0,21.385
1033.0,23.818
1046.0,24.875
1038.0,23.739
1038.0,14.595
1040.0,17.11
1043.0,18.353
1038.0,16.964
1042.0,16.326
1049.0,16.929
1051.0,19.062
1051.0,8.436
1055.0,9.713
1076.0,10.926
1088.0,12.117
1086.0,13.363
1103.0,14.195
1076.0,8.591
1062.0,10.099
1051.0,11.673
1058.0,13.268
1099.0,14.662
1099.0,15.168
1072.0,15.636
1036.0,17.029
977.0,17.767
913.0,17.798
454.0,17.557
21.0,8.638
65.0,10.623
531.0,12.515
1528.0,14.276
1383.0,15.418
714.0,15.591
110.0,16.23
37.0,18.084
37.0,19.244
31.0,19.255
16.0,18.841
38.0,19.147
307.0,20.409
959.0,22.636
1048.0,24.737
1054.0,24.142
1048.0,9.217
1050.0,11.627
1049.0,14.525
1039.0,16.814
1036.0,17.221
1037.0,16.782
1045.0,17.167
1036.0,18.689
1048.0,19.99
1050.0,20.119
1057.0,20.03
1066.0,20.66
1085.0,22.471
1079.0,25.044
1065.0,27.234
1030.0,26.369
1019.0,22.842
1036.0,19.977
1007.0,19.178
1023.0,19.819
1082.0,20.03
1072.0,19.529
1050.0,18.625
977.0,18.797
969.0,19.957
438.0,21.513
224.0,23.523
670.0,10.221
1082.0,13.547
1664.0,18.074
1811.0,21.351
1144.0,21.705
195.0,19.621
27.0,19.201
40.0,20.2
33.0,21.486
20.0,21.599
255.0,22.068
900.0,23.051
1038.0,25.006
1055.0,28.373
1045.0,30.732
1046.0,29.337
1057.0,25.746
1057.0,22.631
1044.0,21.568
1054.0,21.843
1047.0,22.374
1043.0,21.649
1034.0,20.93
1048.0,21.282
1058.0,22.779
1070.0,24.648
1077.0,27.355
1080.0,30.919
1081.0,33.681
1076.0,34.43
1059.0,34.603
1070.0,11.779
1077.0,15.662
1074.0,20.938
1077.0,25.626
1080.0,26.542
1062.0,24.511
1025.0,22.821
982.0,23.479
977.0,24.474
676.0,25.169
1029.0,25.633
1031.0,27.228
804.0,30.351
356.0,33.764
1362.0,36.118
1747.0,34.791
847.0,30.802
94.0,26.824
27.0,24.756
31.0,24.371
34.0,24.383
181.0,23.442
849.0,22.623
1048.0,22.893
1053.0,24.217
1049.0,26.286
1050.0,29.499
1057.0,33.939
1051.0,37.453
1046.0,39.244
1044.0,40.381
1029.0,40.842
1027.0,39.683
1042.0,13.18
1050.0,17.474
1049.0,23.106
1052.0,28.01
1069.0,29.089
1071.0,26.63
1081.0,25.154
1080.0,25.392
1060.0,27.049
1064.0,28.035
1064.0,29.064
1062.0,30.855
1070.0,34.348
1082.0,37.946
1070.0,39.966
1039.0,38.564
976.0,34.488
974.0,30.371
639.0,27.636
44.0,26.885
147.0,26.454
103.0,25.566
88.0,24.347
851.0,24.37
1557.0,25.36
1014.0,27.512
409.0,31.242
68.0,36.254
31.0,40.043
26.0,42.539
20.0,44.457
292.0,46.284
941.0,46.247
1064.0,45.367
1064.0,44.831
1060.0,13.706
1054.0,18.45
1051.0,24.668
1051.0,29.76
1048.0,30.184
1045.0,27.887
1041.0,26.535
1036.0,27.249
1045.0,29.102
1056.0,30.525
1066.0,31.731
1079.0,33.789
1087.0,37.184
1100.0,40.67
1092.0,42.171
1087.0,40.461
1052.0,36.714
1030.0,32.868
1076.0,30.134
1085.0,29.195
1084.0,28.561
1059.0,27.506
1009.0,26.315
973.0,25.775
977.0,26.46
799.0,28.946
1769.0,32.539
1667.0,37.639
672.0,41.928
101.0,44.897
33.0,47.658
238.0,49.961
1209.0,50.716
1520.0,50.984
1360.0,51.147
1035.0,50.419
918.0,13.747
436.0,18.734
98.0,25.445
21.0,30.502
262.0,31.043
948.0,29.202
1052.0,28.752
1057.0,30.007
1053.0,31.875
1052.0,33.181
1056.0,34.432
1048.0,36.437
1043.0,39.256
1041.0,41.389
1046.0,42.179
1045.0,40.667
1055.0,37.281
1062.0,34.172
1071.0,31.656
1072.0,30.821
1081.0,30.193
1100.0,29.333
1102.0,28.201
1086.0,27.215
1079.0,27.611
1081.0,29.823
1101.0,33.054
1110.0,37.458
1095.0,41.688
1069.0,45.871
1053.0,49.162
972.0,52.152
965.0,53.232
412.0,53.794
1064.0,54.757
1051.0,54.918
79.0,53.123
212.0,13.406
593.0,18.859
661.0,25.686
149.0,31.324
312.0,32.228
1333.0,31.004
1807.0,31.513
1246.0,33.585
1073.0,35.781
835.0,37.134
170.0,38.037
116.0,39.767
749.0,41.987
1045.0,42.362
1057.0,41.47
1051.0,39.747
1040.0,37.922
1040.0,35.239
1039.0,33.503
1037.0,32.445
1043.0,31.697
1040.0,31.013
1039.0,29.812
1049.0,29.059
1066.0,29.341
1118.0,31.641
1326.0,34.283
1769.0,38.044
1872.0,42.116
1596.0,47.321
1294.0,50.73
1169.0,53.422
1259.0,54.414
1361.0,54.919
1193.0,56.533
1134.0,57.525
1088.0,57.129
1045.0,54.852
970.0,13.917
914.0,19.064
613.0,26.463
460.0,32.448
154.0,34.337
40.0,34.257
43.0,35.276
41.0,38.372
74.0,41.154
184.0,42.515
1102.0,43.352
1648.0,44.331
1758.0,45.488
1580.0,44.204
806.0,42.224
100.0,40.393
48.0,39.741
377.0,38.575
912.0,36.968
1042.0,35.095
1047.0,33.754
1049.0,33.041
1034.0,32.336
1031.0,32.018
1033.0,32.826
1036.0,35.178
1043.0,37.815
1064.0,41.198
1588.0,44.895
2299.0,49.457
2136.0,52.444
1845.0,54.545
1712.0,55.672
1899.0,56.53
1877.0,57.875
1633.0,59.628
1840.0,60.424
2406.0,60.29
2465.0,56.946
1870.0,50.054
1198.0,15.236
1036.0,21.123
1005.0,28.787
834.0,35.143
373.0,37.725
67.0,38.763
66.0,41.236
57.0,44.452
52.0,47.261
55.0,48.624
81.0,49.094
156.0,49.04
705.0,48.615
1606.0,46.006
1660.0,43.068
1454.0,41.913
873.0,42.503
202.0,42.53
75.0,40.941
81.0,38.571
65.0,36.939
286.0,36.811
886.0,37.019
1046.0,37.841
1034.0,39.183
1039.0,41.707
1040.0,43.94
1040.0,46.489
1044.0,49.139
1191.0,52.71
1512.0,55.296
1512.0,56.903
1601.0,57.585
1566.0,58.312
1447.0,59.698
1359.0,61.224
1337.0,62.456
1377.0,63.547
1507.0,61.588
1440.0,54.919
2087.0,43.304
2585.0,17.545
1905.0,24.133
1032.0,33.144
941.0,40.484
304.0,43.707
29.0,45.841
478.0,48.878
492.0,51.191
664.0,52.983
1035.0,53.829
1441.0,54.127
1502.0,53.605
1599.0,51.351
1672.0,47.783
1645.0,44.519
1651.0,43.881
1284.0,45.635
1042.0,46.381
1033.0,44.831
1026.0,42.157
1040.0,41.233
1037.0,42.247
966.0,43.377
669.0,44.894
382.0,46.465
765.0,49.185
1038.0,50.721
1051.0,52.039
1046.0,54.011
1051.0,57.195
1064.0,59.285
1428.0,60.862
2075.0,61.363
2198.0,61.722
1897.0,62.039
1759.0,62.417
1526.0,63.749
1510.0,65.012
1594.0,63.658
1422.0,56.91
1814.0,44.72
2551.0,18.962
2295.0,26.178
1217.0,35.615
961.0,44.298
669.0,49.15
136.0,52.7
1782.0,55.854
1591.0,57.278
1470.0,57.808
1362.0,58.179
1169.0,58.096
1069.0,57.036
1060.0,54.117
1052.0,49.87
1056.0,46.33
1077.0,46.299
1069.0,48.387
1036.0,49.534
1036.0,48.04
1036.0,46.12
1048.0,46.136
1042.0,49.206
1055.0,51.205
1064.0,52.686
1076.0,54.257
1082.0,56.223
1051.0,57.514
1039.0,57.999
1049.0,59.326
1057.0,61.67
1060.0,63.83
1071.0,65.895
1089.0,66.528
1123.0,66.017
1448.0,65.317
2107.0,64.852
2480.0,65.334
2573.0,65.792
2399.0,64.266
2044.0,57.688
1515.0,46.266
1134.0,33.857
1036.0,19.931
946.0,27.268
621.0,37.306
237.0,45.583
9.0,51.948
1665.0,56.431
1332.0,60.122
1092.0,61.791
1029.0,61.16
1070.0,60.622
1054.0,60.515
954.0,59.503
984.0,56.828
967.0,52.659
962.0,48.955
960.0,49.061
969.0,51.474
999.0,52.461
992.0,51.586
978.0,50.829
967.0,51.901
965.0,55.982
1000.0,58.462
1028.0,59.641
1023.0,60.592
1045.0,62.258
1047.0,62.968
1052.0,63.09
1056.0,63.45
1059.0,65.467
1053.0,67.77
1063.0,70.377
1063.0,70.852
1061.0,70.153
1090.0,69.047
1087.0,67.89
1089.0,66.896
1071.0,66.124
1026.0,64.121
989.0,57.973
1031.0,47.344
908.0,36.037
434.0,29.886
99.0,20.113
5.0,28.024
1600.0,37.651
1389.0,45.731
1120.0,52.228
1095.0,57.543
1053.0,62.206
972.0,63.562
957.0,63.197
932.0,62.358
929.0,61.749
989.0,61.086
951.0,58.688
385.0,54.843
32.0,51.445
14.0,52.039
21.0,54.511
21.0,55.786
88.0,55.101
307.0,54.555
569.0,56.587
845.0,61.019
945.0,63.648
998.0,64.11
1005.0,64.35
1008.0,65.709
1012.0,65.828
1026.0,65.706
1025.0,65.896
1015.0,67.432
991.0,69.657
991.0,72.196
982.0,72.918
997.0,72.103
1004.0,71.034
979.0,69.448
851.0,67.544
623.0,65.772
344.0,63.973
2.0,58.297
1164.0,48.745
1086.0,38.238
1041.0,33.031
1021.0,20.564
970.0,27.82
920.0,36.122
934.0,43.841
937.0,50.101
968.0,56.529
811.0,61.865
140.0,64.275
4.0,63.664
15.0,63.004
13.0,62.38
22.0,61.612
33.0,59.484
21.0,56.452
27.0,54.457
330.0,55.769
408.0,57.964
391.0,58.016
490.0,56.135
593.0,56.038
659.0,58.451
529.0,63.036
723.0,65.863
675.0,65.925
239.0,66.26
11.0,66.699
13.0,66.839
966.0,66.762
979.0,67.122
982.0,68.342
957.0,70.505
927.0,72.956
922.0,73.649
944.0,72.906
996.0,71.9
762.0,70.224
127.0,68.034
29.0,65.688
102.0,63.637
62.0,58.57
314.0,49.852
162.0,41.011
701.0,35.946
769.0,20.103
509.0,26.927
20.0,33.925
75.0,40.695
226.0,47.065
103.0,54.12
147.0,60.679
65.0,63.627
186.0,63.774
91.0,63.239
49.0,62.523
69.0,61.556
4.0,59.594
958.0,57.496
954.0,56.524
943.0,58.838
936.0,60.899
971.0,59.774
973.0,57.038
972.0,56.228
875.0,58.21
691.0,62.965
153.0,65.858
32.0,66.526
92.0,66.515
2.0,66.916
853.0,67.359
946.0,67.489
712.0,67.848
255.0,68.814
402.0,70.994
367.0,73.361
106.0,73.514
26.0,73.11
17.0,72.276
8.0,70.92
3.0,68.509
4.0,65.775
835.0,63.678
291.0,58.76
301.0,49.97
394.0,41.503
109.0,37.135
897.0,19.545
931.0,25.453
969.0,31.252
995.0,36.7
1002.0,43.402
598.0,50.749
340.0,58.343
361.0,62.681
324.0,63.911
289.0,63.451
71.0,63.319
2.0,62.127
1027.0,59.736
974.0,57.459
995.0,57.257
943.0,60.082
917.0,62.368
934.0,60.759
960.0,57.703
664.0,55.869
209.0,57.208
49.0,61.56
65.0,64.631
20.0,65.821
134.0,66.722
598.0,67.099
568.0,67.522
389.0,67.633
49.0,67.868
92.0,68.649
28.0,70.665
1.0,73.466
2070.0,73.633
1846.0,72.766
1289.0,72.107
1024.0,71.095
961.0,68.649
929.0,65.836
933.0,62.99
973.0,57.59
953.0,48.609
554.0,40.299
128.0,35.722
17.0,18.342
12.0,23.941
1.0,28.49
16.0,32.811
15.0,38.939
16.0,46.853
11.0,55.37
73.0,61.273
283.0,63.301
352.0,63.565
88.0,62.851
203.0,61.8
400.0,59.222
317.0,57.27
418.0,57.417
57.0,61.168
6.0,63.739
6.0,62.305
1427.0,59.065
1682.0,57.087
1956.0,57.771
1152.0,60.911
989.0,63.695
937.0,65.311
934.0,66.457
930.0,67.039
963.0,67.694
1018.0,67.487
867.0,67.852
451.0,69.025
111.0,70.682
12.0,72.784
2.0,73.033
3.0,72.22
3.0,71.472
4.0,70.667
10.0,68.649
33.0,66.145
149.0,63.02
328.0,56.381
478.0,46.997
573.0,38.862
739.0,34.325
753.0,18.119
742.0,22.59
644.0,26.082
543.0,29.518
345.0,35.328
487.0,43.373
146.0,51.405
30.0,57.957
18.0,61.025
3.0,61.837
451.0,61.436
1424.0,60.371
1998.0,58.803
1181.0,56.95
1009.0,58.057
973.0,62.03
939.0,65.082
932.0,64.267
927.0,61.441
926.0,59.504
938.0,59.498
1003.0,62.384
1024.0,64.307
882.0,65.792
656.0,66.768
526.0,67.88
526.0,68.546
822.0,68.53
975.0,68.801
1011.0,69.54
998.0,71.033
977.0,73.242
958.0,73.43
927.0,72.847
934.0,71.555
959.0,70.622
967.0,69.497
966.0,66.882
953.0,63.615
955.0,56.047
964.0,46.382
992.0,38.732
904.0,19.123
491.0,23.579
91.0,25.827
115.0,28.38
590.0,33.474
1742.0,40.218
1894.0,47.226
1058.0,52.854
1039.0,56.854
995.0,59.208
965.0,59.981
974.0,59.693
944.0,58.65
921.0,57.238
939.0,58.519
933.0,63.01
926.0,66.876
945.0,66.126
936.0,63.701
935.0,62.489
931.0,62.465
948.0,64.639
990.0,66.217
1006.0,67.025
1034.0,67.887
1037.0,68.649
1015.0,69.262
1019.0,69.882
1055.0,70.006
1068.0,71.087
1067.0,72.077
1057.0,73.436
1078.0,73.927
1069.0,73.495
1051.0,72.3
980.0,71.048
988.0,70.269
946.0,68.616
621.0,64.229
65.0,56.035
72.0,47.005
120.0,39.337
477.0,20.957
1503.0,25.864
2288.0,27.316
1792.0,28.73
1271.0,32.998
1108.0,38.561
1048.0,44.38
1037.0,49.221
1019.0,53.531
1029.0,56.758
1038.0,58.774
1034.0,59.043
1021.0,57.618
1016.0,57.008
1002.0,58.673
1002.0,63.639
1014.0,67.43
1041.0,67.477
1061.0,65.565
1060.0,64.842
1050.0,65.141
1047.0,67.348
1055.0,68.886
1088.0,69.292
1132.0,68.958
1433.0,68.735
2114.0,68.255
2446.0,68.649
2606.0,69.097
2665.0,70.402
2631.0,71.874
2432.0,73.229
1768.0,73.664
1054.0,73.694
793.0,72.195
198.0,70.933
77.0,69.523
78.0,67.434
97.0,62.806
426.0,54.95
1301.0,46.605
1399.0,22.907
1410.0,27.943
1478.0,28.857
1303.0,28.743
996.0,31.885
965.0,37.4
1027.0,42.388
1042.0,46.795
1041.0,50.5
1035.0,54.612
1019.0,56.765
1005.0,57.215
1004.0,56.446
1003.0,56.262
998.0,58.308
1012.0,63.568
1014.0,68.145
1021.0,68.671
1040.0,67.513
1058.0,67.454
1070.0,68.274
1537.0,69.945
2403.0,71.309
2272.0,70.987
1948.0,69.364
1633.0,67.61
1547.0,65.974
1343.0,65.321
1362.0,66.464
2048.0,68.649
2592.0,70.542
1469.0,72.344
786.0,73.224
269.0,72.699
34.0,71.362
34.0,69.265
51.0,66.999
237.0,63.787
1070.0,58.319
1532.0,50.92
1345.0,23.679
1307.0,28.829
1283.0,29.41
569.0,28.093
52.0,30.347
55.0,35.535
157.0,40.941
304.0,44.91
260.0,48.31
202.0,52.027
143.0,54.494
74.0,54.805
55.0,54.344
135.0,55.006
381.0,58.136
831.0,63.491
827.0,68.649
1032.0,69.315
1027.0,68.649
1075.0,68.785
1445.0,69.753
1479.0,71.529
1552.0,72.888
1565.0,71.566
1440.0,68.747
1249.0,65.237
1325.0,62.36
1354.0,61.578
1823.0,62.484
2544.0,65.772
1859.0,68.449
1057.0,70.833
652.0,71.65
75.0,71.101
118.0,68.649
92.0,65.803
55.0,61.882
84.0,56.81
560.0,50.869
1380.0,21.577
1357.0,26.589
1398.0,27.0
1253.0,25.449
867.0,27.612
177.0,33.075
20.0,38.716
27.0,42.616
26.0,45.263
28.0,48.643
29.0,50.617
3.0,50.769
10.0,51.204
67.0,52.994
485.0,56.341
995.0,62.362
1050.0,67.568
1050.0,68.649
1058.0,68.649
1214.0,68.649
1321.0,69.703
1311.0,71.271
1352.0,71.983
1412.0,70.587
1360.0,66.576
1627.0,61.843
2015.0,58.696
2140.0,57.611
2179.0,58.447
1927.0,60.889
1490.0,63.897
1103.0,66.649
998.0,67.906
983.0,66.366
735.0,63.079
122.0,58.188
307.0,53.208
793.0,19.062
519.0,23.378
401.0,24.361
1252.0,23.161
1733.0,24.892
1517.0,29.389
1162.0,34.701
1003.0,38.991
457.0,41.099
35.0,43.005
20.0,44.728
17.0,45.178
19.0,46.169
18.0,48.809
33.0,52.776
445.0,58.655
986.0,63.454
1037.0,65.071
1051.0,65.125
1041.0,64.995
1041.0,65.414
1049.0,67.007
1091.0,67.657
1655.0,66.003
2262.0,61.905
2354.0,57.44
2426.0,54.824
2452.0,53.527
2361.0,53.398
1798.0,54.991
1243.0,57.043
1100.0,58.986
1109.0,59.528
1108.0,57.587
1090.0,53.584
1086.0,17.918
1018.0,21.607
969.0,22.227
952.0,20.87
358.0,21.28
4.0,24.816
319.0,30.238
97.0,34.996
889.0,37.282
1580.0,38.192
1514.0,38.935
1118.0,39.183
980.0,39.2
673.0,42.32
112.0,46.344
37.0,51.823
22.0,56.104
19.0,57.75
17.0,57.805
26.0,56.7
70.0,56.837
473.0,58.771
1007.0,59.563
1041.0,58.102
1034.0,54.298
1049.0,50.793
1038.0,48.183
1032.0,46.544
1048.0,45.618
1054.0,45.51
1055.0,46.518
1079.0,47.863
1086.0,16.72
1085.0,20.131
1096.0,20.892
1094.0,19.252
1074.0,19.144
1058.0,21.927
1038.0,26.277
1071.0,30.616
1084.0,32.926
1100.0,33.722
1093.0,33.579
1060.0,32.749
1033.0,32.176
965.0,33.482
822.0,37.595
225.0,15.663
39.0,18.973
16.0,19.828
250.0,18.491
1359.0,18.086
1322.0,19.891
1027.0,23.29
441.0,26.264
65.0,27.71
45.0,27.872
24.0,27.533
11.0,26.983
22.0,26.615
37.0,14.59
220.0,17.467
820.0,18.714
1034.0,17.362
1043.0,16.835
1046.0,18.44
1045.0,20.917
1033.0,23.128
1034.0,24.233
1041.0,12.992
1034.0,15.618
1031.0,17.035
1040.0,16.34
1057.0,10.179
1067.0,8.901
1070.0,10.16
1069.0,11.724
1054.0,13.779
1037.0,16.315
1038.0,18.106
1019.0,18.35
1045.0,18.288
1056.0,18.086
1079.0,17.848
1097.0,9.056
1064.0,10.322
1062.0,12.251
1004.0,14.82
986.0,17.552
747.0,19.35
154.0,19.585
29.0,19.594
34.0,19.133
163.0,19.438
1075.0,18.938
1829.0,19.363
939.0,20.899
127.0,23.206
38.0,25.292
36.0,24.997
25.0,8.917
16.0,10.651
36.0,13.098
191.0,15.74
872.0,18.095
1041.0,19.643
1049.0,19.532
1043.0,19.94
1053.0,20.32
1050.0,20.247
1055.0,20.358
1054.0,20.964
1055.0,22.886
1051.0,25.759
1039.0,28.038
1049.0,27.608
1060.0,24.611
1070.0,21.805
1075.0,20.816
1080.0,20.975
1082.0,21.267
1056.0,20.18
1045.0,18.52
1039.0,17.949
1053.0,9.427
1051.0,11.93
1069.0,15.128
1074.0,18.271
1056.0,19.976
1059.0,20.503
1021.0,20.14
958.0,20.331
824.0,21.053
196.0,21.123
239.0,21.105
470.0,22.158
1004.0,24.429
1434.0,27.736
1741.0,30.475
1520.0,29.857
356.0,26.423
22.0,23.523
29.0,22.686
26.0,23.138
17.0,23.855
52.0,23.437
538.0,22.017
1022.0,22.191
1054.0,23.586
1051.0,25.786
1053.0,28.047
1052.0,30.899
1053.0,10.351
1051.0,13.907
1052.0,18.442
1053.0,22.45
1059.0,23.555
1033.0,22.539
1034.0,21.704
1043.0,21.756
1063.0,22.561
1069.0,22.729
1069.0,22.938
1072.0,24.171
1067.0,27.128
1026.0,30.689
1034.0,33.441
1061.0,32.401
1059.0,28.487
1070.0,25.611
1081.0,24.335
1062.0,24.905
1052.0,25.578
1013.0,25.503
947.0,24.485
946.0,24.84
658.0,26.601
1172.0,28.905
946.0,31.75
633.0,35.502
249.0,37.636
899.0,37.857
1903.0,38.15
991.0,12.111
97.0,16.443
35.0,21.609
34.0,26.232
24.0,27.783
15.0,26.849
406.0,25.146
1004.0,24.678
1053.0,25.605
1050.0,26.025
1052.0,26.567
1059.0,28.59
1053.0,32.366
1056.0,36.436
1053.0,39.098
1058.0,37.932
1055.0,33.392
1042.0,29.557
1038.0,27.603
1019.0,27.515
1023.0,27.735
1049.0,27.37
1064.0,26.005
1069.0,26.307
1073.0,27.837
1049.0,30.215
1044.0,33.523
1056.0,38.023
1052.0,41.024
1067.0,42.699
1079.0,44.12
1060.0,45.709
1048.0,44.895
1016.0,13.463
975.0,18.203
975.0,24.332
557.0,29.479
50.0,30.915
54.0,29.1
37.0,27.234
38.0,27.04
395.0,28.209
1564.0,28.98
1050.0,30.306
269.0,32.723
57.0,37.029
43.0,41.059
28.0,43.137
85.0,41.522
611.0,37.231
1052.0,33.304
1062.0,30.934
1055.0,30.548
1054.0,30.171
1055.0,29.481
1058.0,28.01
1054.0,27.526
1058.0,28.901
1051.0,31.332
1044.0,35.225
1053.0,40.01
1043.0,43.939
1050.0,46.365
1059.0,48.533
1078.0,50.453
1075.0,50.568
1072.0,49.906
1064.0,49.137
1053.0,13.974
1047.0,19.169
1067.0,26.177
1080.0,31.556
1084.0,32.415
1065.0,30.539
1048.0,28.96
1011.0,29.49
963.0,31.058
935.0,32.084
676.0,33.623
1121.0,36.283
923.0,39.999
326.0,43.611
59.0,45.124
639.0,43.453
1654.0,39.417
1183.0,36.251
1006.0,34.022
710.0,33.39
172.0,32.669
54.0,31.808
18.0,30.147
87.0,29.386
749.0,30.166
1056.0,32.618
1056.0,36.443
1052.0,41.562
1050.0,46.049
1047.0,49.654
1047.0,51.665
1053.0,53.416
1052.0,53.621
1050.0,53.856
1048.0,54.307
1054.0,52.793
1060.0,13.998
1072.0,19.594
1070.0,26.968
1077.0,32.681
1073.0,33.623
1055.0,32.216
1078.0,31.71
1065.0,33.264
1070.0,35.18
1061.0,36.134
1071.0,37.597
1087.0,40.059
1062.0,43.268
1049.0,45.295
1002.0,45.601
946.0,44.108
864.0,41.167
233.0,39.124
130.0,37.453
141.0,36.573
103.0,35.208
616.0,34.006
690.0,32.195
717.0,30.926
1392.0,31.567
1346.0,33.784
1118.0,37.349
1060.0,42.122
837.0,46.923
200.0,50.94
15.0,53.452
374.0,54.875
980.0,55.198
1056.0,55.662
1050.0,56.449
1047.0,56.644
1045.0,54.596
1045.0,14.066
1035.0,19.664
1045.0,27.56
1041.0,34.025
1039.0,35.722
1041.0,35.246
1045.0,35.731
1064.0,37.877
1076.0,40.209
1093.0,41.206
1106.0,42.101
1101.0,44.52
1084.0,46.643
1064.0,46.886
1067.0,45.673
1098.0,43.947
1105.0,43.009
1102.0,42.312
1070.0,41.45
1057.0,39.597
991.0,38.067
968.0,36.591
724.0,35.321
329.0,34.056
1013.0,34.636
725.0,36.463
327.0,39.266
51.0,43.127
46.0,47.314
77.0,51.463
75.0,54.295
334.0,55.821
1319.0,56.362
1532.0,56.5
1287.0,57.634
607.0,58.839
30.0,58.583
37.0,56.771
183.0,52.378
758.0,14.28
1040.0,20.327
1052.0,28.951
1048.0,35.941
1029.0,39.083
1025.0,39.842
1032.0,41.184
1036.0,43.646
1036.0,46.037
1044.0,47.363
1062.0,48.229
1353.0,50.113
2138.0,50.976
2482.0,50.036
2524.0,47.767
2357.0,46.239
1955.0,46.158
1648.0,46.313
1392.0,44.96
1213.0,42.753
1141.0,41.279
1134.0,40.701
1075.0,40.11
1051.0,40.163
985.0,40.964
956.0,42.835
442.0,44.937
53.0,47.484
20.0,50.269
34.0,53.793
40.0,55.92
43.0,57.514
41.0,58.015
62.0,58.459
50.0,59.979
60.0,61.684
169.0,61.933
1245.0,61.744
1625.0,58.937
743.0,52.593
54.0,15.663
29.0,22.238
37.0,32.077
43.0,40.523
335.0,44.384
1002.0,46.52
1047.0,48.857
1038.0,51.284
1036.0,53.308
1035.0,54.482
1035.0,55.118
1039.0,55.749
1051.0,55.288
1345.0,53.356
1801.0,50.576
1412.0,49.638
1299.0,49.723
1393.0,49.76
1462.0,47.908
1393.0,45.552
1469.0,44.671
1890.0,45.524
2424.0,46.824
2473.0,47.765
1948.0,49.198
1152.0,51.163
1014.0,53.123
981.0,54.822
792.0,56.463
526.0,58.406
35.0,59.953
40.0,61.394
45.0,61.873
58.0,62.707
52.0,63.92
69.0,64.706
97.0,65.4
345.0,65.744
982.0,63.734
1578.0,57.622
1330.0,47.257
1000.0,18.403
852.0,26.18
893.0,37.1
921.0,47.111
698.0,51.886
253.0,54.639
105.0,56.87
512.0,59.352
970.0,60.358
1031.0,60.871
1045.0,61.264
1045.0,60.755
1050.0,59.211
1019.0,56.225
1209.0,53.145
1673.0,52.128
1800.0,52.589
1438.0,52.536
1323.0,50.412
1318.0,48.633
1406.0,48.689
1277.0,51.608
1543.0,53.553
1441.0,55.14
2182.0,56.741
2539.0,59.189
1413.0,60.62
1001.0,61.115
921.0,61.784
709.0,63.292
152.0,64.838
58.0,66.081
64.0,66.457
70.0,66.843
87.0,67.022
186.0,66.893
863.0,67.104
1606.0,67.502
1539.0,65.809
1226.0,59.616
1143.0,49.02
1084.0,37.813
1036.0,21.403
1038.0,30.174
1038.0,41.222
1047.0,50.838
1047.0,55.957
1044.0,59.254
1060.0,61.811
1066.0,63.453
1065.0,63.724
1036.0,64.242
1040.0,63.951
1052.0,63.573
1056.0,61.265
1052.0,57.832
1076.0,54.844
1135.0,54.225
1686.0,54.968
2388.0,55.259
2311.0,53.741
1889.0,52.175
1685.0,53.113
1651.0,56.497
1930.0,58.975
2510.0,60.247
2527.0,61.752
1538.0,63.814
999.0,65.073
827.0,65.287
224.0,65.475
15.0,66.828
54.0,68.225
60.0,69.681
51.0,70.247
229.0,70.12
1263.0,69.305
1716.0,68.649
1055.0,68.938
997.0,68.649
987.0,66.467
1006.0,60.95
990.0,50.56
962.0,40.192
966.0,23.926
971.0,32.737
985.0,42.995
991.0,51.339
1019.0,56.972
1049.0,60.752
1059.0,63.612
1037.0,64.867
1050.0,64.944
1056.0,65.201
1058.0,65.092
1052.0,64.175
1046.0,62.79
1055.0,59.43
1068.0,56.644
1088.0,56.294
1168.0,57.54
1382.0,58.579
1536.0,57.758
1612.0,56.569
1368.0,57.573
1164.0,61.134
1061.0,63.51
1024.0,64.082
1036.0,65.186
579.0,66.66
124.0,67.46
24.0,67.606
84.0,67.984
71.0,68.61
187.0,69.976
1081.0,72.483
1909.0,72.847
1218.0,72.296
1000.0,71.582
976.0,70.586
939.0,70.209
939.0,69.859
939.0,67.706
987.0,62.189
1001.0,53.535
711.0,44.211
401.0,39.267
515.0,25.046
761.0,33.964
920.0,43.551
987.0,51.522
955.0,56.76
956.0,60.555
972.0,64.148
1009.0,65.681
1015.0,65.172
1026.0,65.49
1021.0,64.938
1019.0,65.031
1001.0,63.689
1019.0,61.159
1059.0,59.01
1070.0,59.829
1046.0,61.386
987.0,61.73
965.0,60.486
1020.0,59.557
848.0,60.815
641.0,64.604
172.0,66.83
1715.0,67.129
1594.0,67.613
1561.0,68.496
1943.0,69.008
1567.0,68.793
1055.0,68.503
961.0,69.466
926.0,71.346
933.0,73.376
967.0,73.929
963.0,73.323
430.0,72.341
28.0,71.677
3.0,70.827
6.0,70.199
15.0,68.599
186.0,63.717
449.0,55.593
616.0,47.055
676.0,42.621
825.0,40.163
958.0,24.37
1022.0,33.2
1051.0,42.238
1029.0,49.371
1037.0,55.018
1045.0,59.808
1007.0,63.635
865.0,65.172
635.0,65.11
607.0,65.095
141.0,65.213
3.0,65.143
2071.0,64.01
2263.0,62.689
2136.0,61.606
1559.0,62.663
1104.0,64.247
1002.0,63.733
942.0,61.716
920.0,60.404
937.0,62.404
964.0,66.063
487.0,68.35
15.0,68.752
4.0,68.519
2.0,69.095
2.0,69.386
6.0,69.128
1.0,68.845
4.0,69.572
9.0,70.992
6.0,73.12
16.0,73.673
32.0,72.985
106.0,72.558
162.0,71.787
297.0,70.709
531.0,70.081
333.0,68.77
502.0,64.905
819.0,56.674
847.0,48.852
539.0,44.067
230.0,40.916
154.0,23.24
2.0,31.012
1298.0,39.344
1073.0,46.311
1046.0,52.229
1008.0,58.366
963.0,62.732
937.0,65.163
932.0,65.093
961.0,65.366
979.0,64.876
539.0,64.881
164.0,64.06
131.0,62.852
147.0,62.668
435.0,64.578
105.0,65.986
441.0,64.99
598.0,62.492
28.0,61.281
160.0,63.198
137.0,66.76
51.0,68.895
5.0,69.244
889.0,69.223
890.0,69.282
901.0,69.36
910.0,69.171
939.0,69.069
982.0,69.949
915.0,71.357
382.0,73.348
370.0,73.772
395.0,73.045
136.0,72.615
25.0,71.892
3.0,70.918
624.0,69.959
432.0,68.891
752.0,65.214
753.0,57.41
340.0,49.139
19.0,43.86
4.0,39.878
1.0,20.87
13.0,27.569
9.0,34.854
2.0,41.024
39.0,48.057
29.0,55.412
958.0,61.358
1004.0,64.537
1022.0,65.25
698.0,65.437
520.0,65.818
620.0,64.896
291.0,63.562
233.0,62.433
9.0,62.653
982.0,64.77
986.0,66.654
958.0,65.677
932.0,63.371
919.0,62.467
977.0,63.014
974.0,66.519
688.0,68.16
281.0,68.783
91.0,68.649
70.0,68.466
579.0,68.649
740.0,68.758
434.0,68.649
53.0,69.718
8.0,70.958
1960.0,73.06
1984.0,73.264
1348.0,72.991
1029.0,72.141
989.0,71.357
962.0,70.932
937.0,69.484
957.0,68.649
967.0,64.883
986.0,57.213
856.0,48.889
549.0,42.891
177.0,37.684
33.0,19.14
38.0,25.272
36.0,30.766
240.0,36.42
558.0,43.644
569.0,51.893
133.0,59.742
187.0,64.33
360.0,65.486
108.0,65.423
75.0,65.284
12.0,64.778
2138.0,63.021
2030.0,61.979
1602.0,62.649
1097.0,65.603
1081.0,67.688
1057.0,67.111
1015.0,65.227
969.0,63.544
934.0,63.262
930.0,65.501
965.0,67.169
1001.0,68.649
932.0,68.852
665.0,69.219
388.0,69.183
218.0,68.649
116.0,68.722
112.0,69.416
134.0,70.91
175.0,73.07
234.0,73.259
292.0,72.426
315.0,71.596
373.0,71.527
393.0,70.85
354.0,69.827
207.0,68.701
56.0,64.893
161.0,57.171
34.0,48.487
1.0,41.461
6.0,35.671
9.0,19.514
1177.0,24.607
1912.0,28.384
2137.0,32.516
1255.0,39.41
1037.0,47.752
1008.0,56.4
1002.0,62.393
993.0,64.307
969.0,64.502
933.0,64.164
914.0,63.542
941.0,62.403
976.0,62.357
999.0,63.524
1030.0,66.724
1016.0,69.366
1000.0,69.19
1002.0,67.243
1030.0,65.477
1027.0,64.395
995.0,65.757
975.0,67.151
963.0,68.482
943.0,69.059
977.0,69.852
986.0,70.107
991.0,70.115
990.0,69.781
1014.0,70.557
1000.0,71.838
861.0,73.452
521.0,73.251
148.0,72.918
67.0,72.046
7.0,71.756
207.0,71.498
886.0,70.911
1970.0,69.206
1613.0,64.035
998.0,56.447
992.0,47.985
963.0,41.356
955.0,20.888
974.0,24.798
951.0,27.438
937.0,30.441
928.0,36.488
913.0,44.021
923.0,52.085
925.0,58.938
920.0,61.95
919.0,62.896
921.0,63.31
943.0,63.382
947.0,62.424
954.0,62.596
967.0,63.864
984.0,67.496
991.0,70.872
1018.0,70.987
1043.0,68.948
1039.0,66.849
1008.0,66.139
986.0,67.158
979.0,68.152
960.0,69.36
944.0,70.047
1004.0,71.046
896.0,71.574
560.0,71.364
17.0,71.492
74.0,71.779
117.0,72.42
514.0,73.199
1915.0,73.866
1514.0,73.809
1040.0,72.86
1017.0,72.381
984.0,72.136
982.0,71.732
1027.0,69.323
1029.0,63.286
1031.0,55.145
999.0,47.368
938.0,40.994
943.0,23.755
922.0,27.853
915.0,29.061
923.0,30.08
943.0,35.205
977.0,41.908
1030.0,48.775
1038.0,54.881
1038.0,58.685
1025.0,61.262
1050.0,62.883
1086.0,63.411
1095.0,63.127
1206.0,63.01
1726.0,64.685
2103.0,68.47
2177.0,71.953
2178.0,72.161
1722.0,70.566
1269.0,69.049
983.0,68.392
625.0,69.869
155.0,71.1
53.0,71.989
56.0,71.889
85.0,71.8
397.0,72.023
1425.0,71.933
1855.0,72.027
1280.0,72.28
1056.0,72.869
1066.0,73.622
1059.0,73.905
1028.0,74.159
1032.0,73.56
1044.0,72.458
1039.0,72.671
1025.0,71.799
1016.0,68.649
1013.0,61.784
1016.0,54.652
1035.0,47.188
1034.0,26.121
1020.0,31.11
1005.0,31.457
1004.0,30.947
1025.0,34.641
1151.0,40.312
1796.0,46.047
2489.0,50.936
2606.0,55.06
2295.0,59.442
1759.0,62.165
1747.0,63.107
1728.0,62.641
1651.0,63.079
2316.0,64.952
2615.0,68.917
1507.0,72.304
607.0,72.673
113.0,71.595
34.0,70.881
38.0,70.638
62.0,71.656
94.0,72.571
747.0,73.043
1461.0,72.091
1398.0,71.652
1322.0,70.867
1219.0,70.938
830.0,71.43
707.0,71.984
922.0,72.774
1020.0,73.531
1029.0,73.76
1020.0,73.752
989.0,73.441
942.0,72.563
904.0,71.735
921.0,70.191
968.0,65.872
1034.0,58.252
1044.0,51.481
1042.0,26.867
1062.0,32.397
1473.0,31.991
2032.0,30.393
1713.0,33.168
1580.0,38.23
1399.0,43.836
1390.0,48.519
1383.0,52.736
1212.0,57.675
1519.0,61.166
1748.0,62.46
2472.0,61.734
2070.0,62.394
1110.0,64.892
680.0,69.091
66.0,72.708
22.0,73.035
39.0,72.557
49.0,71.779
86.0,71.942
710.0,73.005
1541.0,73.967
1356.0,73.536
1263.0,71.545
1313.0,69.474
1116.0,68.174
357.0,68.154
25.0,68.685
35.0,70.406
38.0,71.956
25.0,72.918
31.0,73.761
3.0,73.363
17.0,72.407
21.0,70.707
55.0,68.561
83.0,64.808
279.0,58.676
906.0,51.082
1098.0,23.382
1439.0,28.26
1661.0,28.184
1637.0,26.959
1361.0,29.753
1304.0,35.394
1744.0,41.217
1945.0,45.793
2059.0,50.287
2040.0,55.384
1964.0,59.286
1619.0,60.316
1192.0,60.203
1026.0,61.564
998.0,64.431
844.0,68.749
424.0,72.652
215.0,72.917
120.0,73.068
123.0,72.337
690.0,72.036
1396.0,73.093
1486.0,73.678
1364.0,72.51
1359.0,68.8
1478.0,65.029
1494.0,62.848
563.0,62.863
29.0,64.411
22.0,67.326
19.0,69.572
17.0,71.428
7.0,71.369
68.0,71.157
382.0,69.145
729.0,65.36
1016.0,60.913
1046.0,54.87
1053.0,19.853
1126.0,23.27
1556.0,23.696
1556.0,23.483
1494.0,26.393
1427.0,31.687
1974.0,37.545
2417.0,42.487
1768.0,46.604
1156.0,51.405
1083.0,55.536
1111.0,56.583
1084.0,57.461
1050.0,59.442
1009.0,63.079
987.0,67.56
968.0,71.432
884.0,72.311
382.0,72.246
47.0,71.096
348.0,70.473
1092.0,71.183
1395.0,71.209
1462.0,69.104
1603.0,64.908
1352.0,60.267
1161.0,57.88
1008.0,57.77
507.0,59.073
55.0,61.583
23.0,64.261
17.0,65.734
13.0,65.744
14.0,64.558
16.0,60.697
529.0,55.233
1011.0,17.678
1051.0,20.709
1053.0,21.326
1046.0,20.611
1047.0,22.391
1050.0,27.044
1057.0,33.141
1121.0,38.544
1289.0,42.164
1458.0,45.704
1576.0,49.155
1469.0,50.672
1210.0,51.805
1091.0,55.197
1073.0,59.321
1042.0,64.219
1076.0,67.604
1090.0,68.649
1093.0,68.465
1072.0,67.015
1050.0,65.922
998.0,65.58
969.0,65.858
805.0,63.414
322.0,58.921
969.0,54.557
315.0,51.88
170.0,50.675
1300.0,51.138
1611.0,51.798
1173.0,53.6
1019.0,54.568
633.0,54.292
88.0,52.343
31.0,16.812
20.0,19.598
18.0,20.336
15.0,19.448
26.0,20.678
60.0,24.75
559.0,29.857
1032.0,34.026
1046.0,37.522
1040.0,39.852
1044.0,42.063
1035.0,42.613
1032.0,44.173
1035.0,47.937
1028.0,52.956
1046.0,57.688
1075.0,60.713
1086.0,61.391
1085.0,60.345
1074.0,58.107
1065.0,57.025
1050.0,56.819
1023.0,56.43
1016.0,54.517
1055.0,50.74
1069.0,46.933
1085.0,43.779
1071.0,42.126
1051.0,41.416
1056.0,15.514
1002.0,18.626
985.0,19.501
595.0,18.839
42.0,20.025
655.0,23.168
103.0,27.013
42.0,30.399
653.0,32.365
1518.0,33.519
1074.0,34.196
446.0,34.742
60.0,35.97
43.0,38.992
24.0,43.522
14.0,47.662
18.0,50.044
30.0,50.872
156.0,50.561
753.0,49.482
1029.0,14.328
1044.0,17.638
1042.0,18.839
1038.0,18.166
1038.0,19.017
1031.0,21.805
1047.0,24.808
1045.0,27.091
1021.0,27.811
1027.0,27.697
1052.0,28.164
1064.0,28.321
1057.0,29.054
1037.0,31.24
1050.0,13.198
1047.0,15.999
1038.0,17.559
1015.0,17.378
1039.0,17.889
1048.0,20.217
1055.0,22.48
1063.0,9.977
1055.0,11.6
1058.0,14.193
1050.0,17.56
965.0,9.833
901.0,11.08
638.0,14.387
32.0,18.581
30.0,21.878
57.0,23.223
582.0,22.101
1701.0,20.488
1317.0,19.895
252.0,19.242
43.0,18.83
43.0,19.084
27.0,20.685
17.0,9.708
17.0,11.423
34.0,14.475
541.0,19.004
1014.0,22.395
1051.0,23.111
1042.0,22.355
1048.0,21.29
1050.0,20.869
1051.0,20.905
1047.0,20.781
1057.0,21.166
1064.0,23.178
1049.0,26.004
1052.0,29.067
1061.0,29.396
1066.0,26.599
1066.0,23.998
1069.0,22.819
1072.0,22.64
1060.0,9.712
1023.0,11.778
1016.0,15.334
1050.0,19.7
1058.0,22.421
1070.0,23.026
1074.0,22.077
1057.0,21.314
1059.0,21.304
1053.0,21.56
981.0,21.265
948.0,22.308
799.0,24.396
305.0,28.292
106.0,31.831
206.0,31.935
819.0,28.861
1292.0,26.073
1650.0,24.847
1830.0,24.713
788.0,24.502
62.0,23.109
34.0,21.121
26.0,20.408
13.0,21.124
18.0,9.902
121.0,13.077
821.0,17.375
1046.0,21.475
1044.0,23.591
1054.0,23.575
1059.0,22.337
1055.0,21.768
1060.0,21.733
1055.0,22.071
1057.0,22.375
1058.0,23.12
1060.0,26.156
1057.0,29.768
1061.0,33.341
1062.0,33.035
1065.0,30.205
1069.0,27.382
1072.0,26.097
1060.0,26.388
1035.0,26.362
1009.0,25.121
1056.0,23.388
1063.0,23.384
1063.0,24.66
1070.0,26.819
1051.0,29.774
1051.0,32.91
1041.0,34.574
989.0,11.091
966.0,15.049
783.0,20.9
209.0,25.528
1174.0,27.075
925.0,26.141
349.0,24.216
175.0,23.274
446.0,23.434
1586.0,23.841
1457.0,24.046
273.0,25.749
37.0,28.944
37.0,32.839
32.0,36.205
16.0,35.883
29.0,32.3
447.0,29.491
999.0,28.192
1048.0,28.377
1057.0,28.274
1056.0,27.229
1054.0,26.147
1055.0,26.368
1053.0,27.984
1055.0,30.482
1049.0,33.677
1053.0,37.409
1060.0,39.915
1051.0,40.705
1045.0,40.947
1042.0,12.696
1041.0,17.609
1050.0,23.308
1065.0,28.861
1047.0,31.314
1040.0,30.323
1047.0,27.932
1046.0,26.86
1052.0,27.045
1074.0,27.828
1060.0,28.399
1056.0,30.688
1038.0,34.826
1011.0,39.223
954.0,42.109
766.0,41.32
293.0,37.678
93.0,34.067
146.0,32.052
61.0,31.618
23.0,30.865
101.0,29.327
1072.0,27.961
1194.0,27.947
562.0,29.603
63.0,31.929
46.0,35.659
33.0,40.208
12.0,43.871
16.0,46.014
65.0,47.722
688.0,48.532
1037.0,47.826
1059.0,13.741
1061.0,19.377
1055.0,26.204
1058.0,32.093
1059.0,34.435
1051.0,32.963
1057.0,30.482
1055.0,29.987
1055.0,30.901
1049.0,32.081
1059.0,33.218
1061.0,35.69
1047.0,40.012
1064.0,44.109
1063.0,46.204
1040.0,45.078
1042.0,41.859
1042.0,38.97
1059.0,37.02
1071.0,35.683
1072.0,34.363
1052.0,32.11
1057.0,30.3
1040.0,29.891
991.0,31.139
974.0,33.511
810.0,37.392
235.0,42.324
848.0,46.825
1162.0,50.067
963.0,52.102
275.0,52.635
184.0,52.847
1247.0,51.987
1175.0,50.999
1005.0,14.377
736.0,20.447
173.0,28.592
49.0,35.052
19.0,37.009
1.0,35.339
273.0,33.526
947.0,34.088
1052.0,35.637
1056.0,36.883
1053.0,37.861
1057.0,40.8
1051.0,44.464
1056.0,47.566
1053.0,49.006
1056.0,47.699
1053.0,45.319
1060.0,43.462
1058.0,41.904
1067.0,40.101
1069.0,37.979
1078.0,35.456
1072.0,33.424
1059.0,32.259
1028.0,32.938
1039.0,35.268
1045.0,38.904
1078.0,44.101
1082.0,49.005
1075.0,52.662
1049.0,54.619
1040.0,55.655
1012.0,55.695
976.0,55.691
960.0,56.014
831.0,54.591
386.0,51.104
69.0,14.705
106.0,21.162
62.0,30.169
156.0,37.506
1025.0,40.06
1437.0,39.295
1416.0,38.413
1035.0,39.529
1024.0,41.328
1034.0,42.333
829.0,43.544
262.0,45.921
12.0,48.942
62.0,50.415
710.0,50.472
1039.0,49.274
1047.0,48.022
1041.0,47.719
1045.0,46.6
1041.0,44.288
1042.0,41.652
1047.0,39.565
1047.0,37.396
1043.0,36.686
1042.0,36.942
1052.0,38.865
1062.0,41.74
1075.0,46.617
1080.0,51.247
1078.0,54.919
1055.0,56.671
1041.0,57.937
1056.0,57.655
1053.0,58.091
1051.0,58.564
1074.0,58.458
1082.0,56.643
1060.0,52.298
1065.0,14.718
1044.0,21.748
970.0,32.128
921.0,40.779
626.0,45.138
218.0,45.431
981.0,45.22
868.0,46.194
514.0,47.788
117.0,48.989
45.0,50.009
97.0,52.048
104.0,53.862
354.0,53.54
1280.0,52.052
1596.0,50.643
1517.0,50.548
1331.0,50.816
413.0,50.0
35.0,47.2
52.0,45.311
430.0,44.149
989.0,43.257
1047.0,42.837
1053.0,43.28
1038.0,44.621
1025.0,47.254
1038.0,50.684
1040.0,54.133
1031.0,57.168
1043.0,58.979
1056.0,60.028
1082.0,59.806
1204.0,60.004
1474.0,60.82
1471.0,61.74
1210.0,60.38
1100.0,57.589
1082.0,53.563
1084.0,15.594
1096.0,23.327
1100.0,34.486
1093.0,45.224
1061.0,50.63
1066.0,52.178
1029.0,52.296
972.0,53.473
819.0,54.862
241.0,55.563
62.0,56.812
37.0,58.286
37.0,59.296
35.0,57.978
39.0,55.565
33.0,53.934
49.0,53.745
50.0,53.404
57.0,51.742
93.0,49.353
837.0,48.259
1451.0,49.487
979.0,50.297
228.0,50.747
19.0,51.538
34.0,52.763
38.0,54.613
192.0,56.594
911.0,58.644
1049.0,60.742
1050.0,62.359
1039.0,63.448
1021.0,63.459
1031.0,63.79
1039.0,64.334
1046.0,65.378
1059.0,64.487
1641.0,62.721
1978.0,59.975
2184.0,54.729
2338.0,17.354
2349.0,25.491
2179.0,37.918
1544.0,49.282
1239.0,55.38
1158.0,57.434
1114.0,58.315
1096.0,59.642
1067.0,61.089
1056.0,62.374
987.0,62.906
968.0,63.488
762.0,63.258
331.0,61.041
31.0,58.527
36.0,56.954
37.0,56.308
38.0,55.67
41.0,53.465
59.0,50.962
59.0,51.101
104.0,53.923
765.0,55.557
1414.0,56.742
1280.0,57.842
714.0,59.411
87.0,60.891
96.0,62.238
197.0,63.066
114.0,64.408
23.0,65.478
43.0,66.712
462.0,67.214
908.0,67.711
1033.0,68.247
1050.0,68.649
1052.0,67.829
1060.0,66.273
1062.0,64.118
1152.0,59.406
1640.0,51.548
1335.0,20.32
1213.0,29.906
1413.0,42.525
1509.0,53.494
1423.0,59.252
1496.0,61.37
1752.0,62.349
2270.0,64.081
2499.0,65.31
1714.0,66.32
1053.0,66.944
973.0,66.816
1000.0,65.546
751.0,62.921
180.0,59.882
42.0,58.498
34.0,58.431
38.0,57.873
32.0,55.896
42.0,53.884
43.0,54.326
61.0,57.436
377.0,59.336
1567.0,60.291
1720.0,61.799
1254.0,63.954
1076.0,65.391
1037.0,65.89
1024.0,66.141
1033.0,66.749
1047.0,68.067
1041.0,69.313
1021.0,69.857
938.0,69.884
727.0,69.913
538.0,69.969
796.0,69.188
1030.0,68.268
1031.0,66.352
1050.0,61.914
1051.0,54.396
1074.0,46.711
1418.0,23.93
1951.0,33.857
1741.0,45.618
1524.0,55.528
1488.0,60.85
1429.0,63.105
1597.0,64.542
1722.0,65.578
1781.0,67.003
2540.0,68.006
1964.0,68.485
1016.0,68.515
995.0,67.138
727.0,64.826
102.0,61.688
47.0,60.67
50.0,60.776
59.0,61.029
61.0,59.073
61.0,57.384
526.0,57.165
1498.0,60.57
1109.0,61.761
1014.0,63.04
1009.0,64.195
1018.0,65.971
1029.0,67.472
1023.0,67.938
1028.0,68.033
1024.0,68.63
1020.0,69.679
1014.0,70.92
1041.0,71.324
1061.0,71.205
1040.0,70.895
1047.0,70.323
1034.0,70.074
1030.0,69.426
1042.0,67.713
1028.0,63.572
1040.0,56.805
1095.0,50.152
1517.0,45.351
2396.0,26.02
2663.0,35.563
2600.0,46.45
2471.0,54.802
2543.0,60.373
2560.0,63.046
2018.0,64.881
1208.0,66.461
1001.0,67.306
941.0,68.155
782.0,68.553
396.0,68.942
4.0,68.089
57.0,66.696
53.0,64.417
43.0,63.591
49.0,64.14
134.0,64.125
1307.0,62.289
1230.0,60.167
992.0,60.006
983.0,62.643
962.0,64.656
933.0,64.869
917.0,66.143
925.0,67.314
947.0,68.432
965.0,68.821
978.0,68.732
994.0,69.427
987.0,70.875
991.0,72.418
997.0,72.458
1020.0,72.298
1040.0,71.533
1054.0,71.438
1056.0,71.28
1053.0,70.801
1052.0,69.399
1059.0,65.502
1077.0,59.044
1089.0,52.738
1073.0,48.715
1081.0,44.818
1076.0,26.938
1064.0,36.123
1014.0,46.476
994.0,54.216
997.0,59.484
778.0,62.685
605.0,65.098
70.0,66.693
9.0,67.232
83.0,68.479
67.0,68.649
71.0,69.181
63.0,69.06
332.0,68.327
1837.0,66.587
1210.0,66.705
986.0,67.302
952.0,66.837
927.0,64.653
921.0,62.645
951.0,62.556
984.0,65.443
817.0,66.909
515.0,67.215
215.0,67.34
102.0,68.497
239.0,69.206
471.0,69.304
783.0,69.41
979.0,70.068
1006.0,71.555
989.0,73.54
958.0,73.665
932.0,72.94
952.0,72.545
969.0,72.51
980.0,72.202
963.0,72.319
965.0,71.179
956.0,67.729
957.0,61.258
993.0,54.529
984.0,50.396
861.0,46.549
664.0,26.698
143.0,35.719
1122.0,45.749
1417.0,53.659
1654.0,59.149
1413.0,62.695
1385.0,65.26
1431.0,66.302
1070.0,67.505
993.0,68.156
941.0,69.005
913.0,69.392
974.0,68.973
968.0,68.703
572.0,67.502
76.0,67.955
10.0,68.779
2.0,68.64
5.0,66.59
3.0,64.586
4.0,65.236
7.0,67.704
95.0,69.082
272.0,69.372
546.0,69.061
625.0,69.671
694.0,69.845
696.0,70.133
752.0,69.631
805.0,70.439
697.0,71.72
548.0,73.491
672.0,73.918
225.0,73.146
30.0,73.118
13.0,72.844
1528.0,72.772
1714.0,72.69
1759.0,71.996
1951.0,69.224
1681.0,62.761
1109.0,55.838
1004.0,51.109
944.0,46.451
935.0,25.446
965.0,34.361
946.0,43.889
466.0,51.83
38.0,57.789
17.0,62.176
10.0,65.144
2.0,66.271
8.0,66.87
53.0,67.618
105.0,68.423
138.0,68.934
49.0,68.462
415.0,68.106
233.0,67.672
124.0,68.403
449.0,69.868
388.0,69.741
272.0,68.11
71.0,67.002
22.0,67.116
8.0,69.236
4.0,70.449
1609.0,70.383
1322.0,69.802
1138.0,69.961
1039.0,70.206
1005.0,69.831
961.0,69.644
957.0,70.187
1000.0,71.457
998.0,73.28
674.0,73.615
307.0,73.001
423.0,72.528
444.0,72.416
552.0,72.127
283.0,72.296
413.0,72.39
53.0,69.599
102.0,63.962
195.0,56.867
85.0,50.651
31.0,45.147
6.0,23.643
3.0,31.842
2.0,40.463
3.0,48.214
7.0,54.922
956.0,60.734
934.0,65.052
964.0,66.701
968.0,66.747
991.0,68.105
827.0,68.649
800.0,68.975
381.0,68.206
228.0,67.761
15.0,67.494
400.0,68.717
365.0,70.3
167.0,70.302
13.0,69.498
1.0,68.694
667.0,68.171
412.0,69.757
107.0,70.757
247.0,70.702
40.0,70.171
928.0,69.853
918.0,69.358
918.0,69.673
950.0,69.298
979.0,70.281
1012.0,71.489
932.0,73.411
457.0,73.141
66.0,72.701
547.0,72.424
551.0,72.403
241.0,72.144
13.0,71.788
1485.0,72.307
1108.0,70.345
1009.0,65.063
969.0,57.606
932.0,50.674
938.0,43.708
943.0,22.684
926.0,29.148
972.0,36.525
985.0,43.1
958.0,50.931
769.0,58.031
458.0,64.103
250.0,67.256
68.0,67.653
443.0,67.642
771.0,68.249
612.0,68.137
143.0,67.328
57.0,67.246
54.0,67.483
1319.0,69.474
1510.0,71.03
1458.0,70.932
1052.0,69.83
1058.0,68.695
1050.0,67.744
1041.0,69.058
1021.0,70.162
980.0,70.447
946.0,69.871
926.0,69.384
936.0,69.343
955.0,69.006
987.0,69.101
985.0,69.574
879.0,71.06
716.0,72.593
564.0,73.282
437.0,72.008
334.0,71.73
239.0,71.965
203.0,71.726
371.0,71.553
549.0,71.947
300.0,69.951
11.0,65.041
42.0,57.512
23.0,50.019
18.0,42.636
13.0,23.32
1504.0,28.251
1136.0,33.358
1070.0,39.006
1043.0,47.024
1045.0,55.198
1074.0,62.767
1095.0,66.632
1053.0,67.581
1002.0,67.306
1011.0,67.357
963.0,66.935
925.0,66.679
910.0,66.904
910.0,68.143
934.0,70.146
946.0,72.401
945.0,72.15
944.0,70.587
949.0,68.733
965.0,67.208
974.0,68.439
966.0,69.327
974.0,70.27
985.0,70.59
1003.0,70.706
1019.0,70.527
1017.0,70.681
892.0,70.385
647.0,70.815
549.0,71.864
88.0,73.499
19.0,73.637
1138.0,73.026
955.0,72.46
952.0,72.223
953.0,72.045
952.0,72.325
972.0,72.183
993.0,69.777
979.0,64.264
988.0,56.768
965.0,49.436
942.0,42.237
924.0,24.402
925.0,28.57
913.0,31.766
927.0,35.848
910.0,43.167
908.0,51.689
908.0,59.274
914.0,64.785
900.0,66.568
899.0,66.53
894.0,66.731
909.0,66.881
916.0,66.437
939.0,66.91
968.0,68.25
994.0,70.816
950.0,73.457
938.0,73.379
969.0,71.356
975.0,69.018
873.0,67.765
706.0,68.649
167.0,69.661
3.0,71.079
1967.0,71.473
1493.0,72.272
1042.0,72.593
975.0,72.636
966.0,72.111
984.0,72.383
998.0,73.24
974.0,73.773
977.0,73.806
955.0,74.047
930.0,73.284
940.0,72.872
929.0,73.034
933.0,73.255
930.0,72.467
918.0,68.903
922.0,63.062
926.0,55.611
935.0,48.236
953.0,41.023
964.0,27.335
1002.0,31.138
1034.0,32.163
1009.0,34.117
1009.0,40.161
1020.0,47.898
1013.0,55.983
994.0,62.454
1030.0,65.189
1085.0,66.226
1075.0,66.672
1005.0,66.767
1041.0,66.891
865.0,67.484
558.0,68.645
25.0,71.383
427.0,74.099
1385.0,73.668
2126.0,71.947
1913.0,70.209
1207.0,68.968
1085.0,70.162
1073.0,71.529
1082.0,72.703
1072.0,72.785
1036.0,73.018
991.0,73.303
935.0,73.346
911.0,72.617
928.0,72.661
927.0,73.005
924.0,73.656
936.0,73.958
987.0,74.026
1040.0,73.736
1049.0,73.323
1034.0,73.336
1030.0,73.799
1033.0,71.533
1072.0,67.148
1358.0,61.831
2110.0,54.919
2666.0,46.707
2724.0,29.178
2613.0,34.293
2350.0,33.952
2213.0,33.983
2328.0,38.594
2696.0,45.439
2147.0,52.784
1144.0,59.369
672.0,62.72
180.0,65.129
59.0,66.557
73.0,67.034
186.0,67.136
813.0,67.438
1611.0,69.057
2014.0,71.645
1674.0,74.233
1226.0,73.555
1059.0,72.467
1042.0,71.695
1012.0,71.001
1023.0,71.686
1036.0,72.947
1036.0,73.911
1052.0,73.869
1030.0,73.609
1014.0,73.331
992.0,73.455
1001.0,73.081
1016.0,72.958
1012.0,73.083
1042.0,73.541
1060.0,73.894
1481.0,73.953
2418.0,73.92
2332.0,73.364
1932.0,73.256
1511.0,72.822
1487.0,69.74
1545.0,63.791
1491.0,57.768
1421.0,50.874
1795.0,28.659
2546.0,33.964
2054.0,33.505
1113.0,32.516
732.0,36.629
120.0,42.729
2.0,49.523
40.0,54.9
53.0,59.372
67.0,63.303
88.0,66.103
735.0,67.153
1450.0,66.782
1469.0,67.213
1388.0,68.864
1300.0,71.722
606.0,73.975
202.0,73.824
441.0,73.097
566.0,72.094
272.0,71.858
343.0,73.011
418.0,73.968
352.0,73.934
444.0,72.849
499.0,72.194
405.0,71.523
260.0,72.15
357.0,72.085
974.0,72.345
1421.0,72.795
1534.0,73.132
1542.0,73.746
1703.0,73.761
1535.0,73.571
1663.0,73.012
1677.0,72.312
1706.0,70.205
2100.0,65.132
2141.0,57.793
1848.0,24.674
1288.0,28.997
1045.0,28.612
1033.0,28.468
791.0,32.945
202.0,39.542
41.0,45.92
37.0,51.279
46.0,56.102
56.0,61.4
228.0,65.245
1170.0,66.561
1562.0,66.425
1452.0,66.636
1335.0,68.649
1207.0,71.824
507.0,73.737
42.0,73.968
25.0,73.368
20.0,72.593
18.0,72.255
12.0,73.373
17.0,73.967
37.0,73.254
65.0,70.372
348.0,68.461
1004.0,67.783
1203.0,68.589
1421.0,69.711
1667.0,71.085
1414.0,72.109
1499.0,72.456
2151.0,72.948
1848.0,72.85
1177.0,71.716
1095.0,69.881
1047.0,67.007
1072.0,62.59
1100.0,19.727
1025.0,22.774
1019.0,23.469
1012.0,24.15
866.0,28.744
302.0,35.316
114.0,41.979
220.0,47.361
415.0,52.272
681.0,58.575
1208.0,63.494
1425.0,65.164
1466.0,65.486
1570.0,66.304
1634.0,67.988
1594.0,71.358
807.0,73.375
70.0,73.751
20.0,73.731
15.0,72.411
15.0,71.877
172.0,72.323
550.0,72.638
881.0,70.349
1021.0,66.495
1044.0,63.25
1061.0,62.195
1120.0,62.932
1633.0,64.637
2231.0,67.095
2441.0,68.762
2506.0,69.149
1767.0,69.34
1133.0,68.649
1065.0,66.015
1055.0,61.702
1041.0,56.892
1071.0,17.258
1087.0,20.203
1066.0,20.947
1050.0,21.497
1018.0,24.92
1001.0,30.921
959.0,37.602
754.0,43.045
107.0,47.995
175.0,54.306
199.0,59.018
774.0,61.311
1567.0,62.472
1513.0,64.239
1155.0,66.044
1032.0,69.674
1055.0,71.816
996.0,72.805
535.0,72.187
82.0,70.518
23.0,69.04
12.0,69.068
14.0,68.466
15.0,65.916
454.0,61.687
1029.0,57.755
1044.0,55.841
1059.0,55.603
1052.0,56.9
1047.0,59.578
1043.0,61.139
1044.0,61.087
1051.0,60.334
1080.0,58.535
1096.0,16.129
1096.0,19.32
1083.0,20.107
1066.0,20.282
1058.0,22.92
1018.0,28.422
1018.0,33.733
1055.0,38.518
1080.0,43.269
1076.0,48.077
1067.0,51.604
1059.0,53.483
1042.0,55.349
987.0,58.482
940.0,62.146
615.0,65.973
1032.0,68.505
759.0,68.573
127.0,67.942
493.0,65.071
1435.0,63.167
1063.0,62.804
1042.0,62.17
730.0,59.636
108.0,55.401
33.0,51.192
20.0,47.9
15.0,45.875
18.0,46.069
15.0,47.788
23.0,15.357
406.0,18.68
1007.0,19.722
1039.0,19.823
1033.0,21.947
1044.0,26.388
1037.0,30.523
1041.0,34.105
1038.0,37.233
1028.0,39.29
1027.0,41.472
1056.0,42.992
1072.0,45.554
1069.0,50.266
1069.0,55.373
1061.0,59.394
1064.0,61.677
1026.0,61.806
1013.0,60.869
1040.0,58.108
1065.0,54.882
1066.0,53.627
1058.0,52.466
1052.0,50.466
1059.0,47.394
1044.0,43.643
971.0,14.592
823.0,18.133
360.0,19.322
1012.0,19.417
530.0,21.218
54.0,24.975
204.0,27.971
1269.0,30.44
1202.0,31.283
810.0,31.815
115.0,32.767
48.0,34.043
35.0,36.153
26.0,40.693
21.0,45.298
29.0,48.936
26.0,49.675
444.0,48.601
986.0,47.822
1041.0,46.366
1051.0,44.427
1054.0,13.76
1039.0,17.173
1029.0,19.023
1047.0,19.553
1050.0,20.85
1056.0,23.498
1046.0,25.332
1040.0,26.447
1039.0,27.084
1047.0,13.166
1057.0,15.929
1056.0,18.523
1041.0,10.289
1036.0,12.997
1019.0,16.648
1052.0,20.288
1059.0,23.329
1064.0,24.189
1057.0,10.556
1052.0,12.66
1059.0,16.999
1061.0,22.135
1019.0,25.616
970.0,26.215
680.0,24.713
103.0,22.797
49.0,21.841
48.0,21.36
42.0,20.921
261.0,21.441
1347.0,23.334
1590.0,26.157
630.0,29.026
56.0,10.45
38.0,12.56
24.0,17.086
21.0,22.708
8.0,25.908
8.0,26.157
150.0,24.632
818.0,22.951
1038.0,22.992
1042.0,22.804
1050.0,22.951
1052.0,23.749
1054.0,26.135
1054.0,29.464
1059.0,32.934
1061.0,33.427
1057.0,31.151
1055.0,28.372
1059.0,26.443
1059.0,25.567
1063.0,24.712
1059.0,23.435
1062.0,21.856
1053.0,10.696
1039.0,13.01
1017.0,17.688
1047.0,23.067
1060.0,25.823
1065.0,25.554
1064.0,23.914
1057.0,23.001
1058.0,23.414
1053.0,23.41
1034.0,23.611
961.0,24.832
928.0,27.805
382.0,31.61
48.0,35.428
78.0,35.875
447.0,33.277
1222.0,30.303
1659.0,28.476
1806.0,27.528
1395.0,26.781
214.0,24.866
40.0,23.056
30.0,22.507
24.0,22.508
19.0,23.479
160.0,25.116
872.0,11.235
1021.0,14.641
1039.0,20.149
1057.0,25.315
1055.0,27.001
1062.0,25.801
1054.0,23.71
1056.0,23.069
1061.0,23.605
1058.0,24.194
1053.0,24.523
1061.0,26.115
1061.0,28.848
1056.0,33.147
1046.0,36.705
1063.0,37.028
1058.0,34.427
1034.0,31.803
1014.0,29.726
1038.0,28.942
1047.0,27.784
1054.0,26.032
1057.0,24.114
1055.0,23.716
1056.0,24.635
1060.0,27.002
1021.0,30.159
962.0,33.906
949.0,36.12
574.0,12.619
1112.0,17.367
876.0,24.224
251.0,29.576
73.0,30.186
314.0,28.151
1429.0,25.653
1854.0,24.998
749.0,25.908
61.0,26.214
37.0,27.043
25.0,28.754
18.0,32.473
7.0,36.735
254.0,40.178
842.0,40.147
1070.0,37.175
1073.0,34.736
1058.0,32.474
1054.0,31.529
1046.0,29.988
1056.0,28.107
1062.0,26.061
1058.0,25.931
1051.0,27.254
1064.0,29.745
1054.0,33.321
1007.0,38.129
1008.0,42.089
1023.0,43.913
1059.0,44.416
1040.0,13.798
1022.0,19.708
1033.0,27.542
1054.0,33.25
1029.0,34.956
1054.0,32.949
1051.0,30.053
1054.0,29.425
1053.0,30.789
1017.0,31.833
994.0,32.895
982.0,35.199
808.0,39.589
176.0,43.839
436.0,46.652
482.0,46.171
59.0,43.796
42.0,41.317
782.0,38.875
1366.0,36.636
829.0,34.038
144.0,31.293
47.0,28.948
23.0,28.617
13.0,30.226
3.0,32.696
105.0,36.55
709.0,41.641
1058.0,46.193
1061.0,49.477
1054.0,50.697
1052.0,50.466
1043.0,48.788
1045.0,14.358
1054.0,21.252
1058.0,30.189
1062.0,36.871
1066.0,38.749
1065.0,36.973
1048.0,34.716
1047.0,34.763
1051.0,37.027
1068.0,38.172
1053.0,39.657
1028.0,42.051
1033.0,46.334
1052.0,50.061
1069.0,51.716
1063.0,50.88
1048.0,49.48
1053.0,48.347
1056.0,46.114
1023.0,42.705
970.0,39.232
972.0,35.648
713.0,33.211
304.0,32.681
860.0,33.537
1050.0,35.808
523.0,39.868
56.0,44.842
750.0,49.833
1160.0,53.195
1010.0,54.919
817.0,54.919
185.0,54.497
46.0,53.469
23.0,52.376
3.0,14.911
424.0,22.702
1009.0,32.85
1048.0,40.734
1057.0,43.432
1050.0,42.153
1044.0,41.002
1051.0,42.236
1060.0,44.806
1057.0,45.574
1062.0,46.444
1055.0,49.01
1058.0,52.459
1064.0,54.566
1061.0,55.351
1064.0,54.432
1073.0,53.569
1052.0,53.098
1041.0,51.189
1046.0,47.281
1041.0,43.798
1057.0,40.9
1075.0,38.846
1068.0,38.089
1051.0,38.706
1047.0,40.8
1020.0,44.205
1001.0,48.849
948.0,53.426
920.0,56.495
508.0,58.251
74.0,58.992
64.0,59.072
71.0,58.871
97.0,59.039
692.0,57.478
1491.0,53.613
1389.0,15.61
1017.0,23.976
1014.0,36.423
1018.0,46.362
719.0,50.374
159.0,50.474
11.0,49.502
4.0,50.622
200.0,52.023
870.0,53.097
1030.0,53.889
1050.0,55.803
1051.0,58.272
1052.0,58.814
1049.0,58.142
1045.0,57.051
1048.0,56.277
1046.0,56.015
1038.0,53.653
1039.0,50.287
1053.0,47.828
1070.0,46.639
1068.0,46.148
1062.0,46.065
1054.0,46.28
1056.0,48.234
1049.0,50.611
1036.0,54.67
1049.0,58.404
1058.0,60.688
1052.0,62.08
1047.0,62.474
1061.0,62.647
1055.0,62.536
992.0,62.908
971.0,62.501
939.0,59.676
383.0,54.021
253.0,16.708
371.0,26.263
257.0,40.528
102.0,52.388
47.0,57.802
99.0,58.145
253.0,57.399
945.0,57.571
1646.0,58.759
1650.0,60.0
1609.0,60.153
1290.0,61.784
488.0,63.072
20.0,62.236
2.0,60.229
154.0,58.737
879.0,58.051
1034.0,57.49
1043.0,55.068
1034.0,52.321
1032.0,50.919
1039.0,52.383
1037.0,53.374
1040.0,53.595
1032.0,54.394
1042.0,55.644
1058.0,57.704
1101.0,60.829
1131.0,63.127
1105.0,64.671
1072.0,65.475
1067.0,66.183
1069.0,65.955
1052.0,65.949
1069.0,66.677
1078.0,66.394
1062.0,64.032
1049.0,59.749
1058.0,55.192
1059.0,18.435
988.0,28.869
957.0,43.656
723.0,56.412
239.0,62.315
35.0,62.747
21.0,61.715
38.0,61.789
45.0,63.149
47.0,63.884
53.0,64.301
64.0,65.658
66.0,66.324
379.0,64.814
1388.0,62.254
1311.0,60.707
1014.0,59.613
408.0,58.687
17.0,56.025
8.0,53.394
19.0,53.342
65.0,56.087
717.0,57.876
1021.0,58.698
1044.0,59.262
1039.0,60.209
1033.0,62.22
1032.0,64.471
1034.0,66.086
1043.0,67.159
1065.0,67.972
1272.0,68.649
2145.0,68.698
2474.0,68.507
2151.0,68.857
1348.0,68.849
1119.0,66.88
1084.0,63.661
1080.0,60.546
1091.0,56.572
1093.0,50.68
1066.0,20.511
1059.0,31.669
1063.0,46.604
1041.0,58.901
967.0,64.189
902.0,64.502
683.0,63.76
158.0,64.275
23.0,65.798
26.0,66.654
26.0,67.197
33.0,67.612
25.0,67.774
50.0,65.871
54.0,62.921
168.0,61.014
1130.0,60.678
1710.0,60.24
1285.0,57.962
426.0,55.426
28.0,55.588
20.0,58.717
38.0,60.296
36.0,60.893
2.0,61.784
19.0,63.107
368.0,64.708
750.0,66.212
998.0,67.138
1032.0,67.629
1046.0,68.552
1050.0,69.679
1054.0,70.21
1343.0,70.046
1631.0,70.08
1270.0,70.413
1614.0,69.053
2117.0,66.442
2353.0,64.123
2067.0,61.073
1589.0,56.681
1304.0,50.771
1209.0,22.96
1095.0,34.352
1016.0,48.659
1041.0,60.118
1008.0,65.166
958.0,65.249
969.0,65.286
565.0,66.128
70.0,67.796
32.0,69.014
29.0,69.332
34.0,69.427
40.0,68.957
32.0,66.775
63.0,64.018
221.0,62.638
1284.0,62.359
1556.0,62.484
1419.0,60.521
1140.0,57.946
976.0,57.791
947.0,60.47
1006.0,61.784
1019.0,62.325
918.0,63.317
635.0,64.934
325.0,66.593
143.0,67.329
77.0,67.605
222.0,68.287
795.0,68.779
1021.0,69.976
1038.0,70.773
964.0,70.697
1168.0,70.824
1720.0,71.079
1405.0,70.039
1386.0,68.63
1444.0,66.66
1402.0,63.934
1340.0,59.96
1669.0,55.481
2007.0,50.634
2423.0,25.322
2384.0,36.389
1270.0,49.523
993.0,60.398
962.0,65.504
993.0,66.559
835.0,66.731
481.0,67.325
10.0,68.649
28.0,69.967
35.0,70.367
46.0,70.381
41.0,70.306
24.0,68.877
361.0,66.853
1285.0,65.505
1100.0,65.468
1050.0,65.153
1040.0,63.142
1027.0,60.406
1028.0,59.887
1042.0,61.784
1040.0,62.928
1020.0,63.482
1011.0,64.323
1012.0,66.453
1028.0,67.644
1042.0,68.449
998.0,68.508
986.0,69.382
1010.0,69.902
1030.0,70.702
1031.0,71.187
1033.0,70.966
1046.0,70.957
1421.0,70.925
2339.0,70.802
2406.0,69.821
2009.0,68.693
1536.0,65.611
1387.0,61.359
1569.0,57.062
2152.0,52.958
2630.0,48.015
2107.0,27.323
1069.0,37.711
981.0,49.583
844.0,59.459
569.0,64.942
235.0,66.938
38.0,67.373
36.0,67.882
49.0,69.289
64.0,70.093
204.0,70.517
1223.0,71.107
1105.0,71.294
992.0,70.985
1009.0,69.455
1023.0,68.895
1024.0,68.926
989.0,67.958
1031.0,65.486
1030.0,62.863
964.0,62.065
921.0,63.682
924.0,64.945
930.0,65.302
947.0,65.78
960.0,67.492
1012.0,68.834
1038.0,69.009
1036.0,69.42
1043.0,70.371
1049.0,71.184
1047.0,72.157
1077.0,72.365
1134.0,71.953
1536.0,71.708
2174.0,71.89
2458.0,72.04
2400.0,71.668
1980.0,70.635
1319.0,67.875
1028.0,63.144
997.0,57.94
938.0,53.869
606.0,49.502
438.0,28.439
23.0,38.28
66.0,49.525
109.0,59.365
150.0,64.663
471.0,66.608
1471.0,67.296
1283.0,67.74
971.0,68.708
971.0,69.799
1017.0,70.82
1009.0,71.073
978.0,71.358
946.0,71.118
933.0,70.175
935.0,70.111
941.0,70.31
973.0,69.91
1005.0,68.085
1013.0,65.729
1005.0,65.048
974.0,66.82
961.0,67.444
940.0,67.191
962.0,67.559
983.0,68.421
1006.0,69.13
1023.0,69.685
1048.0,69.897
1058.0,70.669
1032.0,71.701
1037.0,73.12
1052.0,73.24
1011.0,73.021
979.0,72.938
1012.0,72.694
999.0,72.76
783.0,72.839
530.0,72.707
30.0,69.854
1665.0,64.812
1935.0,58.881
2129.0,54.238
2129.0,49.707
2013.0,44.918
1524.0,28.712
1086.0,38.338
1063.0,49.21
1024.0,58.85
1018.0,64.924
985.0,67.174
936.0,67.88
921.0,68.05
959.0,68.778
994.0,69.682
937.0,70.188
813.0,70.704
723.0,70.754
634.0,70.679
663.0,69.875
853.0,69.966
953.0,70.72
1015.0,71.243
1035.0,70.003
1019.0,68.753
1007.0,68.308
1029.0,69.475
1034.0,70.408
1057.0,69.663
1052.0,69.115
1010.0,69.351
902.0,69.791
724.0,70.1
682.0,69.997
400.0,70.944
10.0,71.931
1419.0,73.311
1354.0,73.829
1357.0,73.256
1395.0,72.945
1703.0,72.924
1377.0,72.874
1061.0,73.189
1060.0,73.478
1030.0,71.726
985.0,66.218
956.0,59.995
936.0,54.663
976.0,50.288
964.0,45.421
677.0,28.788
353.0,37.915
160.0,48.238
67.0,57.949
9.0,64.301
2.0,67.039
11.0,68.324
85.0,68.513
130.0,68.798
401.0,69.494
669.0,69.851
429.0,70.391
400.0,70.361
528.0,70.021
186.0,69.0
10.0,69.872
1341.0,71.273
1483.0,72.065
1728.0,71.768
1855.0,70.686
1293.0,70.078
1031.0,71.19
1006.0,71.607
963.0,71.006
947.0,70.056
937.0,70.15
985.0,70.365
943.0,70.312
647.0,70.127
187.0,70.951
12.0,71.94
37.0,73.355
110.0,73.6
179.0,73.122
48.0,72.916
128.0,72.887
531.0,72.639
419.0,73.219
544.0,73.535
159.0,72.473
27.0,68.123
20.0,61.398
9.0,55.535
2.0,50.087
7.0,45.43
12.0,27.867
1071.0,36.001
943.0,46.119
953.0,55.531
950.0,62.099
934.0,65.954
949.0,68.313
997.0,69.059
955.0,68.451
957.0,69.066
947.0,70.062
776.0,70.1
209.0,69.368
176.0,69.022
282.0,68.58
68.0,69.879
104.0,71.697
39.0,72.452
7.0,71.974
924.0,71.596
873.0,70.858
889.0,71.649
714.0,72.304
670.0,71.552
214.0,70.73
118.0,70.417
8.0,70.351
1.0,69.98
991.0,69.924
882.0,70.622
586.0,71.405
834.0,73.399
812.0,73.596
543.0,72.665
61.0,72.062
103.0,72.41
71.0,72.463
1020.0,72.363
980.0,73.091
924.0,72.18
917.0,68.236
919.0,61.852
930.0,55.622
957.0,49.895
992.0,45.48
983.0,27.463
836.0,34.962
562.0,43.67
611.0,52.521
241.0,60.218
296.0,65.283
303.0,68.452
86.0,69.897
1902.0,69.196
1448.0,69.441
1104.0,69.604
1045.0,69.864
1028.0,69.02
996.0,69.1
973.0,68.891
960.0,70.472
929.0,72.393
918.0,72.717
906.0,71.828
935.0,70.901
962.0,70.11
1002.0,71.292
979.0,71.981
866.0,71.656
560.0,70.628
368.0,70.442
394.0,70.143
357.0,69.996
579.0,69.681
399.0,70.536
204.0,71.863
5.0,73.24
6.0,73.747
1898.0,72.582
1371.0,72.056
1098.0,72.077
1054.0,71.783
1074.0,71.642
1067.0,72.486
1048.0,71.517
988.0,68.085
994.0,61.784
995.0,55.507
1002.0,49.318
1006.0,44.967
948.0,28.124
896.0,34.491
896.0,42.004
888.0,49.11
913.0,57.085
934.0,63.463
938.0,68.115
960.0,70.139
981.0,69.753
1001.0,68.934
1011.0,68.909
968.0,68.649
812.0,68.488
360.0,68.493
520.0,69.23
367.0,71.424
70.0,73.33
15.0,72.797
3.0,71.32
953.0,69.802
972.0,69.215
1034.0,70.181
1032.0,71.207
1034.0,71.255
1052.0,70.664
1059.0,71.016
1056.0,71.024
1064.0,71.059
1092.0,70.727
1080.0,70.857
1034.0,71.813
1001.0,73.426
975.0,73.47
962.0,73.116
928.0,72.308
911.0,71.858
908.0,71.624
915.0,71.799
890.0,72.699
908.0,71.123
913.0,67.462
912.0,61.495
910.0,54.744
923.0,47.853
941.0,42.785
956.0,29.32
984.0,34.913
931.0,39.667
616.0,45.055
369.0,52.887
69.0,60.41
907.0,66.511
918.0,70.078
940.0,69.967
981.0,68.994
1008.0,68.759
1033.0,68.649
1033.0,68.38
1047.0,68.324
1048.0,69.599
1036.0,72.212
1011.0,73.809
999.0,73.646
966.0,71.424
966.0,69.589
1001.0,68.649
948.0,69.648
933.0,70.356
959.0,71.482
984.0,71.667
948.0,72.269
956.0,73.057
976.0,73.053
1006.0,72.799
1024.0,72.945
1039.0,72.919
1041.0,73.808
1006.0,74.147
1018.0,74.233
1006.0,73.763
972.0,72.561
973.0,72.838
900.0,73.358
573.0,73.467
166.0,71.654
918.0,67.28
907.0,61.174
914.0,53.719
939.0,45.907
954.0,31.606
965.0,37.048
985.0,38.666
991.0,41.356
1033.0,48.242
1001.0,56.309
908.0,63.252
920.0,68.449
967.0,69.674
995.0,69.646
980.0,69.553
985.0,69.258
1007.0,68.81
994.0,68.972
981.0,69.906
1006.0,72.556
1014.0,74.038
1023.0,73.026
1013.0,71.556
1001.0,69.856
1306.0,69.122
1914.0,70.193
2393.0,71.955
2558.0,72.877
2479.0,73.206
2461.0,73.565
2429.0,73.475
1883.0,73.607
1168.0,73.347
898.0,73.483
563.0,73.558
81.0,73.513
8.0,74.065
1975.0,74.172
1790.0,74.028
1423.0,73.469
1076.0,73.618
1020.0,73.968
982.0,73.748
994.0,71.501
982.0,67.662
1027.0,61.333
1043.0,52.927
1042.0,43.462
1019.0,31.777
976.0,36.951
951.0,36.866
972.0,38.124
984.0,43.75
1017.0,51.319
1030.0,59.233
1044.0,65.676
1054.0,68.973
1045.0,69.283
1040.0,69.473
1406.0,69.878
2543.0,69.257
2695.0,69.319
2446.0,70.057
1913.0,72.462
1414.0,73.377
1591.0,72.906
1651.0,71.49
1489.0,70.383
2190.0,69.797
2524.0,71.127
1664.0,72.53
1023.0,73.46
787.0,73.486
376.0,73.761
36.0,73.346
67.0,73.281
268.0,73.039
762.0,72.784
1239.0,73.089
1696.0,73.131
1993.0,73.626
1776.0,73.751
1516.0,73.664
1198.0,73.55
1038.0,73.837
1001.0,73.71
1004.0,72.251
993.0,68.698
1006.0,64.426
1026.0,58.183
1001.0,49.537
990.0,29.821
987.0,34.758
1001.0,34.85
1008.0,35.1
1012.0,40.337
1175.0,47.356
1963.0,55.372
2099.0,62.909
1709.0,66.555
1234.0,68.284
1190.0,69.949
1540.0,70.451
1511.0,70.042
1238.0,69.583
1641.0,70.377
2330.0,72.277
2139.0,73.449
1424.0,73.109
1016.0,71.946
1040.0,71.595
815.0,71.135
264.0,72.475
26.0,73.684
62.0,74.045
51.0,73.294
65.0,73.128
77.0,72.952
557.0,73.292
1364.0,73.058
1592.0,72.692
1238.0,72.966
1019.0,72.903
340.0,73.399
55.0,73.847
67.0,73.898
62.0,73.335
44.0,73.651
136.0,72.458
293.0,69.243
256.0,63.756
201.0,58.319
139.0,25.278
69.0,29.513
197.0,30.259
903.0,30.845
1209.0,35.957
1542.0,43.321
1791.0,50.98
1716.0,58.299
1627.0,63.133
1872.0,66.324
1901.0,69.285
1330.0,70.756
1087.0,70.127
1030.0,70.175
1022.0,70.728
1024.0,72.168
1008.0,73.379
1028.0,73.007
1020.0,72.237
775.0,71.604
132.0,71.202
9.0,72.482
37.0,73.461
33.0,73.228
57.0,71.196
73.0,70.499
81.0,70.634
345.0,71.329
1354.0,71.733
1582.0,72.078
1235.0,72.129
1016.0,72.595
683.0,72.742
74.0,72.73
27.0,72.536
16.0,71.601
5.0,69.998
4.0,66.717
3.0,61.115
33.0,54.327
44.0,19.746
93.0,23.259
472.0,24.224
1067.0,25.982
1297.0,31.295
1402.0,38.337
1901.0,46.09
2348.0,52.609
2330.0,57.93
1337.0,63.261
1072.0,68.206
1075.0,70.331
1066.0,71.221
1050.0,70.631
1050.0,71.043
1049.0,72.371
1043.0,73.629
1034.0,73.536
998.0,73.135
907.0,72.008
314.0,71.159
13.0,71.935
24.0,72.406
1.0,70.877
47.0,67.904
78.0,66.603
273.0,66.78
1048.0,68.393
1548.0,69.631
1619.0,70.647
1732.0,71.086
1571.0,70.924
1191.0,71.003
248.0,70.581
26.0,68.866
11.0,65.419
5.0,61.669
191.0,17.535
710.0,20.757
1015.0,22.146
1034.0,23.037
1045.0,27.315
1043.0,33.44
1100.0,40.339
1236.0,46.215
1216.0,52.43
1211.0,59.094
1099.0,65.348
1070.0,68.649
1058.0,69.779
1051.0,69.801
1034.0,70.07
1017.0,71.528
1057.0,73.431
1068.0,73.967
1057.0,73.212
1062.0,71.317
1046.0,69.564
1021.0,69.471
993.0,69.021
621.0,66.754
45.0,63.85
712.0,61.696
378.0,61.47
558.0,62.512
1161.0,64.083
1496.0,65.603
1112.0,66.067
1059.0,65.271
1071.0,63.91
1041.0,62.309
651.0,16.4
122.0,19.897
13.0,21.454
17.0,21.915
14.0,24.848
13.0,30.009
201.0,35.37
970.0,40.735
1043.0,46.407
1056.0,53.797
1053.0,59.833
1052.0,62.824
1054.0,64.424
1066.0,65.364
1059.0,66.62
1064.0,69.243
1062.0,71.234
1061.0,71.865
1051.0,71.056
1059.0,68.155
1066.0,65.351
1029.0,64.243
1012.0,63.203
1043.0,61.373
1061.0,58.631
1057.0,55.474
1060.0,53.714
1059.0,52.643
1053.0,53.147
1021.0,54.702
992.0,55.493
783.0,16.021
298.0,19.866
901.0,21.553
804.0,22.019
193.0,24.244
102.0,28.125
852.0,31.915
1114.0,35.692
1075.0,40.242
932.0,45.734
213.0,50.187
48.0,52.631
36.0,54.774
22.0,57.599
23.0,61.254
14.0,64.939
122.0,67.006
895.0,66.807
1046.0,65.771
1046.0,62.404
1043.0,59.273
1043.0,57.403
1043.0,56.11
1045.0,54.154
1055.0,51.451
1045.0,47.658
1044.0,44.537
1035.0,15.338
1035.0,19.739
1043.0,22.088
1051.0,22.844
1049.0,24.736
1038.0,27.358
1000.0,29.723
1037.0,31.816
1039.0,34.129
1025.0,36.954
1048.0,39.695
1055.0,41.959
1057.0,44.646
1058.0,48.9
1022.0,52.826
951.0,56.509
705.0,56.411
107.0,55.365
1021.0,54.14
790.0,52.049
179.0,49.142
56.0,47.174
688.0,45.596
1338.0,14.627
1043.0,18.941
391.0,22.358
50.0,24.483
32.0,25.82
25.0,27.125
16.0,27.898
12.0,28.102
2.0,28.762
107.0,29.597
710.0,31.355
1028.0,32.812
1051.0,35.372
1050.0,38.891
1047.0,42.216
1042.0,13.685
1047.0,17.946
1053.0,21.534
1056.0,23.566
1058.0,24.989
1058.0,10.752
1050.0,14.424
1051.0,18.239
1053.0,22.472
1057.0,25.173
1060.0,25.74
1048.0,24.715
1001.0,22.655
1037.0,21.276
1060.0,11.195
1055.0,14.477
1050.0,19.487
1044.0,24.469
1053.0,27.877
1058.0,28.735
1049.0,26.805
977.0,24.692
803.0,23.825
234.0,23.42
58.0,23.207
68.0,24.347
40.0,26.453
92.0,29.186
852.0,31.36
1651.0,32.02
1102.0,11.09
284.0,14.026
38.0,18.882
20.0,24.565
14.0,27.826
8.0,28.159
3.0,26.675
318.0,25.055
949.0,24.817
1025.0,24.72
1042.0,25.102
1057.0,26.337
1047.0,29.554
1036.0,32.894
1049.0,35.954
1056.0,36.516
1044.0,34.5
1048.0,31.26
1067.0,28.884
1064.0,27.437
1050.0,26.362
1045.0,24.779
1042.0,22.761
1051.0,11.377
1042.0,14.263
1003.0,19.412
1046.0,25.182
1062.0,27.92
1045.0,27.433
1047.0,25.876
1045.0,24.888
1053.0,25.249
1057.0,25.42
1048.0,25.883
1004.0,27.465
987.0,30.923
873.0,34.797
470.0,38.254
76.0,38.672
333.0,36.591
823.0,33.867
1340.0,31.069
1761.0,29.689
1820.0,28.363
1785.0,26.285
680.0,24.499
51.0,23.405
26.0,23.353
21.0,23.96
11.0,25.917
175.0,12.358
859.0,16.36
1010.0,22.474
1043.0,27.871
1052.0,29.305
1056.0,27.709
1048.0,25.855
1050.0,25.227
1050.0,26.136
1051.0,26.784
1047.0,27.07
1060.0,28.738
1061.0,32.294
1055.0,36.55
1050.0,39.686
1039.0,40.148
1046.0,38.566
1008.0,36.513
983.0,34.017
1028.0,32.117
1048.0,30.088
1034.0,27.475
1045.0,25.169
1046.0,24.905
1054.0,25.3
1056.0,26.962
1055.0,29.742
998.0,33.896
972.0,36.589
921.0,14.341
538.0,19.814
1127.0,27.132
691.0,32.738
255.0,33.142
84.0,30.964
113.0,28.621
964.0,28.176
1720.0,29.308
1131.0,30.486
306.0,30.942
47.0,33.196
28.0,36.821
23.0,40.954
4.0,43.785
1.0,43.902
11.0,43.09
67.0,41.763
669.0,39.381
1055.0,36.576
1060.0,32.926
1067.0,29.769
1056.0,27.081
1056.0,26.493
1044.0,27.393
1037.0,29.731
1044.0,33.582
1055.0,39.079
1056.0,43.754
1052.0,46.21
1036.0,46.239
1053.0,15.541
1049.0,22.265
1021.0,31.271
996.0,38.099
1021.0,39.501
1055.0,37.634
1058.0,35.39
1035.0,35.441
1048.0,37.467
1056.0,38.595
1055.0,39.666
1050.0,42.154
1010.0,46.44
1011.0,49.85
950.0,51.783
658.0,51.958
224.0,51.162
589.0,50.472
754.0,47.939
301.0,43.413
43.0,38.78
392.0,34.668
1305.0,31.743
1068.0,31.121
563.0,32.203
66.0,35.003
40.0,39.036
21.0,44.562
10.0,49.64
2.0,52.891
12.0,53.921
46.0,52.734
653.0,50.699
1078.0,15.729
1062.0,23.976
1060.0,34.901
1056.0,43.146
1051.0,45.808
1044.0,44.929
1050.0,43.502
1054.0,44.684
1063.0,47.101
1065.0,48.313
1062.0,49.453
1049.0,52.039
1045.0,55.218
1061.0,57.474
1042.0,58.418
1013.0,58.072
1025.0,57.63
1051.0,57.314
1058.0,54.297
1062.0,49.202
1051.0,45.003
1053.0,41.838
1049.0,39.606
1047.0,39.102
1001.0,40.321
965.0,42.622
874.0,46.206
422.0,51.39
500.0,55.603
477.0,58.567
985.0,59.64
751.0,59.086
96.0,58.617
323.0,57.698
1273.0,56.34
1096.0,16.468
1002.0,25.59
444.0,38.653
64.0,49.134
23.0,53.339
9.0,53.399
17.0,53.353
452.0,54.692
1022.0,56.491
1056.0,57.052
1064.0,57.89
1056.0,59.355
1050.0,61.784
1050.0,62.801
1051.0,62.64
1052.0,62.538
1051.0,61.784
1054.0,60.666
1060.0,57.127
1058.0,52.535
1053.0,49.485
1071.0,49.109
1070.0,48.558
1061.0,48.777
1045.0,49.674
1036.0,51.656
1056.0,54.599
1061.0,58.473
1055.0,61.947
1047.0,63.907
1052.0,64.757
1050.0,64.882
1028.0,64.952
1004.0,64.725
967.0,64.291
920.0,62.345
717.0,57.687
740.0,17.398
337.0,28.04
205.0,43.462
211.0,55.605
590.0,61.067
1276.0,61.869
1286.0,61.28
992.0,61.784
1031.0,63.0
1038.0,62.728
810.0,63.108
204.0,64.205
19.0,65.719
362.0,65.253
974.0,64.335
1045.0,63.645
1054.0,62.788
1046.0,61.632
1042.0,57.986
1047.0,54.43
1053.0,52.875
1050.0,54.473
1046.0,55.547
1055.0,56.076
1046.0,56.842
1039.0,58.647
1058.0,60.968
1065.0,64.213
1066.0,66.451
1042.0,67.527
1006.0,68.098
1008.0,68.555
1033.0,68.555
1058.0,68.493
1055.0,68.649
1040.0,67.802
1050.0,63.614
1053.0,57.484
998.0,19.168
974.0,32.052
983.0,48.816
897.0,61.532
682.0,66.467
39.0,66.253
21.0,65.129
36.0,64.622
219.0,65.495
552.0,65.691
582.0,65.745
579.0,66.619
1368.0,67.494
1669.0,66.427
1536.0,64.33
1447.0,63.55
1456.0,62.75
687.0,61.67
47.0,58.443
24.0,55.07
662.0,54.993
1013.0,57.38
1043.0,59.509
1047.0,60.015
1048.0,60.6
1046.0,62.181
1046.0,64.017
1037.0,66.782
1029.0,68.649
1030.0,69.442
1051.0,70.104
1070.0,70.626
1086.0,69.999
1086.0,70.134
1067.0,70.424
1057.0,69.806
1040.0,66.804
1031.0,61.454
1057.0,56.953
1036.0,52.282
1039.0,21.58
1052.0,35.032
1061.0,52.335
1058.0,64.684
1029.0,68.649
957.0,67.868
964.0,65.955
687.0,66.052
345.0,66.592
19.0,67.217
26.0,66.905
40.0,67.792
41.0,68.304
45.0,66.763
70.0,64.766
315.0,63.41
723.0,63.189
1497.0,62.606
1534.0,59.794
1367.0,56.865
1259.0,56.839
919.0,60.095
183.0,61.633
2.0,62.345
20.0,62.349
13.0,63.339
349.0,65.248
961.0,67.844
1025.0,69.345
1041.0,70.019
1042.0,70.431
1045.0,71.047
1054.0,71.116
1043.0,70.675
1051.0,70.92
1115.0,71.008
1498.0,68.649
1356.0,64.829
1120.0,61.498
1096.0,58.852
1084.0,55.258
1074.0,23.153
1062.0,36.876
1076.0,53.309
1069.0,65.146
1052.0,68.375
1067.0,67.65
1061.0,66.238
1047.0,66.202
1009.0,67.489
969.0,68.264
744.0,68.12
242.0,68.543
31.0,68.649
26.0,67.19
35.0,65.004
40.0,63.824
44.0,63.933
44.0,64.104
59.0,62.132
74.0,59.207
355.0,58.943
1423.0,61.784
1775.0,62.919
1264.0,63.024
816.0,63.131
110.0,64.124
12.0,65.682
19.0,67.911
22.0,68.853
5.0,69.747
140.0,69.91
542.0,70.839
975.0,70.878
1037.0,70.627
1049.0,71.037
1054.0,71.179
1057.0,69.834
1312.0,67.208
1780.0,64.877
1888.0,62.863
2414.0,60.181
2084.0,56.4
1303.0,51.104
1140.0,24.424
1116.0,38.229
1092.0,53.946
1102.0,64.926
1072.0,68.648
1046.0,67.966
1059.0,67.027
1039.0,67.467
994.0,69.078
968.0,70.068
872.0,70.108
704.0,69.732
238.0,70.082
27.0,68.649
46.0,66.709
47.0,65.605
47.0,66.084
53.0,66.132
65.0,64.117
147.0,61.252
1078.0,60.743
2037.0,62.537
1868.0,63.565
1236.0,63.375
403.0,63.913
284.0,65.213
587.0,67.04
473.0,68.071
298.0,68.762
178.0,68.649
69.0,69.288
50.0,70.467
37.0,70.98
83.0,70.918
480.0,71.115
970.0,71.392
1015.0,70.453
853.0,69.382
1465.0,68.075
1884.0,65.799
1709.0,63.061
1748.0,59.79
1964.0,55.735
1910.0,49.584
2062.0,26.515
2165.0,39.225
1903.0,53.987
1571.0,64.705
1164.0,68.649
1025.0,69.109
1012.0,68.033
969.0,68.649
1004.0,69.518
906.0,70.374
370.0,70.787
141.0,71.226
15.0,71.222
45.0,71.022
52.0,69.79
56.0,69.386
72.0,69.018
200.0,68.649
1001.0,66.171
1390.0,63.754
1068.0,62.63
1063.0,64.135
1089.0,64.159
1083.0,64.208
1047.0,65.037
1041.0,66.828
1040.0,68.108
1020.0,68.729
1026.0,69.051
1021.0,69.435
1010.0,69.596
1014.0,70.754
1020.0,71.032
1023.0,71.037
1025.0,71.528
1024.0,71.582
1034.0,71.629
1029.0,71.187
1259.0,70.54
2033.0,68.502
1762.0,65.234
1689.0,61.708
1598.0,57.869
1420.0,52.823
1655.0,45.817
1670.0,29.208
2193.0,40.887
2583.0,54.059
1631.0,64.159
1023.0,69.004
975.0,69.659
992.0,69.486
726.0,69.235
555.0,69.622
117.0,70.226
131.0,70.047
422.0,71.164
1065.0,71.325
1509.0,72.114
1313.0,71.268
991.0,71.141
976.0,71.013
978.0,70.341
1035.0,68.938
1064.0,66.781
1053.0,65.587
993.0,65.899
968.0,65.813
946.0,65.741
937.0,65.99
943.0,67.723
936.0,68.955
941.0,69.714
989.0,70.063
1025.0,70.386
1040.0,71.274
1044.0,71.809
1042.0,71.92
1049.0,71.913
1064.0,72.287
1134.0,72.286
1843.0,72.421
2572.0,72.352
2727.0,72.216
2539.0,70.428
2384.0,66.452
2474.0,61.785
2643.0,57.878
2402.0,53.2
1456.0,47.225
989.0,31.276
990.0,42.046
916.0,53.943
624.0,63.767
164.0,68.649
1261.0,69.536
1085.0,69.254
947.0,69.348
926.0,69.345
928.0,69.783
938.0,70.058
956.0,70.73
946.0,71.359
949.0,71.868
954.0,71.336
963.0,70.909
967.0,71.672
972.0,71.843
964.0,70.947
959.0,69.925
971.0,68.728
952.0,68.567
945.0,68.123
954.0,68.14
944.0,67.73
951.0,68.649
972.0,69.724
994.0,70.191
1013.0,70.665
1025.0,71.147
1033.0,71.945
1036.0,73.379
1043.0,73.44
1020.0,73.552
1094.0,73.637
1083.0,73.276
1028.0,73.269
1040.0,73.373
1011.0,73.413
998.0,72.192
912.0,67.59
701.0,62.242
150.0,57.88
1.0,53.48
880.0,48.717
922.0,41.645
916.0,33.214
934.0,42.738
1000.0,53.935
1020.0,63.28
1031.0,68.753
1058.0,70.156
1058.0,69.828
1062.0,69.752
1020.0,69.472
969.0,69.783
963.0,69.651
965.0,70.258
942.0,70.622
932.0,70.791
929.0,70.263
939.0,70.657
939.0,71.969
950.0,72.624
950.0,72.339
940.0,71.884
933.0,70.96
927.0,70.889
954.0,70.725
967.0,70.181
973.0,69.585
984.0,69.675
999.0,70.148
988.0,70.487
995.0,70.727
1019.0,71.379
927.0,72.345
774.0,73.599
634.0,74.176
86.0,73.596
1.0,73.138
1551.0,73.087
1963.0,73.392
2227.0,73.425
2067.0,74.233
1690.0,72.545
1095.0,68.649
1043.0,62.694
1053.0,58.201
1068.0,54.256
1010.0,50.476
958.0,44.282
982.0,33.607
977.0,42.217
946.0,52.552
916.0,61.978
915.0,68.395
921.0,69.64
931.0,69.937
947.0,69.767
972.0,69.279
988.0,69.165
990.0,69.305
1003.0,69.876
1022.0,69.672
1034.0,69.435
1023.0,68.933
992.0,70.394
917.0,71.649
796.0,72.997
709.0,73.097
266.0,72.501
273.0,72.132
165.0,72.669
16.0,72.437
3.0,71.726
1755.0,70.759
1515.0,70.252
1264.0,70.67
1223.0,70.988
1501.0,71.137
1185.0,71.142
1057.0,72.281
1047.0,73.692
1025.0,74.149
994.0,73.498
964.0,73.281
947.0,72.938
936.0,72.74
963.0,73.359
988.0,73.947
1013.0,72.935
979.0,69.104
905.0,63.686
793.0,59.071
610.0,55.427
440.0,52.506
264.0,47.268
178.0,32.726
57.0,40.635
285.0,50.481
611.0,59.952
266.0,66.261
148.0,69.141
24.0,70.183
4.0,70.101
5.0,69.698
4.0,70.13
5.0,70.429
1943.0,70.037
1810.0,69.227
1431.0,68.805
1082.0,68.807
1043.0,70.502
1005.0,72.157
957.0,73.111
959.0,73.121
983.0,72.52
1005.0,72.226
1006.0,72.902
872.0,72.823
804.0,71.897
906.0,70.836
746.0,70.573
375.0,70.575
72.0,70.79
424.0,70.771
678.0,71.45
517.0,72.301
201.0,73.884
2.0,73.479
1.0,72.939
959.0,72.084
920.0,72.57
961.0,72.317
1005.0,72.443
976.0,73.093
885.0,72.445
933.0,69.137
774.0,64.086
324.0,59.977
26.0,56.259
7.0,54.168
4.0,32.749
4.0,40.57
282.0,49.613
110.0,58.654
156.0,65.319
12.0,68.439
3.0,70.469
2.0,70.373
21.0,69.939
85.0,70.547
66.0,70.303
15.0,69.916
1.0,69.018
1.0,68.664
964.0,69.046
992.0,70.744
994.0,72.519
985.0,72.96
777.0,72.431
837.0,71.328
929.0,71.048
835.0,72.262
229.0,72.072
221.0,71.535
106.0,70.663
1064.0,70.434
1052.0,70.617
993.0,70.442
947.0,70.263
919.0,70.675
920.0,71.734
940.0,73.303
933.0,73.422
923.0,72.288
949.0,71.853
990.0,71.656
993.0,71.203
1043.0,71.699
1002.0,72.214
501.0,72.269
268.0,68.823
443.0,64.427
190.0,60.119
117.0,56.222
23.0,53.381
4.0,34.125
7.0,42.485
2.0,50.283
1841.0,57.711
1753.0,64.467
1094.0,68.286
1021.0,71.03
987.0,71.588
989.0,71.062
1008.0,70.331
993.0,70.214
978.0,69.685
965.0,68.922
938.0,68.649
915.0,69.767
900.0,71.989
884.0,73.166
906.0,72.681
927.0,71.523
965.0,70.194
999.0,70.295
1006.0,71.398
975.0,72.194
926.0,71.238
633.0,70.862
670.0,70.941
332.0,71.354
202.0,71.577
59.0,71.04
6.0,71.077
7.0,72.033
1006.0,73.179
1034.0,73.361
1062.0,73.193
1061.0,72.574
1052.0,71.918
1049.0,71.354
1074.0,71.761
1078.0,72.065
1075.0,71.862
1057.0,68.649
1025.0,64.154
1013.0,59.64
967.0,54.633
943.0,50.626
932.0,36.295
930.0,44.554
933.0,50.231
929.0,55.863
928.0,61.783
909.0,66.849
910.0,70.497
914.0,72.321
923.0,71.265
983.0,70.732
998.0,70.293
896.0,70.015
764.0,69.169
231.0,69.173
60.0,70.322
19.0,72.264
3.0,73.282
1040.0,72.838
1000.0,71.152
992.0,69.961
995.0,69.693
1008.0,70.735
1063.0,71.586
1069.0,71.784
1067.0,71.49
1059.0,71.917
1056.0,72.45
1042.0,72.978
1044.0,73.04
1055.0,72.946
1055.0,73.036
1044.0,73.435
1028.0,73.815
1029.0,74.07
1015.0,73.085
1015.0,72.782
993.0,72.439
966.0,72.87
995.0,73.087
1012.0,72.294
985.0,69.514
985.0,64.567
982.0,59.013
925.0,52.84
928.0,47.402
964.0,36.763
788.0,45.203
268.0,48.181
53.0,51.495
975.0,57.043
986.0,62.987
1016.0,68.649
1043.0,71.497
1080.0,72.115
1088.0,71.313
1020.0,71.286
1013.0,70.473
1001.0,69.825
1024.0,70.004
1034.0,70.756
1018.0,72.384
1013.0,73.206
1027.0,72.421
1038.0,70.784
1032.0,69.407
1023.0,69.221
1031.0,70.682
1012.0,71.823
1007.0,72.758
1005.0,72.615
1011.0,72.476
1034.0,72.85
1004.0,73.154
1007.0,73.093
972.0,73.246
974.0,72.763
1009.0,73.413
1077.0,73.581
1044.0,73.985
1017.0,73.642
892.0,73.264
520.0,73.333
179.0,73.305
902.0,73.891
921.0,72.865
945.0,70.458
940.0,65.444
946.0,58.474
955.0,50.591
986.0,34.939
996.0,42.059
1010.0,43.883
1035.0,45.89
994.0,51.404
978.0,58.561
974.0,64.818
964.0,70.262
921.0,71.91
907.0,71.808
938.0,71.351
970.0,71.265
994.0,70.937
948.0,70.598
1034.0,71.086
1529.0,72.267
2171.0,72.843
2569.0,71.794
2705.0,70.519
2714.0,69.781
2702.0,69.465
2633.0,70.76
2533.0,72.347
2616.0,73.128
2582.0,73.202
1782.0,72.837
1041.0,72.935
860.0,72.96
653.0,72.476
169.0,72.694
19.0,72.726
1033.0,73.053
1010.0,73.438
961.0,73.74
927.0,73.927
943.0,73.396
950.0,73.385
949.0,73.916
938.0,73.185
984.0,72.182
1019.0,69.376
1006.0,63.793
990.0,55.782
988.0,46.494
997.0,31.649
1010.0,38.094
1033.0,39.46
1047.0,41.187
1042.0,46.293
1037.0,53.192
1033.0,61.099
1288.0,67.69
2347.0,71.345
2289.0,71.301
1525.0,71.526
1372.0,72.272
1201.0,71.83
1305.0,71.869
1521.0,71.278
1462.0,72.422
1729.0,72.654
2030.0,71.726
2539.0,70.669
1613.0,69.675
1071.0,69.946
1038.0,70.989
808.0,72.57
465.0,73.044
42.0,72.946
1334.0,72.854
1483.0,72.698
1480.0,72.451
1641.0,72.315
1783.0,72.163
1670.0,72.179
1414.0,72.709
1242.0,73.134
1205.0,73.621
1064.0,73.86
1018.0,73.7
986.0,73.599
975.0,73.016
967.0,71.578
1003.0,68.649
1002.0,64.643
992.0,58.436
981.0,26.979
1003.0,32.67
1021.0,34.674
1043.0,36.862
1130.0,41.465
1507.0,48.327
1616.0,56.424
1524.0,64.625
1498.0,68.649
1529.0,70.327
1969.0,71.688
2029.0,72.732
1696.0,72.827
1318.0,72.007
1043.0,72.133
957.0,73.341
987.0,73.495
1021.0,72.553
1036.0,71.461
915.0,70.458
506.0,70.341
42.0,71.635
41.0,72.542
32.0,72.71
52.0,71.758
150.0,71.483
697.0,71.63
1330.0,71.977
1431.0,72.174
1285.0,71.796
1068.0,72.104
595.0,72.247
104.0,72.878
54.0,73.124
41.0,73.16
111.0,72.483
291.0,71.705
449.0,69.406
580.0,65.6
712.0,59.958
548.0,21.42
197.0,26.549
213.0,29.522
920.0,31.746
1231.0,35.829
1704.0,42.387
1590.0,50.741
1631.0,59.006
2100.0,64.493
1464.0,67.538
1114.0,70.934
1088.0,72.84
1067.0,73.252
1015.0,72.502
992.0,72.341
995.0,73.295
999.0,74.217
1022.0,73.673
1022.0,72.688
919.0,71.339
784.0,70.499
167.0,70.846
43.0,71.413
21.0,71.042
51.0,69.588
66.0,68.909
71.0,69.409
364.0,70.909
1270.0,71.346
1354.0,71.365
1344.0,71.659
1160.0,71.505
867.0,71.65
244.0,71.243
19.0,70.064
19.0,67.114
3.0,63.897
17.0,59.569
16.0,19.018
52.0,23.745
28.0,26.405
96.0,27.686
531.0,30.505
1172.0,36.099
1934.0,43.542
2340.0,50.801
2277.0,56.679
1443.0,62.779
1131.0,68.349
1077.0,71.79
1054.0,72.794
1047.0,71.974
1048.0,71.483
1042.0,72.478
1048.0,73.99
1027.0,74.047
1044.0,73.463
1030.0,71.633
1012.0,69.555
973.0,69.033
741.0,68.858
228.0,67.621
18.0,66.204
7.0,65.293
33.0,66.322
72.0,67.682
100.0,68.649
701.0,68.926
1509.0,68.649
1612.0,67.039
1629.0,65.842
1539.0,64.165
1355.0,61.552
552.0,18.023
33.0,22.844
15.0,25.851
7.0,26.59
32.0,27.981
28.0,31.765
440.0,36.814
969.0,42.809
1037.0,49.245
1037.0,56.927
1056.0,63.782
1056.0,68.177
1076.0,69.05
1101.0,68.649
1086.0,69.143
1076.0,70.6
1071.0,72.817
1050.0,73.492
1041.0,72.548
1024.0,70.064
1019.0,66.876
1050.0,65.48
1053.0,64.393
1054.0,63.227
1061.0,61.87
1061.0,60.963
1030.0,60.588
1007.0,61.607
804.0,61.538
177.0,61.484
5.0,60.109
600.0,58.077
619.0,17.601
597.0,22.583
979.0,26.009
1503.0,27.007
1248.0,28.14
1068.0,30.133
1074.0,33.169
1066.0,36.775
879.0,42.564
237.0,49.916
33.0,56.287
33.0,59.925
17.0,61.286
63.0,62.414
669.0,63.622
1023.0,66.35
1051.0,68.502
1041.0,69.017
1041.0,67.77
1056.0,64.37
1050.0,60.775
1056.0,58.957
1064.0,58.184
1060.0,57.22
1051.0,55.258
1035.0,52.978
1031.0,50.87
1024.0,49.079
1038.0,17.063
1031.0,22.905
1058.0,27.248
1030.0,29.398
1035.0,30.418
1049.0,30.493
1061.0,31.562
1059.0,32.847
1037.0,36.64
991.0,42.349
799.0,47.399
212.0,50.439
8.0,52.142
596.0,54.701
820.0,57.023
270.0,59.459
25.0,60.163
434.0,59.141
1097.0,57.575
1087.0,54.588
1026.0,51.65
395.0,49.79
58.0,48.693
35.0,47.209
19.0,16.346
27.0,22.021
16.0,27.389
3.0,30.511
328.0,31.259
978.0,30.346
1055.0,29.465
1048.0,29.275
1033.0,30.793
1045.0,34.066
1049.0,38.056
1049.0,40.142
1047.0,42.422
1053.0,44.749
1046.0,47.544
1023.0,49.159
1021.0,48.46
1030.0,46.524
1046.0,14.781
1031.0,19.788
1000.0,24.567
1052.0,27.456
1042.0,27.91
1012.0,27.36
1017.0,11.205
1041.0,15.282
1060.0,19.89
1065.0,23.89
1047.0,26.594
986.0,27.442
783.0,25.948
353.0,24.045
1010.0,22.129
929.0,11.943
360.0,16.881
38.0,21.865
174.0,26.459
990.0,29.592
1095.0,30.482
784.0,28.725
115.0,26.275
30.0,24.579
17.0,24.254
18.0,24.248
16.0,25.382
5.0,27.73
9.0,30.103
143.0,32.316
815.0,32.809
1044.0,12.079
1056.0,16.551
1048.0,21.798
1037.0,27.348
1047.0,30.441
1049.0,31.009
1047.0,28.977
1043.0,26.817
1046.0,25.819
1061.0,25.823
1050.0,26.052
1053.0,27.63
1051.0,30.413
1052.0,33.741
1029.0,36.693
999.0,37.471
1060.0,35.764
1062.0,33.612
1053.0,31.212
1032.0,29.507
1049.0,28.328
1054.0,26.005
1056.0,12.047
1056.0,16.084
1011.0,21.851
960.0,27.961
793.0,30.574
233.0,30.458
44.0,28.538
64.0,27.211
37.0,26.953
47.0,26.839
241.0,27.137
1297.0,28.733
1185.0,32.148
863.0,35.901
144.0,39.114
36.0,40.046
26.0,39.208
21.0,37.667
14.0,35.543
1.0,33.383
9.0,30.923
299.0,28.181
965.0,25.605
1036.0,24.574
1055.0,24.291
1050.0,24.716
1043.0,26.433
1041.0,13.49
1044.0,18.579
1035.0,25.411
1035.0,31.217
1043.0,32.898
1052.0,31.981
1047.0,30.245
1049.0,29.129
1049.0,29.294
1053.0,29.75
1022.0,30.121
981.0,31.568
1039.0,34.978
1053.0,38.594
1042.0,42.01
1038.0,42.878
1050.0,42.687
1051.0,42.716
1054.0,41.161
1054.0,37.882
993.0,34.465
960.0,30.67
904.0,27.894
293.0,26.89
21.0,27.245
190.0,28.455
548.0,31.346
687.0,35.352
1218.0,38.073
1553.0,15.899
1650.0,22.458
1735.0,31.122
1174.0,37.629
180.0,39.124
40.0,37.651
26.0,35.988
16.0,36.043
10.0,36.703
10.0,37.075
76.0,37.7
770.0,39.353
1009.0,42.379
1056.0,45.611
1071.0,47.779
1058.0,48.648
1064.0,49.024
1063.0,49.514
1031.0,47.656
1016.0,43.388
1039.0,38.462
1054.0,34.271
1045.0,31.658
1047.0,31.027
1043.0,31.788
1019.0,33.84
976.0,37.569
962.0,42.734
1010.0,46.594
1014.0,48.131
1017.0,47.957
1040.0,17.125
1049.0,25.305
1056.0,36.334
1062.0,44.941
1057.0,48.238
1025.0,47.542
992.0,46.489
957.0,47.467
712.0,49.09
149.0,49.626
876.0,50.242
491.0,52.209
217.0,55.101
81.0,57.08
49.0,58.285
545.0,58.505
1671.0,58.508
1232.0,58.231
686.0,54.878
70.0,49.433
29.0,44.632
19.0,41.2
6.0,39.331
1.0,39.245
4.0,40.582
100.0,43.022
749.0,47.026
1062.0,52.332
1087.0,56.824
1070.0,58.806
1067.0,59.386
1064.0,57.699
1053.0,55.443
1042.0,18.091
1036.0,27.428
1034.0,40.493
1043.0,51.326
1051.0,56.146
1040.0,56.606
1039.0,56.346
1026.0,57.571
1028.0,59.349
1023.0,59.742
1045.0,60.047
1049.0,61.811
1044.0,63.997
1044.0,64.515
1054.0,64.854
1058.0,65.104
1051.0,64.644
1022.0,62.988
994.0,58.656
975.0,53.573
862.0,50.023
493.0,49.494
178.0,49.547
518.0,49.839
677.0,51.177
486.0,53.137
68.0,57.039
125.0,61.439
871.0,64.823
1068.0,66.384
950.0,66.526
232.0,65.851
36.0,65.185
16.0,64.074
11.0,62.44
7.0,59.141
733.0,18.914
1060.0,29.88
1065.0,44.992
1058.0,56.825
1058.0,61.868
1059.0,63.292
1053.0,62.986
1038.0,63.774
1039.0,65.152
1054.0,65.366
1056.0,65.042
1056.0,65.995
1039.0,67.321
1034.0,67.7
1032.0,67.417
994.0,67.37
1016.0,66.383
1036.0,64.07
1042.0,59.918
1039.0,55.291
1044.0,54.012
1052.0,55.932
1053.0,57.26
1047.0,58.074
1018.0,59.168
981.0,60.622
968.0,63.262
754.0,66.7
176.0,68.865
851.0,69.847
690.0,70.168
963.0,70.058
846.0,69.83
176.0,69.483
173.0,69.242
920.0,67.058
1047.0,62.126
1049.0,54.966
801.0,20.132
185.0,33.305
34.0,49.566
13.0,61.708
2.0,66.616
423.0,67.284
1003.0,66.038
1062.0,66.44
1048.0,67.239
1052.0,67.363
1059.0,66.909
1053.0,67.707
1044.0,68.331
1033.0,67.571
1039.0,66.284
1047.0,66.45
1053.0,65.965
1051.0,64.288
1062.0,60.38
1068.0,56.446
1053.0,56.271
1018.0,58.791
1033.0,60.657
1048.0,61.784
1042.0,62.138
1043.0,63.508
1046.0,65.87
1055.0,68.798
1054.0,70.676
1041.0,71.083
1012.0,71.224
1013.0,71.998
995.0,71.743
871.0,71.608
479.0,71.717
672.0,70.861
532.0,66.97
451.0,60.417
654.0,55.041
1002.0,50.214
1303.0,21.693
1033.0,35.868
1037.0,53.185
1044.0,64.737
1007.0,68.938
578.0,68.408
72.0,66.883
6.0,66.827
9.0,67.715
541.0,67.798
1007.0,67.696
1051.0,68.023
1050.0,68.301
1053.0,66.659
1047.0,65.056
1051.0,65.281
1050.0,65.751
1042.0,65.232
1047.0,61.784
1053.0,58.426
1060.0,58.141
1048.0,60.783
1036.0,62.357
1040.0,62.844
1064.0,63.094
1038.0,64.55
1014.0,66.615
1015.0,69.341
1040.0,70.699
1046.0,71.336
1042.0,71.367
1044.0,72.218
1046.0,71.832
1027.0,71.727
981.0,71.942
983.0,71.732
976.0,68.79
625.0,63.966
28.0,59.982
23.0,56.308
32.0,52.479
44.0,23.099
26.0,37.666
2.0,55.162
37.0,66.379
430.0,69.247
1608.0,68.082
1869.0,66.457
1791.0,66.636
1460.0,67.454
998.0,67.734
263.0,68.155
2.0,68.391
2.0,68.817
139.0,66.946
847.0,65.266
1047.0,65.392
1048.0,66.39
1051.0,66.972
1045.0,64.007
1038.0,61.395
1043.0,60.834
1047.0,62.657
1043.0,63.493
1044.0,63.494
1057.0,63.445
1063.0,64.568
1068.0,66.731
1061.0,69.254
1061.0,71.106
1034.0,71.185
1033.0,71.388
1028.0,71.786
1008.0,71.422
1005.0,70.969
1036.0,71.663
1053.0,71.976
1060.0,70.277
1032.0,66.91
988.0,64.152
962.0,61.585
982.0,59.057
826.0,55.358
27.0,50.986
21.0,24.365
30.0,38.534
44.0,55.203
39.0,66.321
59.0,69.223
72.0,67.866
83.0,66.465
773.0,66.694
1476.0,67.996
1315.0,68.663
1205.0,68.649
1043.0,68.939
506.0,68.967
18.0,67.879
8.0,66.582
10.0,66.736
48.0,67.898
685.0,68.345
999.0,66.529
1043.0,63.749
1040.0,63.105
1035.0,64.38
1041.0,64.949
1038.0,64.362
1054.0,64.24
1072.0,65.309
1126.0,66.916
1109.0,69.287
1080.0,70.822
1068.0,70.755
1062.0,70.886
1040.0,71.245
1036.0,71.168
1052.0,71.24
1034.0,71.215
1040.0,71.839
1049.0,70.483
1059.0,68.649
1054.0,66.986
1024.0,65.358
972.0,62.965
960.0,59.546
728.0,55.401
634.0,49.702
31.0,25.561
28.0,39.374
35.0,55.518
44.0,66.597
38.0,69.58
43.0,68.364
58.0,67.055
170.0,67.722
1087.0,69.245
1243.0,69.921
1080.0,70.01
966.0,69.671
469.0,69.898
52.0,69.382
4.0,68.649
17.0,69.122
58.0,69.55
429.0,69.604
940.0,67.949
1023.0,66.223
1045.0,65.214
1059.0,65.958
1058.0,65.841
1298.0,65.355
2244.0,65.126
2371.0,66.408
1595.0,67.575
1142.0,69.439
1102.0,69.6
1098.0,69.462
1076.0,69.973
1061.0,70.649
1064.0,71.131
1055.0,71.142
1050.0,71.467
1058.0,71.594
1049.0,71.278
1015.0,70.722
970.0,70.127
953.0,68.649
839.0,66.251
247.0,62.749
43.0,59.022
36.0,53.761
35.0,47.444
38.0,28.16
49.0,41.283
64.0,56.16
66.0,66.501
271.0,69.77
1108.0,69.716
1687.0,68.447
1482.0,68.861
938.0,69.724
195.0,70.083
32.0,69.825
56.0,69.953
45.0,70.487
69.0,70.881
73.0,70.675
92.0,70.688
95.0,71.08
46.0,70.888
206.0,69.791
779.0,68.368
1015.0,67.286
1036.0,67.3
1084.0,66.662
1403.0,65.782
1424.0,66.413
2224.0,67.455
2468.0,69.14
2235.0,69.602
1734.0,69.613
1322.0,69.75
1155.0,69.932
1123.0,70.757
1050.0,71.284
1018.0,71.78
1020.0,71.829
995.0,72.109
1012.0,72.098
967.0,71.999
988.0,72.38
708.0,71.39
658.0,68.847
265.0,64.676
54.0,61.125
65.0,57.023
273.0,51.225
746.0,42.648
1400.0,32.583
1271.0,44.262
1067.0,57.486
1007.0,66.555
1055.0,70.738
1074.0,70.74
1045.0,70.404
1015.0,69.972
1029.0,69.718
1017.0,69.976
1007.0,69.749
1021.0,70.122
996.0,70.767
973.0,71.183
992.0,70.86
1022.0,71.468
996.0,71.784
993.0,71.852
996.0,71.393
1013.0,70.454
1130.0,69.062
1636.0,68.449
1658.0,67.826
1265.0,67.14
1381.0,67.559
1310.0,68.534
1414.0,69.604
1910.0,70.194
2414.0,70.508
2489.0,70.7
1695.0,70.912
1038.0,71.679
1016.0,71.848
977.0,72.279
967.0,72.78
978.0,72.883
736.0,72.858
493.0,72.988
57.0,73.244
1.0,72.396
1214.0,69.264
1083.0,65.505
952.0,61.811
930.0,58.181
943.0,53.374
930.0,45.802
944.0,38.022
954.0,36.249
978.0,46.989
1031.0,58.378
1044.0,66.919
1030.0,70.633
1041.0,71.394
1027.0,70.762
984.0,70.192
964.0,69.878
961.0,69.794
969.0,69.627
1012.0,69.965
1052.0,70.381
1052.0,71.065
1034.0,70.798
1048.0,71.629
1059.0,72.112
1296.0,72.795
2423.0,72.765
2455.0,72.102
1958.0,70.954
1625.0,69.947
1573.0,69.859
1700.0,68.811
1908.0,68.816
2320.0,69.563
2543.0,70.105
1627.0,70.918
1023.0,70.833
973.0,71.617
982.0,72.35
801.0,73.218
759.0,73.499
253.0,73.519
898.0,73.54
905.0,73.759
922.0,73.491
933.0,73.636
920.0,73.809
925.0,73.247
953.0,70.263
957.0,66.124
973.0,62.284
1002.0,59.235
1050.0,55.618
1007.0,49.773
955.0,42.795
943.0,38.51
971.0,47.893
973.0,58.116
975.0,66.397
978.0,70.341
958.0,71.311
950.0,71.261
961.0,70.849
999.0,70.225
1022.0,69.768
1000.0,69.185
983.0,69.644
1129.0,69.912
1653.0,70.159
2237.0,70.437
2443.0,71.437
2460.0,72.748
2335.0,73.127
1855.0,73.455
1298.0,72.755
1101.0,71.993
1003.0,71.756
975.0,71.337
777.0,70.708
766.0,69.827
344.0,70.705
14.0,70.657
4.0,71.299
888.0,71.311
930.0,72.058
910.0,72.807
897.0,74.009
932.0,74.164
1019.0,73.78
1071.0,73.751
1061.0,73.809
1035.0,73.835
1023.0,73.656
1027.0,74.108
1048.0,73.382
1073.0,70.251
1064.0,66.328
1014.0,63.176
1003.0,60.719
972.0,58.758
957.0,54.373
963.0,48.575
941.0,38.232
965.0,47.008
963.0,56.761
942.0,64.723
957.0,68.978
1029.0,70.451
1028.0,70.849
1057.0,70.759
1068.0,69.743
1044.0,69.648
1012.0,69.391
979.0,69.533
995.0,69.283
1020.0,69.184
884.0,69.762
866.0,71.079
766.0,72.559
185.0,73.166
908.0,73.338
898.0,72.851
911.0,72.93
959.0,72.846
1028.0,72.738
1043.0,71.988
1031.0,70.69
1055.0,70.613
1069.0,71.081
1064.0,71.199
1057.0,71.527
1043.0,72.018
1025.0,72.81
996.0,73.995
975.0,74.233
964.0,73.216
956.0,72.967
944.0,73.465
943.0,73.14
936.0,73.513
912.0,73.776
895.0,73.159
911.0,70.256
913.0,66.218
935.0,64.007
940.0,62.415
987.0,61.61
1038.0,57.735
1010.0,37.315
903.0,46.178
580.0,55.206
497.0,62.867
641.0,67.239
153.0,69.317
15.0,70.201
4.0,70.517
1125.0,69.971
1423.0,70.307
1875.0,70.154
1949.0,69.646
1465.0,68.818
1067.0,68.803
1063.0,69.476
1052.0,70.926
1020.0,72.547
986.0,73.098
940.0,72.895
973.0,72.403
987.0,71.987
959.0,72.542
927.0,72.586
913.0,71.979
907.0,70.742
909.0,70.784
901.0,71.095
904.0,70.932
916.0,70.857
951.0,71.558
977.0,72.678
1009.0,73.644
1012.0,73.803
694.0,72.874
511.0,72.121
459.0,72.454
54.0,72.527
44.0,72.72
11.0,73.565
22.0,73.092
14.0,70.428
1627.0,66.587
1862.0,64.657
1933.0,63.316
1613.0,62.49
1098.0,58.818
1045.0,38.599
1022.0,47.692
981.0,55.422
956.0,62.134
943.0,66.751
935.0,68.847
928.0,70.097
952.0,70.37
945.0,70.096
963.0,70.545
993.0,70.994
1002.0,69.926
979.0,68.649
903.0,68.649
901.0,69.366
626.0,71.205
283.0,72.589
572.0,72.484
355.0,71.766
51.0,70.901
3.0,70.622
7.0,71.706
1012.0,71.867
980.0,71.109
994.0,70.48
1003.0,70.559
975.0,70.848
989.0,70.762
975.0,70.406
864.0,70.624
778.0,71.637
262.0,73.089
596.0,72.964
548.0,72.333
522.0,71.467
121.0,71.724
24.0,71.29
149.0,71.666
84.0,72.327
10.0,72.604
991.0,70.498
987.0,66.896
743.0,64.849
431.0,63.925
420.0,62.227
191.0,57.88
14.0,41.819
22.0,51.1
18.0,57.33
2.0,62.183
2.0,66.682
3.0,69.071
2.0,71.28
2.0,71.777
750.0,71.708
545.0,71.502
90.0,71.236
64.0,70.537
75.0,69.699
70.0,69.161
33.0,70.199
17.0,71.85
19.0,72.807
18.0,72.376
1.0,70.93
978.0,70.541
975.0,70.097
968.0,71.402
979.0,71.807
997.0,70.809
1014.0,70.271
960.0,70.599
968.0,71.145
702.0,71.215
553.0,71.032
814.0,70.642
593.0,71.484
156.0,72.291
4.0,72.787
5.0,72.422
4.0,72.031
2.0,71.785
1239.0,71.379
1102.0,71.233
1032.0,72.215
995.0,72.106
953.0,70.043
936.0,67.171
937.0,64.972
918.0,63.52
923.0,61.365
925.0,56.586
948.0,43.074
961.0,52.719
975.0,58.222
997.0,62.079
962.0,65.924
854.0,69.297
891.0,71.723
738.0,72.905
536.0,72.8
55.0,71.88
40.0,72.051
17.0,71.342
3.0,70.401
10.0,70.308
5.0,70.963
3.0,72.723
1745.0,72.791
1327.0,72.011
1068.0,70.674
1061.0,70.16
1052.0,70.471
1052.0,71.305
1059.0,72.163
1059.0,71.439
1046.0,70.699
1038.0,71.103
1019.0,71.947
980.0,72.818
929.0,72.508
915.0,72.681
911.0,72.445
908.0,73.099
893.0,73.303
890.0,73.415
916.0,73.401
955.0,72.514
1001.0,72.299
979.0,72.235
978.0,72.622
853.0,72.148
658.0,70.333
75.0,67.596
8.0,65.016
7.0,62.772
1035.0,59.838
1030.0,54.107
1069.0,42.276
1078.0,52.44
1086.0,57.115
1074.0,59.934
1085.0,64.074
1087.0,67.888
1087.0,71.428
1068.0,73.197
1053.0,73.663
1058.0,72.838
1059.0,72.615
1044.0,72.59
1044.0,71.828
1018.0,71.543
1009.0,71.796
989.0,72.841
989.0,72.656
999.0,71.208
1007.0,69.867
1004.0,69.282
944.0,69.815
926.0,70.795
948.0,72.231
963.0,72.14
984.0,71.904
567.0,71.891
105.0,72.318
26.0,72.851
7.0,73.066
1107.0,72.856
1658.0,73.009
2366.0,73.155
2110.0,73.247
1422.0,73.445
1120.0,73.538
1089.0,73.096
1084.0,72.502
1071.0,73.066
1071.0,73.168
1054.0,73.418
1036.0,71.634
1042.0,69.162
1044.0,65.051
1048.0,60.81
1032.0,56.29
1043.0,39.494
1045.0,49.49
1049.0,53.229
1057.0,55.959
1064.0,60.07
1056.0,65.399
1038.0,70.2
1035.0,72.949
1037.0,73.654
1017.0,73.325
1004.0,73.004
960.0,73.073
970.0,72.995
874.0,72.404
239.0,72.447
16.0,73.172
1053.0,72.787
1064.0,71.019
1113.0,69.352
1129.0,68.649
1249.0,68.914
1778.0,70.415
2243.0,71.914
2133.0,72.376
1508.0,72.368
1044.0,72.253
983.0,72.095
1020.0,72.527
1011.0,72.602
1000.0,72.619
991.0,72.698
1012.0,72.986
1038.0,73.375
1053.0,73.509
1063.0,73.555
1058.0,73.388
1052.0,73.121
1060.0,73.505
1053.0,73.487
1085.0,73.849
1110.0,72.313
1118.0,69.072
1117.0,63.751
1098.0,57.383
1098.0,51.382
1088.0,35.592
1027.0,44.36
739.0,48.168
423.0,50.295
107.0,54.773
11.0,60.575
932.0,66.513
963.0,71.334
1014.0,73.05
1047.0,72.936
1070.0,73.259
1057.0,73.533
1096.0,73.542
1123.0,72.679
1115.0,72.444
1135.0,73.216
1054.0,72.773
1031.0,71.012
1029.0,69.912
1013.0,69.265
1033.0,68.842
1069.0,70.342
1032.0,71.684
1253.0,72.693
1877.0,72.649
2561.0,72.668
2708.0,72.412
2662.0,72.245
2612.0,72.164
2477.0,71.998
2279.0,72.133
2265.0,72.77
2057.0,72.966
1598.0,73.717
1699.0,73.391
2388.0,73.365
2307.0,73.147
1212.0,73.391
975.0,72.79
855.0,71.742
405.0,69.765
31.0,65.211
21.0,58.357
918.0,30.817
928.0,38.523
923.0,41.845
925.0,44.429
942.0,48.211
953.0,54.521
955.0,61.952
956.0,68.649
959.0,71.624
999.0,72.018
991.0,72.437
955.0,73.373
954.0,73.455
995.0,72.945
1013.0,72.254
1025.0,73.184
1062.0,73.044
1061.0,71.965
1169.0,70.699
1855.0,69.793
2031.0,69.129
1487.0,70.245
1391.0,71.552
1294.0,72.715
1226.0,72.573
1489.0,72.168
1277.0,72.471
1220.0,72.005
1867.0,71.825
2345.0,71.906
1990.0,72.19
1177.0,72.928
1067.0,73.125
1046.0,73.407
1011.0,73.305
833.0,72.418
263.0,71.978
10.0,70.607
1407.0,68.649
1320.0,66.085
1434.0,62.371
1349.0,25.068
1113.0,31.48
1058.0,35.527
1050.0,37.72
1060.0,41.224
1085.0,46.975
1069.0,55.736
1039.0,63.884
1030.0,68.384
1025.0,70.347
1018.0,71.644
1035.0,72.881
1046.0,73.41
1043.0,72.627
1055.0,71.872
1066.0,72.954
1059.0,73.556
1122.0,72.703
1322.0,71.935
1259.0,70.415
1195.0,69.361
1639.0,69.423
1826.0,70.634
1934.0,71.156
1363.0,71.047
1103.0,70.766
1107.0,70.769
1094.0,71.27
1069.0,71.498
1033.0,71.863
1000.0,72.198
1018.0,72.303
998.0,72.756
949.0,72.069
348.0,71.195
23.0,69.056
246.0,66.537
645.0,62.733
843.0,58.632
1118.0,21.739
1402.0,27.748
1323.0,31.32
1173.0,32.513
1149.0,34.359
1075.0,39.295
1064.0,47.91
724.0,56.767
159.0,62.53
133.0,66.533
353.0,70.095
677.0,72.428
919.0,73.085
1008.0,72.263
982.0,71.629
817.0,72.698
288.0,73.761
308.0,73.881
961.0,73.332
1136.0,71.756
1604.0,69.729
2353.0,69.069
1981.0,69.02
1191.0,69.297
1091.0,69.059
1082.0,68.649
1083.0,69.278
1063.0,70.482
1037.0,70.984
994.0,70.992
1007.0,70.428
979.0,69.425
992.0,68.649
997.0,67.074
965.0,64.756
514.0,60.601
36.0,20.693
2.0,26.55
37.0,30.167
25.0,30.717
34.0,31.434
61.0,34.115
106.0,40.189
776.0,47.517
1328.0,54.48
1260.0,60.772
1249.0,66.39
1122.0,69.95
1096.0,70.947
961.0,70.224
252.0,69.537
26.0,70.937
21.0,72.47
18.0,73.446
35.0,73.065
47.0,70.961
47.0,67.979
16.0,66.908
185.0,66.162
752.0,65.915
1529.0,65.756
1540.0,65.689
1277.0,65.954
1093.0,66.303
1059.0,65.786
1052.0,64.818
1062.0,62.956
1061.0,60.588
1041.0,58.259
1043.0,19.941
1037.0,26.369
1042.0,30.991
1012.0,32.5
1026.0,32.175
1022.0,32.815
1001.0,35.435
989.0,39.699
832.0,45.765
269.0,53.131
4.0,59.892
14.0,63.574
13.0,64.506
24.0,64.466
58.0,65.006
203.0,67.026
985.0,68.93
1336.0,69.387
1314.0,68.648
1258.0,65.689
1308.0,62.761
1279.0,61.523
764.0,60.934
83.0,60.672
27.0,60.574
11.0,58.678
3.0,57.183
41.0,55.987
56.0,54.791
247.0,19.149
907.0,26.001
1047.0,31.815
1048.0,34.818
1061.0,34.4
1067.0,33.439
1073.0,33.419
1073.0,34.922
1078.0,38.894
1072.0,45.704
1065.0,52.132
1060.0,55.882
1058.0,57.179
1036.0,57.331
1024.0,59.11
1043.0,60.594
1030.0,61.151
1049.0,60.2
1056.0,59.184
1057.0,56.891
1030.0,53.77
1005.0,51.573
951.0,50.706
743.0,50.428
184.0,49.088
248.0,18.035
626.0,24.754
593.0,31.011
791.0,34.041
1170.0,33.84
1171.0,32.214
1143.0,30.864
1064.0,30.898
1039.0,33.095
1017.0,37.906
657.0,43.818
89.0,46.41
37.0,47.143
20.0,48.314
3.0,49.671
41.0,50.691
173.0,49.546
827.0,47.269
1034.0,16.055
1042.0,22.258
1031.0,27.473
1044.0,30.112
1043.0,29.783
1056.0,28.125
1059.0,13.804
1057.0,18.894
1041.0,10.825
1021.0,15.747
1023.0,20.066
1018.0,23.879
1001.0,12.148
1004.0,17.489
1048.0,22.953
1044.0,27.441
1033.0,30.73
1037.0,31.653
1056.0,29.714
1059.0,26.325
1055.0,24.814
1006.0,24.348
923.0,24.236
462.0,25.192
37.0,27.526
837.0,29.572
869.0,31.546
675.0,32.316
101.0,12.808
118.0,18.211
937.0,23.853
1158.0,29.145
1052.0,32.586
797.0,33.247
158.0,31.212
41.0,28.15
21.0,26.983
26.0,26.547
21.0,26.482
10.0,27.796
13.0,30.648
43.0,34.044
362.0,36.955
1023.0,38.041
1055.0,37.569
1039.0,37.098
1033.0,35.768
1035.0,33.831
1024.0,31.122
1027.0,27.811
1035.0,13.185
1036.0,18.056
1040.0,24.547
1035.0,30.991
1039.0,34.723
1022.0,35.22
1002.0,33.636
977.0,31.346
1042.0,30.568
1044.0,29.967
1031.0,30.028
1009.0,31.467
1010.0,34.343
1056.0,37.68
1062.0,41.035
1053.0,42.145
1019.0,42.731
949.0,43.295
593.0,42.582
40.0,39.585
1028.0,36.17
971.0,32.287
596.0,29.053
65.0,27.725
31.0,27.552
617.0,28.166
1183.0,29.717
1043.0,14.402
540.0,20.534
50.0,28.446
27.0,35.775
26.0,39.319
18.0,40.294
15.0,38.967
8.0,38.091
36.0,37.984
174.0,37.314
840.0,37.189
1064.0,38.382
1058.0,40.556
1050.0,43.375
1041.0,46.131
1028.0,47.212
1023.0,48.05
1025.0,48.673
1044.0,47.479
1051.0,43.605
1044.0,40.113
1037.0,36.818
1044.0,34.541
1047.0,33.788
1016.0,34.109
981.0,35.686
1056.0,38.148
1059.0,41.518
1042.0,43.14
1041.0,16.811
1031.0,24.85
1058.0,35.357
1060.0,43.869
1054.0,48.254
1020.0,49.186
995.0,48.496
897.0,48.685
531.0,49.337
31.0,49.089
1.0,48.766
56.0,49.342
61.0,51.5
51.0,53.103
42.0,54.645
54.0,55.535
680.0,55.67
1269.0,55.489
1054.0,52.671
667.0,47.92
66.0,44.299
23.0,42.598
16.0,41.44
2.0,41.495
2.0,42.543
11.0,44.618
27.0,47.697
251.0,51.805
916.0,54.132
1059.0,53.677
1057.0,52.006
1048.0,19.085
1037.0,28.691
1047.0,41.572
1031.0,52.46
1028.0,57.955
1027.0,58.948
1044.0,58.233
1042.0,58.903
1049.0,60.514
1047.0,60.88
1053.0,60.581
1015.0,61.656
974.0,63.169
1045.0,63.822
1054.0,64.53
1028.0,64.803
1026.0,64.149
1054.0,62.679
1054.0,58.311
1054.0,53.018
1056.0,49.706
1042.0,49.228
999.0,49.297
988.0,49.749
785.0,51.062
235.0,53.438
16.0,56.856
342.0,61.227
505.0,63.849
936.0,64.244
1027.0,63.382
1191.0,62.078
1741.0,60.562
1836.0,20.826
1206.0,32.396
615.0,46.993
66.0,58.216
25.0,64.033
16.0,64.875
3.0,64.17
7.0,65.061
10.0,66.111
30.0,66.796
105.0,66.334
634.0,67.217
1043.0,68.649
1072.0,68.543
1063.0,68.536
1061.0,68.649
1058.0,67.786
1044.0,65.407
1029.0,60.687
1050.0,55.845
1046.0,53.829
1043.0,55.106
1045.0,56.338
1044.0,57.158
1046.0,57.977
1008.0,60.006
984.0,63.266
1013.0,67.021
1022.0,69.637
1022.0,70.223
1033.0,70.43
1031.0,69.543
1050.0,69.014
1058.0,67.99
1058.0,66.747
1047.0,63.495
1006.0,22.252
1007.0,35.218
923.0,50.877
558.0,62.189
60.0,66.994
517.0,67.364
291.0,66.737
140.0,67.535
62.0,68.681
32.0,68.69
208.0,68.097
1238.0,68.557
1141.0,69.195
936.0,69.192
206.0,68.937
23.0,68.876
14.0,68.44
8.0,66.025
3.0,62.118
5.0,57.725
7.0,56.924
11.0,59.578
59.0,61.784
579.0,62.391
905.0,62.869
1029.0,63.825
1068.0,66.127
1072.0,69.736
1041.0,71.974
1036.0,72.506
1048.0,72.621
1045.0,72.793
1035.0,72.529
1046.0,72.099
1036.0,71.885
1047.0,70.014
1042.0,65.186
1016.0,57.861
988.0,23.396
1020.0,37.359
1030.0,53.568
1021.0,64.293
1022.0,68.407
1049.0,68.256
1048.0,67.212
1048.0,67.477
1033.0,68.455
1012.0,69.187
992.0,68.692
931.0,68.921
419.0,69.103
37.0,67.846
43.0,67.385
305.0,67.76
474.0,68.023
300.0,66.723
61.0,63.408
47.0,60.007
624.0,59.748
1127.0,62.469
1020.0,64.082
532.0,64.374
68.0,64.692
29.0,65.597
20.0,67.593
6.0,70.658
5.0,72.534
45.0,73.096
581.0,73.331
975.0,73.349
1075.0,73.253
1075.0,73.088
1066.0,72.912
1064.0,72.19
1048.0,68.928
1048.0,63.617
1043.0,58.662
1040.0,54.478
1045.0,24.512
1044.0,38.576
1044.0,54.856
1057.0,65.093
1030.0,68.448
1007.0,67.734
1033.0,66.145
1038.0,66.51
1034.0,67.82
1031.0,68.675
1051.0,68.731
1054.0,69.178
1051.0,68.838
1039.0,67.125
993.0,65.668
988.0,66.627
983.0,68.439
707.0,68.443
95.0,65.991
303.0,63.098
921.0,62.543
1000.0,64.508
937.0,65.066
316.0,65.17
72.0,64.886
629.0,65.769
1074.0,67.645
1039.0,70.628
1008.0,72.361
583.0,72.647
105.0,72.571
19.0,72.497
11.0,72.665
6.0,72.853
278.0,73.184
975.0,72.945
1042.0,70.991
1060.0,67.335
1056.0,63.782
1061.0,60.839
1059.0,57.818
1035.0,54.405
1028.0,25.668
1038.0,39.667
1053.0,55.804
1056.0,65.449
1063.0,67.959
1060.0,66.788
1058.0,65.27
1048.0,65.845
1029.0,67.449
1039.0,68.164
1031.0,68.927
1027.0,69.032
1035.0,68.979
1048.0,67.703
1060.0,66.767
1057.0,67.406
1039.0,69.44
1010.0,70.186
1000.0,68.733
896.0,66.552
583.0,65.436
101.0,66.323
371.0,66.525
725.0,65.218
560.0,65.224
647.0,65.756
1068.0,67.843
1320.0,70.509
1065.0,71.821
1028.0,72.043
1051.0,71.684
1063.0,72.223
985.0,72.359
542.0,71.57
36.0,72.368
42.0,72.864
448.0,71.429
1040.0,69.221
1038.0,67.24
1044.0,65.503
1044.0,63.057
1038.0,59.766
1044.0,56.198
1031.0,51.481
1034.0,27.318
1038.0,41.092
1054.0,56.355
1053.0,66.121
1034.0,68.491
1011.0,66.981
1037.0,65.729
1018.0,65.947
1005.0,67.462
1022.0,68.526
1022.0,68.818
1038.0,68.801
1047.0,69.367
1049.0,68.79
1048.0,68.465
1052.0,69.232
1014.0,70.816
992.0,71.57
990.0,70.36
826.0,69.045
337.0,67.994
23.0,68.168
20.0,66.922
30.0,66.297
25.0,65.559
17.0,66.371
5.0,67.951
46.0,70.23
373.0,71.368
1351.0,71.361
1508.0,71.242
1464.0,71.455
1351.0,71.29
1116.0,71.2
723.0,71.925
76.0,72.407
1.0,71.558
9.0,69.984
114.0,69.405
847.0,68.763
1015.0,66.772
1038.0,63.132
1048.0,59.42
1034.0,55.419
1041.0,49.561
1044.0,29.388
1041.0,42.83
1060.0,57.533
1069.0,66.8
1066.0,68.989
1056.0,68.404
1036.0,67.031
1053.0,67.137
1045.0,68.649
1028.0,69.557
1024.0,69.001
1003.0,68.649
1018.0,69.296
1034.0,69.59
1045.0,69.419
1050.0,70.385
1052.0,71.4
986.0,72.165
982.0,71.358
969.0,70.733
867.0,69.558
668.0,69.125
24.0,67.838
27.0,67.195
34.0,66.732
48.0,67.571
42.0,68.649
41.0,70.706
48.0,70.886
172.0,70.908
1204.0,70.645
1455.0,71.354
1244.0,71.348
1073.0,71.295
1046.0,71.493
977.0,71.886
280.0,71.359
13.0,70.935
17.0,71.273
8.0,71.023
184.0,69.005
774.0,65.435
1024.0,61.875
1041.0,58.453
1042.0,53.556
1039.0,45.92
1055.0,38.058
1062.0,33.011
1068.0,44.907
1083.0,58.083
1085.0,66.827
1073.0,69.491
1057.0,69.061
1069.0,68.532
1046.0,68.649
1037.0,69.614
1031.0,70.034
1010.0,69.438
1031.0,69.392
1056.0,69.781
1064.0,69.87
1066.0,69.724
1034.0,70.736
1013.0,71.602
971.0,72.108
985.0,71.841
701.0,71.2
90.0,70.33
41.0,69.481
41.0,68.649
48.0,67.933
44.0,67.979
37.0,68.688
66.0,69.922
106.0,70.944
677.0,70.732
1243.0,70.412
1141.0,70.212
1124.0,71.005
1057.0,71.456
993.0,72.116
405.0,72.252
26.0,72.394
29.0,72.081
13.0,72.629
6.0,73.04
1.0,72.66
105.0,70.529
643.0,67.337
1038.0,64.445
1031.0,61.784
1054.0,57.645
1068.0,50.766
1314.0,42.602
1733.0,35.407
1216.0,37.763
1093.0,48.529
1085.0,59.896
1078.0,67.959
1081.0,71.137
1064.0,70.771
1058.0,70.686
1040.0,70.064
1032.0,70.033
1046.0,70.274
1059.0,69.61
1059.0,69.81
1025.0,69.577
1013.0,69.719
961.0,70.209
976.0,71.175
841.0,72.134
752.0,72.353
242.0,72.261
33.0,71.799
58.0,70.949
85.0,70.25
162.0,69.425
410.0,68.738
1209.0,68.985
1769.0,69.919
1772.0,70.985
1450.0,71.32
1281.0,71.306
948.0,71.201
332.0,71.178
52.0,72.006
51.0,72.18
32.0,72.978
135.0,72.849
382.0,73.174
732.0,72.829
923.0,73.842
981.0,73.988
1010.0,73.482
1021.0,71.51
1023.0,68.649
975.0,66.195
1289.0,63.966
1514.0,60.745
1954.0,54.733
2251.0,47.336
1767.0,40.525
1231.0,41.099
1139.0,51.044
1119.0,61.323
1084.0,68.463
1077.0,71.751
1038.0,72.222
1012.0,71.737
1011.0,71.017
980.0,70.627
979.0,70.286
1010.0,70.139
963.0,69.798
992.0,69.846
842.0,69.673
668.0,70.204
339.0,71.245
576.0,72.619
1338.0,72.726
1369.0,72.812
1138.0,72.475
980.0,71.69
976.0,71.036
967.0,70.237
978.0,70.085
1042.0,69.73
1062.0,70.895
1022.0,71.33
1026.0,71.71
1015.0,71.687
992.0,71.803
970.0,72.418
982.0,73.512
989.0,73.678
983.0,73.766
990.0,74.233
1024.0,74.044
1029.0,73.775
1033.0,73.99
1065.0,74.139
1083.0,73.582
1387.0,72.12
1408.0,69.916
1400.0,67.953
1408.0,66.22
1468.0,63.988
1711.0,59.713
2156.0,53.887
2273.0,47.208
1784.0,42.041
1171.0,51.574
968.0,61.432
979.0,68.721
1003.0,71.475
1014.0,72.157
989.0,71.963
1008.0,71.839
954.0,70.915
636.0,70.468
514.0,69.969
30.0,69.989
907.0,69.447
923.0,69.188
923.0,70.033
939.0,71.94
932.0,72.721
918.0,73.186
940.0,73.213
949.0,72.978
945.0,72.417
989.0,71.772
1019.0,71.617
1005.0,71.202
1007.0,71.179
973.0,71.431
958.0,71.608
968.0,71.75
1003.0,72.267
1018.0,72.247
1029.0,73.216
1044.0,74.112
1036.0,74.233
1009.0,73.728
1023.0,74.019
1363.0,73.956
2310.0,74.233
2332.0,73.987
1684.0,74.042
1417.0,73.766
1459.0,72.139
1540.0,70.144
1814.0,68.824
1892.0,68.192
2546.0,67.552
2183.0,64.928
1140.0,60.451
1044.0,54.748
1025.0,41.363
1012.0,50.75
1006.0,59.428
805.0,66.35
496.0,69.66
18.0,70.935
3.0,71.214
914.0,71.562
935.0,70.895
936.0,70.519
951.0,69.937
934.0,69.605
920.0,69.482
950.0,69.477
941.0,69.929
988.0,71.61
1049.0,72.895
1075.0,72.921
1047.0,72.803
1029.0,72.938
1023.0,72.529
1028.0,72.888
1021.0,72.553
1011.0,72.448
1012.0,71.16
1013.0,71.218
993.0,71.121
1001.0,71.716
1012.0,71.561
931.0,72.411
1144.0,73.066
1976.0,74.146
2600.0,73.919
2721.0,73.506
2709.0,73.021
2607.0,73.271
2551.0,73.276
2429.0,73.457
1883.0,73.591
1352.0,73.455
1103.0,71.848
998.0,69.378
997.0,68.572
972.0,68.658
623.0,68.649
434.0,66.918
26.0,62.763
1030.0,41.275
1031.0,50.334
1024.0,58.413
1010.0,64.042
983.0,67.562
995.0,69.071
1060.0,70.418
1065.0,70.766
1044.0,70.646
1034.0,70.88
999.0,70.608
1010.0,69.896
1052.0,69.156
1049.0,68.649
1027.0,69.626
1027.0,71.241
1045.0,72.408
1043.0,71.899
1035.0,71.643
1024.0,71.841
1021.0,71.792
1019.0,72.291
1035.0,72.683
1005.0,71.869
958.0,70.704
997.0,70.219
1024.0,70.19
1009.0,70.474
1031.0,70.534
1039.0,71.179
1004.0,71.942
990.0,73.029
996.0,72.866
977.0,72.175
720.0,71.718
516.0,72.249
338.0,72.504
1020.0,72.738
1016.0,72.972
988.0,73.144
966.0,71.228
997.0,68.649
1024.0,67.905
1009.0,68.494
1038.0,68.649
1053.0,66.755
1055.0,62.6
1051.0,43.534
1041.0,52.769
1038.0,58.813
1038.0,63.365
1055.0,66.409
1052.0,68.53
1045.0,69.563
1019.0,70.653
995.0,70.343
999.0,71.039
983.0,71.198
988.0,70.451
1015.0,69.409
1012.0,69.384
963.0,69.94
944.0,71.743
951.0,72.288
976.0,71.844
1007.0,70.771
1012.0,70.247
948.0,70.128
688.0,70.98
306.0,71.531
265.0,70.839
79.0,69.93
1011.0,69.968
1013.0,69.816
1019.0,69.943
1035.0,69.866
1035.0,70.142
1059.0,71.052
1069.0,72.108
1064.0,71.953
1068.0,71.383
1071.0,71.41
1066.0,71.793
1052.0,71.845
1016.0,71.795
1001.0,72.561
966.0,72.628
945.0,70.941
934.0,68.738
930.0,67.907
942.0,68.661
932.0,68.799
914.0,66.368
914.0,61.022
921.0,45.784
930.0,55.099
955.0,59.845
1000.0,63.275
816.0,66.569
719.0,68.649
507.0,70.805
455.0,71.327
147.0,71.675
25.0,72.225
4.0,72.166
1891.0,71.485
2053.0,70.344
1907.0,70.235
1766.0,70.825
1158.0,72.213
1038.0,72.376
1018.0,71.499
1003.0,70.359
988.0,69.643
976.0,69.326
948.0,70.818
930.0,71.44
933.0,70.874
913.0,70.289
908.0,70.359
901.0,70.653
912.0,70.819
941.0,70.478
967.0,70.474
999.0,70.899
1002.0,71.802
1023.0,72.302
827.0,71.85
406.0,71.731
337.0,72.06
70.0,71.865
4.0,71.64
10.0,72.436
7.0,72.744
6.0,71.159
4.0,68.681
5.0,68.544
1180.0,68.955
1060.0,68.89
1045.0,66.006
1044.0,59.689
997.0,45.462
972.0,55.244
987.0,59.934
1031.0,62.987
1032.0,66.882
1044.0,69.667
912.0,72.223
698.0,73.111
803.0,72.898
970.0,73.183
891.0,73.001
495.0,72.527
233.0,72.022
437.0,71.846
73.0,72.017
11.0,72.78
27.0,72.772
981.0,71.442
991.0,69.965
1012.0,69.701
1018.0,70.162
812.0,71.299
376.0,71.922
371.0,71.22
59.0,70.643
53.0,70.965
12.0,71.416
8.0,72.546
2.0,72.409
6.0,72.263
5.0,72.412
1.0,72.489
22.0,72.82
21.0,72.667
17.0,72.669
13.0,72.247
7.0,72.053
3.0,72.447
7.0,72.549
794.0,72.706
814.0,71.305
471.0,69.53
296.0,68.784
436.0,69.233
249.0,68.649
82.0,64.99
17.0,57.566
16.0,45.629
15.0,55.289
32.0,59.748
17.0,62.752
5.0,66.571
984.0,70.173
948.0,72.606
944.0,73.906
950.0,73.488
952.0,73.558
979.0,73.694
1006.0,73.675
1006.0,73.312
998.0,73.329
995.0,72.91
798.0,73.198
469.0,72.487
603.0,71.029
236.0,70.101
177.0,69.368
60.0,69.815
18.0,71.433
3.0,72.563
10.0,72.355
3.0,71.716
11.0,71.126
1691.0,71.45
1111.0,72.574
1011.0,72.701
991.0,72.727
974.0,72.915
954.0,72.684
950.0,72.77
963.0,73.189
936.0,73.067
923.0,72.339
929.0,72.444
921.0,72.426
942.0,72.874
972.0,73.111
982.0,71.968
990.0,70.855
965.0,69.418
761.0,68.649
698.0,66.667
565.0,62.331
335.0,43.516
134.0,53.761
36.0,58.495
17.0,61.526
18.0,65.4
13.0,68.921
4.0,72.364
1056.0,74.233
1069.0,74.233
1072.0,73.819
1064.0,74.118
1065.0,74.095
1068.0,73.918
1070.0,73.756
1070.0,73.038
1049.0,73.161
1042.0,72.504
1036.0,70.973
1011.0,69.438
951.0,69.012
940.0,69.565
966.0,70.809
967.0,72.13
962.0,72.813
950.0,72.379
939.0,71.274
947.0,71.395
969.0,71.947
997.0,72.193
985.0,72.431
754.0,72.422
547.0,72.696
223.0,73.148
5.0,73.198
3.0,73.073
1070.0,72.825
1097.0,72.507
1090.0,72.71
1078.0,73.693
1072.0,73.967
1072.0,73.394
1077.0,71.658
1077.0,68.636
1075.0,65.26
1072.0,61.477
1073.0,39.981
1068.0,50.339
1051.0,55.572
1041.0,58.504
1050.0,62.625
1051.0,66.707
1055.0,71.231
1061.0,73.834
1048.0,74.115
1037.0,73.777
1034.0,73.568
1009.0,74.233
980.0,74.233
963.0,73.962
955.0,73.183
955.0,73.145
988.0,72.355
861.0,70.867
368.0,69.861
67.0,69.013
4.0,69.075
1056.0,69.995
1428.0,71.64
2076.0,73.301
1975.0,73.225
1308.0,72.518
1118.0,71.939
1114.0,71.851
1098.0,71.672
1084.0,72.243
1079.0,72.511
1059.0,72.743
1054.0,73.301
1062.0,73.424
1067.0,73.546
1054.0,72.966
1041.0,72.753
1057.0,73.296
1060.0,73.549
1065.0,73.046
1069.0,71.895
1067.0,68.649
1066.0,63.807
1059.0,57.685
1066.0,35.299
1071.0,44.536
1037.0,49.021
1035.0,52.487
1049.0,56.568
1042.0,61.3
1015.0,66.893
549.0,71.439
40.0,72.72
1046.0,72.732
1050.0,73.025
1052.0,73.408
1074.0,73.696
1302.0,73.138
2157.0,72.312
2591.0,72.735
2547.0,72.477
2467.0,71.202
2199.0,70.333
1733.0,69.469
1369.0,68.65
1194.0,69.29
1091.0,71.323
1072.0,73.005
1075.0,73.645
1086.0,73.201
1096.0,72.344
1130.0,71.751
1144.0,71.403
1194.0,71.834
1216.0,72.43
1256.0,72.966
1308.0,73.557
1402.0,73.701
1693.0,73.495
1904.0,72.993
1820.0,72.488
1429.0,71.942
1142.0,71.246
976.0,69.678
842.0,66.824
500.0,61.805
53.0,29.089
30.0,36.871
13.0,41.09
1016.0,43.828
1021.0,47.578
1042.0,53.269
1063.0,60.653
1083.0,67.599
1086.0,70.424
1095.0,71.179
1139.0,72.002
1413.0,73.027
1863.0,73.1
1978.0,72.167
1924.0,72.056
1968.0,72.81
2158.0,72.625
2417.0,72.081
2341.0,71.28
2145.0,69.987
1976.0,68.94
1783.0,69.266
1732.0,70.656
1648.0,72.534
1302.0,72.846
1221.0,72.234
1641.0,71.798
1920.0,71.698
1861.0,71.782
1753.0,72.077
1571.0,72.395
1639.0,73.081
2515.0,73.138
1677.0,73.076
1018.0,72.323
976.0,70.617
732.0,68.649
408.0,65.673
39.0,62.954
20.0,59.679
15.0,24.965
906.0,31.474
918.0,34.848
926.0,36.114
933.0,38.558
938.0,44.48
953.0,52.869
954.0,61.347
962.0,66.303
970.0,68.649
986.0,70.698
1003.0,72.4
1023.0,72.908
1033.0,71.826
1051.0,71.545
1060.0,72.07
1082.0,72.6
1127.0,72.763
1552.0,72.608
1959.0,71.262
1739.0,69.57
1583.0,69.284
1427.0,69.879
1467.0,71.565
1657.0,71.862
1723.0,71.082
1775.0,70.766
1911.0,71.66
1677.0,71.731
1282.0,71.737
1156.0,71.461
1043.0,70.654
991.0,69.978
1038.0,68.543
1014.0,66.924
1012.0,63.665
911.0,59.914
347.0,23.453
58.0,29.537
909.0,33.113
908.0,34.465
931.0,35.246
942.0,38.365
924.0,45.017
934.0,53.042
949.0,59.88
1005.0,64.51
1046.0,67.821
1093.0,70.389
1097.0,71.311
1071.0,70.482
1070.0,70.012
1064.0,71.109
1075.0,72.33
1098.0,72.921
1084.0,73.074
1075.0,70.991
1095.0,68.901
1169.0,68.048
1152.0,68.463
1102.0,69.181
1403.0,69.317
1989.0,68.649
2020.0,68.561
1270.0,68.649
1039.0,68.397
1069.0,67.465
1091.0,65.537
1080.0,62.906
1044.0,60.919
1018.0,59.367
1052.0,22.525
1048.0,29.321
1023.0,34.231
1004.0,36.028
1006.0,35.831
735.0,36.271
204.0,39.213
22.0,45.192
1099.0,51.941
1212.0,57.615
1428.0,62.222
1537.0,65.06
1577.0,66.166
1534.0,65.775
1323.0,66.076
1313.0,67.652
1347.0,69.088
1327.0,69.896
1197.0,69.493
1025.0,67.042
1032.0,64.015
1000.0,62.563
971.0,63.032
942.0,63.945
893.0,63.895
958.0,62.758
1012.0,61.314
1034.0,59.249
1077.0,58.398
1108.0,21.464
1817.0,28.591
2334.0,33.902
1364.0,36.511
1058.0,36.106
1056.0,35.104
1069.0,35.569
1075.0,38.442
1078.0,43.536
1052.0,49.421
1022.0,54.925
1025.0,57.944
1031.0,58.875
981.0,59.396
970.0,60.143
1003.0,61.215
997.0,61.675
823.0,61.117
392.0,60.031
38.0,58.334
21.0,55.337
33.0,53.233
68.0,52.465
208.0,53.074
734.0,53.093
1202.0,51.3
1108.0,19.793
1036.0,26.854
1016.0,32.273
1050.0,35.194
1133.0,34.388
924.0,32.727
170.0,31.697
47.0,32.624
40.0,35.939
20.0,41.566
48.0,47.224
72.0,50.64
113.0,51.373
100.0,51.607
423.0,51.361
1007.0,51.24
1093.0,49.482
1062.0,47.727
1044.0,46.984
1058.0,46.226
1063.0,17.032
1058.0,23.608
1054.0,28.613
1053.0,30.966
1043.0,30.279
1042.0,28.002
1044.0,26.62
994.0,13.579
984.0,18.57
1014.0,23.188
1019.0,9.438
1004.0,14.236
1001.0,18.44
984.0,11.68
704.0,16.853
146.0,22.337
7.0,27.134
1.0,31.163
33.0,32.371
43.0,30.503
40.0,27.377
58.0,25.935
479.0,25.019
1132.0,25.134
1125.0,25.602
1043.0,27.491
1038.0,29.268
1074.0,31.282
1048.0,32.302
877.0,13.305
201.0,18.918
38.0,24.999
18.0,30.896
8.0,36.044
37.0,38.022
50.0,36.478
69.0,33.519
542.0,32.309
1036.0,31.06
1044.0,30.87
1042.0,31.559
1058.0,33.567
1061.0,35.984
1064.0,38.663
1061.0,40.347
1046.0,40.967
1037.0,42.23
1046.0,42.055
1047.0,39.164
1025.0,35.383
1040.0,31.504
1060.0,14.785
1032.0,20.862
1037.0,27.909
1053.0,35.698
1072.0,41.976
1047.0,44.706
1019.0,43.898
1012.0,42.014
822.0,40.793
350.0,39.793
112.0,38.897
13.0,39.17
233.0,40.976
901.0,43.042
1052.0,45.898
861.0,47.062
1036.0,47.892
1199.0,48.897
1523.0,47.662
1334.0,44.063
1059.0,41.05
1048.0,38.755
930.0,36.862
321.0,36.401
42.0,36.447
21.0,36.827
12.0,37.286
9.0,16.858
45.0,24.187
47.0,33.39
205.0,42.271
862.0,48.843
1035.0,51.54
1057.0,51.851
1042.0,51.052
1048.0,50.359
1051.0,49.328
1054.0,48.039
1050.0,47.893
1041.0,49.229
1032.0,50.205
1031.0,51.825
1021.0,52.995
997.0,53.732
995.0,53.605
1038.0,51.13
1040.0,47.195
1049.0,44.593
1032.0,44.411
1057.0,44.623
1055.0,45.006
1066.0,46.022
1034.0,47.512
985.0,49.543
908.0,51.323
820.0,51.271
235.0,19.404
986.0,29.12
1093.0,41.132
981.0,51.042
342.0,56.826
74.0,58.731
868.0,58.338
1503.0,58.357
1088.0,58.347
1052.0,58.042
928.0,57.166
341.0,57.342
41.0,57.815
32.0,58.214
22.0,59.112
12.0,59.839
17.0,59.933
46.0,58.624
46.0,55.061
436.0,50.856
1008.0,48.515
1045.0,48.884
1040.0,50.158
1042.0,51.263
1028.0,52.523
1037.0,54.68
1044.0,57.247
1046.0,60.306
1029.0,60.853
1034.0,58.63
1043.0,55.972
1035.0,21.632
1006.0,33.101
995.0,47.688
1072.0,58.817
1050.0,64.211
1033.0,64.921
1032.0,63.569
1042.0,64.132
1050.0,65.286
1060.0,65.651
1053.0,65.253
1023.0,65.637
1014.0,66.515
923.0,66.319
470.0,66.473
18.0,66.408
626.0,66.233
780.0,63.815
512.0,59.628
119.0,54.93
27.0,53.092
339.0,54.009
1151.0,55.251
1064.0,56.074
1007.0,57.17
727.0,59.3
125.0,62.353
34.0,65.576
31.0,66.911
20.0,65.903
19.0,64.472
35.0,62.887
47.0,61.479
235.0,59.435
933.0,23.474
1055.0,36.321
1039.0,51.74
1036.0,62.739
1035.0,67.249
1030.0,67.494
1032.0,66.652
1051.0,66.814
1051.0,68.522
1036.0,68.924
1026.0,68.891
1044.0,68.797
1043.0,69.48
1003.0,69.026
970.0,69.25
1077.0,69.468
1050.0,68.753
1020.0,66.112
1030.0,62.058
1027.0,57.977
1028.0,56.544
1054.0,58.542
1062.0,60.041
1039.0,60.596
1010.0,60.996
1019.0,62.315
915.0,64.798
403.0,68.649
17.0,70.823
44.0,70.549
37.0,70.511
60.0,70.004
44.0,69.621
34.0,68.693
233.0,67.607
1177.0,64.769
1073.0,24.937
1003.0,38.609
902.0,53.961
354.0,64.545
92.0,68.332
30.0,68.541
19.0,67.454
13.0,67.913
12.0,69.428
40.0,69.8
81.0,69.425
700.0,69.74
1031.0,69.789
1043.0,69.253
1037.0,69.228
1040.0,69.37
1018.0,69.525
1030.0,67.502
1052.0,64.13
1062.0,60.314
1035.0,59.849
1046.0,62.134
1044.0,63.548
1047.0,63.815
997.0,63.764
953.0,64.392
1086.0,66.635
1021.0,70.405
851.0,72.704
977.0,72.635
1029.0,73.127
1048.0,73.3
1059.0,73.062
1056.0,72.687
1039.0,72.688
1017.0,71.056
994.0,67.327
1002.0,61.278
710.0,55.659
115.0,26.842
20.0,40.38
646.0,55.318
499.0,65.373
878.0,68.646
939.0,68.521
908.0,67.034
1145.0,67.835
1604.0,68.865
1194.0,69.585
1057.0,69.902
646.0,70.011
78.0,70.011
26.0,68.349
11.0,67.812
4.0,68.414
4.0,69.947
6.0,69.368
22.0,67.233
4.0,64.583
46.0,64.036
315.0,65.52
691.0,66.979
934.0,66.838
1014.0,66.358
1007.0,66.362
1024.0,68.601
1053.0,71.488
1052.0,73.472
1041.0,73.668
1026.0,73.481
1025.0,73.908
1044.0,73.668
1002.0,73.668
918.0,73.753
974.0,73.365
1012.0,70.722
1016.0,66.619
1012.0,62.652
1016.0,58.842
1044.0,55.61
1057.0,28.159
1057.0,41.698
1048.0,56.062
1032.0,65.089
994.0,68.069
991.0,67.264
877.0,66.202
238.0,66.442
19.0,68.262
451.0,69.275
179.0,70.146
138.0,69.951
58.0,69.792
38.0,68.243
63.0,67.297
944.0,68.746
1261.0,70.859
1056.0,71.537
894.0,70.419
291.0,68.649
31.0,67.995
23.0,68.722
13.0,68.863
3.0,68.343
3.0,67.53
17.0,67.634
18.0,68.824
23.0,71.368
24.0,73.267
159.0,73.311
664.0,73.087
1013.0,73.181
1031.0,73.235
1016.0,72.945
1051.0,73.367
1062.0,73.632
1046.0,71.968
1034.0,69.614
1042.0,67.519
1045.0,65.459
1051.0,63.02
975.0,58.759
937.0,55.267
1016.0,30.077
1031.0,43.335
1027.0,57.076
1032.0,65.285
1034.0,67.536
1040.0,66.463
1041.0,65.48
1033.0,65.955
1030.0,67.542
1031.0,68.662
992.0,69.345
914.0,69.688
265.0,70.19
43.0,69.292
63.0,68.614
123.0,69.954
99.0,71.919
38.0,72.955
28.0,72.49
486.0,71.762
1219.0,70.654
1075.0,70.272
1027.0,69.771
741.0,68.986
135.0,67.645
24.0,68.331
16.0,69.129
16.0,71.294
10.0,72.863
4.0,72.576
16.0,72.487
33.0,72.647
42.0,72.084
155.0,72.341
636.0,72.774
1008.0,73.488
1067.0,72.441
1063.0,71.048
1047.0,70.546
1045.0,70.074
1050.0,68.218
1044.0,64.019
1045.0,60.455
1054.0,56.483
1081.0,50.854
1031.0,32.6
989.0,45.604
1023.0,58.434
1026.0,66.093
1028.0,67.686
1023.0,66.384
1040.0,65.393
1053.0,65.802
1060.0,67.515
1053.0,68.989
1023.0,69.144
980.0,69.131
976.0,69.48
757.0,69.513
144.0,69.675
45.0,71.062
524.0,72.744
1002.0,73.485
987.0,73.165
400.0,72.712
68.0,72.076
607.0,71.348
1506.0,70.06
1116.0,68.872
1040.0,68.323
1028.0,68.246
758.0,69.48
156.0,71.607
19.0,72.316
16.0,72.356
8.0,71.756
1.0,72.098
19.0,71.997
105.0,71.781
625.0,72.581
982.0,72.723
1043.0,71.906
1043.0,71.141
1059.0,71.342
1056.0,71.651
1035.0,69.965
1033.0,65.857
1047.0,62.926
1060.0,59.475
1053.0,55.146
1056.0,47.497
1069.0,40.274
1047.0,35.165
1016.0,47.128
1036.0,59.55
1022.0,66.937
1024.0,68.595
1034.0,67.628
1050.0,66.605
1055.0,66.557
1057.0,68.266
1049.0,69.157
1024.0,69.102
1013.0,68.898
988.0,68.814
587.0,68.769
64.0,69.067
61.0,70.08
240.0,72.122
481.0,72.887
536.0,73.077
622.0,72.84
1089.0,72.009
1119.0,71.448
1539.0,69.841
1514.0,69.082
1083.0,68.649
1055.0,68.785
1044.0,69.862
961.0,71.659
329.0,71.791
1.0,71.551
12.0,71.193
22.0,71.167
146.0,71.49
762.0,71.397
1031.0,71.363
1048.0,71.574
1039.0,71.414
1040.0,70.969
1029.0,71.346
1027.0,71.884
1033.0,70.648
1041.0,67.001
1052.0,64.054
1050.0,61.784
1042.0,57.968
1039.0,51.578
1038.0,44.656
1002.0,38.313
1013.0,37.72
1012.0,48.36
1005.0,59.625
1027.0,67.258
1043.0,69.329
1049.0,68.693
1048.0,68.088
1031.0,68.779
987.0,69.422
1011.0,69.969
994.0,69.651
555.0,69.288
74.0,68.993
26.0,69.098
27.0,69.019
42.0,70.317
38.0,71.732
34.0,72.91
22.0,72.897
84.0,72.431
610.0,71.817
1155.0,70.958
1014.0,70.392
1056.0,69.717
1120.0,70.001
976.0,70.618
798.0,71.484
113.0,72.625
18.0,72.085
7.0,71.509
11.0,71.154
453.0,71.49
983.0,71.851
1052.0,72.296
1040.0,72.253
1045.0,72.248
1044.0,72.183
1045.0,72.546
1048.0,72.754
1059.0,72.855
1057.0,71.488
1035.0,69.251
1020.0,66.943
1028.0,64.923
1035.0,61.784
1031.0,56.466
1025.0,50.357
1004.0,44.487
1011.0,40.037
1035.0,40.069
1039.0,50.219
1043.0,60.77
1038.0,68.04
1018.0,70.545
979.0,70.766
1002.0,70.715
965.0,70.512
738.0,70.503
195.0,70.792
23.0,69.978
32.0,69.574
43.0,69.416
38.0,68.782
34.0,68.722
36.0,70.283
64.0,71.717
491.0,72.215
1256.0,72.279
1008.0,72.029
973.0,71.179
1023.0,70.992
1147.0,70.479
874.0,70.249
116.0,70.853
28.0,71.811
28.0,72.602
19.0,73.254
117.0,72.588
725.0,71.967
1032.0,71.675
1048.0,71.779
1050.0,72.357
1058.0,72.94
1067.0,72.835
1073.0,73.359
1063.0,73.217
1065.0,73.591
1055.0,73.79
1063.0,73.729
1068.0,72.675
1059.0,71.216
1033.0,70.065
1006.0,67.824
999.0,65.33
1021.0,60.852
1053.0,56.08
1057.0,51.676
1062.0,46.768
1047.0,43.686
986.0,42.251
1009.0,52.478
975.0,62.522
924.0,68.963
722.0,72.006
196.0,72.309
43.0,71.973
55.0,71.761
67.0,71.722
58.0,71.542
55.0,70.563
149.0,70.304
671.0,69.217
1317.0,68.893
1294.0,69.112
1103.0,70.867
1191.0,71.925
1168.0,71.943
1009.0,72.384
250.0,71.963
27.0,71.133
32.0,70.78
41.0,70.442
23.0,70.827
4.0,71.357
26.0,71.883
240.0,72.397
820.0,72.603
1011.0,72.448
1021.0,72.629
1070.0,72.442
1140.0,72.831
1116.0,72.873
1082.0,73.384
1059.0,73.73
1061.0,73.829
1059.0,73.687
1061.0,73.982
1041.0,73.955
1024.0,73.759
1017.0,73.122
1032.0,72.35
1050.0,71.204
1056.0,70.653
1055.0,69.184
1039.0,66.178
972.0,62.661
1003.0,58.792
965.0,53.371
988.0,48.408
710.0,42.979
311.0,52.912
12.0,62.076
59.0,68.905
458.0,71.618
1101.0,72.109
1451.0,72.516
1716.0,72.241
1538.0,71.953
1211.0,71.721
1074.0,70.996
1051.0,70.17
1049.0,68.861
752.0,68.649
214.0,69.413
67.0,71.237
126.0,72.047
566.0,71.964
914.0,71.953
985.0,72.212
967.0,71.437
951.0,71.488
1019.0,71.626
1014.0,71.931
814.0,71.774
812.0,71.832
1068.0,71.946
1449.0,72.061
1726.0,71.712
2246.0,72.172
1544.0,72.992
1138.0,73.565
1109.0,73.684
1095.0,73.344
1088.0,73.418
1069.0,73.993
1045.0,73.942
1036.0,73.597
1024.0,73.831
1026.0,73.55
1019.0,72.769
1034.0,72.054
1038.0,71.58
1006.0,71.633
947.0,71.47
968.0,69.742
655.0,66.953
569.0,63.666
128.0,57.541
973.0,50.578
957.0,42.958
959.0,52.38
961.0,60.698
937.0,66.35
948.0,69.644
936.0,70.586
930.0,71.85
981.0,72.408
1036.0,71.807
1027.0,71.843
1023.0,71.115
1033.0,70.173
1020.0,69.406
1023.0,69.022
1027.0,69.985
1032.0,71.396
1026.0,71.76
1035.0,71.476
1073.0,71.524
1047.0,72.05
1044.0,71.521
1077.0,72.123
1378.0,72.471
1504.0,72.327
1265.0,71.611
1555.0,71.144
1944.0,70.544
2118.0,70.744
1905.0,71.338
1409.0,71.663
1122.0,72.418
1033.0,73.292
1019.0,73.033
1012.0,72.461
1048.0,72.616
1054.0,73.325
1010.0,73.262
1009.0,73.172
969.0,73.248
972.0,73.34
967.0,72.135
613.0,70.765
143.0,70.198
5.0,70.692
918.0,71.225
922.0,70.32
927.0,68.628
936.0,64.448
928.0,57.897
940.0,44.753
940.0,53.361
948.0,59.556
941.0,64.43
927.0,67.547
921.0,69.201
942.0,70.16
963.0,70.763
981.0,70.905
1006.0,71.644
1008.0,71.214
1010.0,70.681
1026.0,70.062
1026.0,69.937
1020.0,70.423
1053.0,71.634
1152.0,71.579
1689.0,70.883
1955.0,70.677
1488.0,70.765
1373.0,71.159
1386.0,71.913
1260.0,72.5
1367.0,71.984
1609.0,71.122
1680.0,70.187
2250.0,69.701
2331.0,69.747
1256.0,69.741
1031.0,70.483
1027.0,71.305
1044.0,72.621
992.0,72.349
994.0,71.655
979.0,71.567
782.0,71.875
350.0,72.518
110.0,72.701
4.0,72.797
997.0,72.806
1010.0,71.506
1009.0,69.645
1009.0,69.377
1001.0,70.056
1005.0,70.998
1012.0,70.829
1002.0,68.649
1012.0,64.448
1047.0,45.918
1064.0,54.542
1046.0,59.644
1025.0,63.562
1038.0,66.826
1053.0,68.617
1044.0,69.751
1018.0,70.693
1026.0,70.694
1040.0,71.802
1073.0,71.944
1181.0,71.447
1886.0,71.146
2541.0,70.678
2692.0,71.119
2674.0,71.837
2600.0,71.53
2544.0,70.464
2491.0,69.743
2480.0,69.339
2509.0,69.8
2417.0,70.998
1867.0,71.523
1142.0,71.327
1009.0,70.111
1028.0,69.308
1037.0,69.33
1029.0,69.199
917.0,69.095
721.0,69.243
337.0,70.373
81.0,71.357
1015.0,71.706
1003.0,71.005
1003.0,71.179
989.0,71.6
1012.0,71.677
1056.0,72.345
1104.0,72.612
1095.0,72.574
1059.0,71.145
1057.0,69.137
994.0,69.134
982.0,70.362
1035.0,71.815
1024.0,71.456
1005.0,68.917
1032.0,63.458
1047.0,46.495
1035.0,54.918
1015.0,59.735
1010.0,63.206
1026.0,66.763
1072.0,69.209
1070.0,71.099
1048.0,71.752
1049.0,71.964
1058.0,72.432
1063.0,72.543
1075.0,72.18
1067.0,71.776
1056.0,71.616
1078.0,71.77
1052.0,72.559
969.0,72.128
983.0,70.769
940.0,69.664
675.0,69.136
693.0,69.108
182.0,70.537
15.0,71.046
4.0,70.741
1027.0,70.094
1042.0,69.975
1040.0,69.924
1050.0,70.525
1082.0,70.328
1107.0,70.47
996.0,70.977
986.0,71.553
1010.0,71.665
1037.0,71.349
1054.0,71.639
1047.0,71.763
1031.0,71.89
1025.0,72.163
1034.0,72.724
1039.0,72.969
1027.0,71.292
1036.0,69.272
1050.0,69.296
1045.0,70.7
1050.0,72.404
1059.0,71.76
1044.0,68.649
1012.0,62.554
1033.0,46.146
1042.0,54.919
1006.0,59.204
966.0,62.793
976.0,66.89
999.0,69.972
1003.0,71.821
896.0,72.776
489.0,72.601
324.0,73.075
300.0,73.029
8.0,72.283
8.0,72.074
971.0,72.129
1005.0,72.173
1018.0,73.081
1025.0,72.553
1026.0,71.177
1070.0,69.937
1063.0,69.259
1063.0,69.531
1055.0,70.79
1066.0,71.478
1064.0,71.094
1045.0,70.688
1054.0,70.814
1048.0,71.404
1032.0,71.886
1032.0,72.342
1036.0,71.988
1021.0,72.059
992.0,72.225
1001.0,72.04
1016.0,72.071
987.0,72.259
957.0,71.979
924.0,71.953
932.0,72.358
966.0,72.838
981.0,73.253
867.0,71.335
676.0,69.7
620.0,69.595
97.0,70.986
43.0,72.11
4.0,70.952
1397.0,66.708
1308.0,59.933
1374.0,46.174
1189.0,55.203
1075.0,59.647
1066.0,62.798
1021.0,66.717
984.0,69.979
967.0,71.875
976.0,73.182
996.0,72.924
993.0,73.565
1005.0,73.685
984.0,73.314
970.0,72.92
957.0,72.645
928.0,72.639
931.0,73.401
932.0,72.758
955.0,71.318
952.0,70.355
991.0,70.329
998.0,70.111
805.0,71.586
838.0,72.825
633.0,72.384
216.0,71.719
29.0,71.421
2.0,71.589
5.0,72.522
2.0,73.106
1738.0,72.829
1634.0,73.118
1338.0,72.697
1069.0,72.687
1028.0,72.792
999.0,72.631
986.0,72.125
989.0,72.132
1008.0,72.746
1019.0,73.12
1009.0,73.454
1011.0,72.697
1014.0,71.418
988.0,71.226
984.0,71.743
863.0,72.112
713.0,69.991
893.0,64.214
887.0,45.879
571.0,55.283
96.0,59.048
26.0,62.531
3.0,66.369
4.0,69.761
3.0,72.426
951.0,73.465
943.0,73.794
990.0,73.969
1028.0,74.233
977.0,73.703
702.0,73.48
690.0,72.89
744.0,72.492
424.0,73.089
51.0,72.197
111.0,70.972
52.0,70.16
5.0,70.406
7.0,70.409
377.0,71.596
157.0,72.714
181.0,73.24
39.0,72.601
18.0,71.528
12.0,71.16
10.0,71.821
2.0,72.221
1.0,72.696
4.0,72.726
3.0,73.098
3.0,72.991
33.0,73.265
39.0,73.041
37.0,72.547
15.0,72.468
20.0,72.977
21.0,73.436
25.0,73.89
15.0,73.7
7.0,72.573
767.0,71.533
574.0,70.113
849.0,68.847
930.0,65.083
454.0,42.97
76.0,53.439
429.0,57.919
399.0,61.603
142.0,65.586
24.0,69.476
8.0,72.274
4.0,73.785
11.0,74.05
980.0,73.876
965.0,74.233
958.0,74.207
963.0,74.233
959.0,73.284
939.0,72.718
977.0,72.632
1000.0,71.757
1007.0,70.535
962.0,69.799
830.0,69.579
497.0,69.672
708.0,70.361
677.0,71.57
439.0,72.995
21.0,72.857
16.0,71.753
7.0,71.124
12.0,71.329
9.0,71.767
7.0,72.208
9.0,72.57
1476.0,72.874
1030.0,73.068
994.0,73.45
977.0,73.15
968.0,72.96
967.0,72.96
950.0,73.248
962.0,73.463
967.0,73.578
952.0,73.217
922.0,71.245
920.0,68.649
945.0,65.295
958.0,61.339
982.0,38.526
1000.0,49.111
1002.0,54.687
843.0,58.625
848.0,63.155
696.0,67.13
498.0,70.552
81.0,72.811
16.0,73.694
10.0,73.346
11.0,73.431
4.0,73.759
1038.0,73.986
1069.0,72.939
1079.0,72.255
1079.0,72.529
1067.0,71.97
1068.0,70.614
1083.0,69.773
1077.0,68.86
1061.0,68.651
1047.0,68.782
1028.0,70.733
1025.0,72.901
1000.0,73.533
987.0,73.016
1002.0,71.947
1002.0,71.8
1007.0,72.1
991.0,71.94
960.0,73.126
944.0,73.318
965.0,73.581
970.0,74.233
977.0,73.904
673.0,73.311
407.0,72.994
406.0,72.555
82.0,72.071
5.0,70.937
1026.0,69.282
1028.0,65.708
1084.0,60.926
1083.0,32.229
1074.0,41.983
1089.0,47.883
1090.0,51.846
1078.0,56.245
1076.0,60.869
1068.0,66.253
1061.0,70.369
1053.0,72.423
1061.0,72.208
1067.0,72.541
1058.0,73.09
1052.0,73.393
1053.0,72.326
1048.0,71.893
1053.0,72.415
1060.0,72.134
1062.0,71.543
1056.0,70.469
1039.0,69.623
1012.0,68.649
967.0,68.649
977.0,70.273
995.0,73.297
866.0,73.761
606.0,73.0
98.0,72.139
5.0,71.898
1008.0,72.201
1001.0,72.504
1039.0,72.912
1280.0,73.429
1670.0,73.834
1352.0,73.782
1142.0,73.119
1102.0,71.897
1092.0,70.537
1088.0,68.742
1071.0,66.343
1067.0,63.832
1079.0,60.944
1064.0,27.372
1045.0,35.258
1040.0,40.26
1055.0,43.45
1053.0,46.59
1057.0,52.077
1082.0,59.302
1083.0,65.373
1077.0,68.956
1068.0,69.862
1097.0,71.026
1090.0,71.968
1082.0,72.264
1072.0,71.631
1080.0,71.3
1049.0,72.438
982.0,72.848
584.0,72.171
49.0,71.966
1036.0,70.912
1033.0,69.628
1039.0,69.601
1042.0,70.985
1055.0,73.106
1188.0,73.494
1707.0,72.192
2266.0,72.246
2571.0,72.349
2468.0,72.678
2276.0,72.431
2035.0,72.225
1819.0,71.864
1687.0,71.55
1646.0,70.432
1718.0,68.931
1905.0,66.566
2203.0,63.103
2406.0,58.872
2359.0,24.944
2357.0,31.989
2487.0,37.244
2537.0,39.599
2488.0,41.696
2448.0,44.906
2562.0,51.458
2634.0,58.304
2622.0,63.521
2319.0,66.205
1401.0,69.056
1021.0,70.706
749.0,71.51
516.0,70.479
93.0,70.582
24.0,71.454
27.0,72.427
1022.0,73.11
1019.0,73.211
1029.0,71.391
1037.0,69.788
1067.0,68.711
1086.0,69.853
1075.0,71.096
1049.0,71.536
1060.0,70.232
1112.0,69.819
1594.0,70.091
2049.0,70.077
1836.0,69.362
1412.0,68.062
1217.0,65.537
1110.0,63.884
1068.0,61.772
1069.0,59.548
1075.0,23.38
1197.0,30.331
1532.0,35.52
1611.0,37.934
1270.0,38.693
1176.0,40.101
1444.0,44.151
2048.0,50.398
2223.0,56.716
2180.0,60.725
2143.0,63.483
1488.0,66.152
1033.0,66.639
997.0,66.697
971.0,67.187
820.0,68.49
619.0,69.882
208.0,70.738
93.0,70.432
11.0,68.197
986.0,65.701
981.0,64.68
1015.0,65.175
1004.0,66.282
974.0,66.433
965.0,65.117
979.0,63.967
997.0,62.627
1019.0,61.696
1062.0,59.9
1093.0,21.523
1082.0,28.576
1095.0,33.69
1262.0,36.282
1774.0,36.435
1994.0,36.404
1638.0,38.611
1289.0,43.47
1264.0,49.693
1133.0,53.993
1229.0,56.973
1473.0,58.928
1876.0,59.753
2086.0,60.039
1672.0,61.166
1171.0,62.641
1059.0,62.756
1077.0,62.63
1098.0,61.538
1079.0,59.253
1040.0,56.185
1014.0,54.655
1050.0,54.576
1030.0,55.434
986.0,55.235
1016.0,54.354
823.0,19.208
770.0,25.877
331.0,30.93
909.0,33.588
909.0,33.489
934.0,32.372
938.0,33.035
923.0,36.23
936.0,41.795
940.0,46.607
938.0,50.126
1027.0,51.751
1064.0,52.029
1062.0,52.25
1030.0,51.884
1034.0,51.869
1052.0,50.468
1052.0,48.551
1044.0,47.917
1046.0,15.59
1174.0,21.652
1771.0,26.473
1761.0,29.006
1896.0,28.829
2182.0,27.231
2206.0,26.879
1329.0,11.631
1037.0,15.859
1062.0,20.069
1037.0,5.945
1043.0,8.289
1044.0,12.283
1039.0,16.112
1025.0,20.587
1034.0,10.593
1057.0,15.582
1060.0,20.855
1032.0,27.544
1033.0,33.882
987.0,36.991
959.0,36.439
700.0,34.057
694.0,32.1
116.0,31.191
979.0,30.266
951.0,30.169
958.0,30.675
962.0,31.352
947.0,32.178
948.0,13.327
962.0,19.071
1001.0,25.483
1046.0,34.006
1050.0,42.482
1045.0,47.411
1059.0,47.34
1061.0,45.101
1054.0,43.716
1055.0,42.03
1023.0,40.638
1031.0,40.127
1043.0,40.754
1046.0,41.418
1089.0,42.923
1519.0,44.578
1652.0,45.576
1252.0,46.223
1057.0,44.858
1035.0,41.401
1037.0,38.484
1055.0,16.323
1064.0,23.533
1067.0,31.75
1075.0,41.138
1050.0,49.693
1033.0,54.634
1023.0,54.97
1032.0,53.436
1001.0,52.196
979.0,50.868
987.0,49.027
1005.0,48.413
986.0,48.313
872.0,48.674
749.0,50.074
445.0,51.175
18.0,52.093
6.0,51.957
1123.0,49.739
1355.0,46.277
1473.0,44.258
1536.0,44.119
1388.0,44.595
1258.0,44.689
1201.0,44.567
1241.0,44.559
1346.0,19.491
1357.0,29.353
1132.0,40.178
980.0,49.256
689.0,56.467
687.0,59.561
408.0,59.401
130.0,58.112
337.0,57.862
722.0,56.229
919.0,54.839
925.0,53.731
891.0,53.561
982.0,53.298
1044.0,54.234
1056.0,55.413
1050.0,56.028
1068.0,55.194
1062.0,52.657
1052.0,49.021
1057.0,47.626
1060.0,49.021
1041.0,50.796
1044.0,52.057
1067.0,53.092
1063.0,54.119
1053.0,55.333
1035.0,56.367
1037.0,55.146
1020.0,21.597
1010.0,33.66
977.0,47.045
983.0,57.321
729.0,62.78
648.0,63.912
114.0,62.427
3.0,62.107
45.0,62.131
127.0,62.025
671.0,61.321
1255.0,60.678
1217.0,60.548
1323.0,59.926
1430.0,60.278
1517.0,60.731
1259.0,60.806
1191.0,59.953
1068.0,56.577
1038.0,52.522
875.0,51.523
209.0,52.874
37.0,54.833
24.0,56.64
34.0,58.063
55.0,59.563
126.0,61.558
393.0,63.8
602.0,63.622
957.0,60.666
1045.0,57.431
1052.0,22.901
1066.0,36.013
1062.0,51.455
1069.0,62.321
1073.0,67.197
1063.0,67.161
1061.0,65.863
1049.0,65.564
1021.0,66.885
1047.0,67.451
1058.0,67.063
1031.0,67.144
1044.0,67.401
1051.0,66.668
1060.0,66.696
1064.0,66.488
1032.0,66.176
1005.0,64.55
982.0,60.848
947.0,56.99
780.0,55.494
388.0,56.843
9.0,58.909
943.0,60.3
1564.0,61.24
1510.0,62.525
1146.0,64.867
1309.0,67.399
1573.0,67.798
1352.0,66.247
1196.0,64.537
1059.0,63.018
1050.0,61.668
1029.0,59.914
885.0,24.256
189.0,37.813
38.0,53.449
25.0,64.168
22.0,68.343
43.0,68.053
35.0,66.988
37.0,67.461
66.0,68.915
572.0,69.743
1010.0,69.756
1048.0,69.629
1054.0,69.454
1051.0,68.964
1049.0,68.944
1053.0,68.89
1050.0,68.764
1058.0,67.234
1043.0,63.947
1019.0,60.218
981.0,59.764
1009.0,61.836
1045.0,63.118
1034.0,63.6
1041.0,63.738
1046.0,64.146
1053.0,66.193
1052.0,69.225
1062.0,70.488
1051.0,69.603
1015.0,69.152
996.0,69.291
967.0,69.168
756.0,67.733
475.0,66.662
54.0,65.099
692.0,60.938
1053.0,25.802
1046.0,39.393
467.0,54.811
57.0,64.785
371.0,68.62
1018.0,68.239
1062.0,67.152
1051.0,67.607
1025.0,69.23
965.0,70.056
454.0,70.304
49.0,70.168
27.0,69.756
23.0,69.192
34.0,68.957
45.0,69.241
45.0,69.927
29.0,69.518
256.0,67.503
929.0,64.63
1031.0,64.408
1046.0,65.495
1053.0,66.241
1060.0,65.904
1059.0,65.441
1057.0,65.547
1048.0,67.452
1041.0,70.807
1038.0,72.422
1032.0,72.232
991.0,72.394
1013.0,72.815
1072.0,72.58
1033.0,72.173
1022.0,72.08
1011.0,71.167
1045.0,68.649
1043.0,64.021
1061.0,59.486
1056.0,55.535
1045.0,28.475
1025.0,42.038
1023.0,56.062
988.0,65.197
700.0,68.342
281.0,67.915
19.0,66.829
16.0,66.981
85.0,68.763
229.0,69.782
145.0,70.129
58.0,70.148
29.0,69.935
47.0,68.437
395.0,68.373
1032.0,69.469
1063.0,70.628
1039.0,71.206
934.0,70.393
351.0,69.323
42.0,68.928
13.0,69.267
16.0,69.007
27.0,68.618
41.0,67.529
41.0,66.971
19.0,68.349
330.0,71.617
902.0,73.104
1046.0,73.433
1037.0,73.734
1051.0,73.614
1044.0,73.726
1056.0,73.575
1055.0,73.782
1030.0,73.545
1017.0,71.798
1040.0,68.924
1028.0,66.068
986.0,63.777
998.0,60.329
1111.0,56.638
1045.0,53.423
1004.0,31.999
883.0,44.847
1002.0,57.755
1040.0,65.67
1055.0,68.122
1054.0,67.414
1054.0,66.149
1058.0,66.499
1003.0,68.192
1008.0,69.363
966.0,70.276
546.0,70.478
104.0,70.861
20.0,69.495
2.0,69.117
40.0,70.701
48.0,72.359
56.0,73.084
49.0,72.897
28.0,72.585
24.0,72.186
403.0,72.242
1040.0,71.697
1069.0,71.149
1029.0,70.205
931.0,69.126
371.0,69.794
30.0,71.993
16.0,73.74
15.0,73.765
16.0,73.568
30.0,73.875
17.0,73.786
10.0,73.68
228.0,73.837
737.0,74.233
1013.0,72.931
1013.0,71.243
1037.0,70.415
1058.0,69.556
1061.0,66.645
1050.0,62.704
1032.0,59.258
1039.0,56.271
1043.0,50.935
973.0,35.833
890.0,47.838
564.0,58.822
297.0,66.235
137.0,67.907
127.0,66.919
771.0,65.699
1039.0,66.547
1050.0,67.983
1054.0,69.152
1046.0,69.992
1053.0,70.243
1022.0,70.935
1002.0,70.116
1008.0,69.938
897.0,71.08
336.0,72.632
90.0,73.889
2.0,73.919
544.0,73.896
963.0,73.512
965.0,72.972
954.0,72.575
814.0,72.199
901.0,70.97
1027.0,70.088
1066.0,70.343
1073.0,72.635
1049.0,73.353
946.0,73.001
333.0,73.037
51.0,72.917
19.0,72.756
5.0,72.822
26.0,73.064
12.0,73.815
4.0,72.874
25.0,71.972
8.0,71.999
34.0,72.694
504.0,70.132
975.0,66.097
1049.0,62.789
1059.0,59.475
1055.0,55.17
1039.0,48.383
1032.0,38.546
1045.0,49.516
969.0,59.916
631.0,66.368
189.0,68.204
148.0,66.779
770.0,65.898
986.0,66.519
1004.0,68.052
1031.0,69.165
1050.0,69.771
1053.0,70.05
1044.0,70.436
1050.0,69.823
1022.0,69.68
1011.0,70.728
1008.0,72.371
885.0,73.426
343.0,73.968
109.0,73.917
417.0,73.525
110.0,73.188
161.0,72.759
72.0,72.099
39.0,71.19
20.0,69.835
180.0,70.7
894.0,72.353
1077.0,73.333
1071.0,73.145
1002.0,72.447
701.0,72.813
134.0,72.342
26.0,71.994
6.0,72.482
19.0,72.801
12.0,72.239
3.0,71.338
14.0,72.214
15.0,73.27
2.0,71.342
225.0,67.512
939.0,64.397
1039.0,61.622
1065.0,57.674
1052.0,51.912
1055.0,46.528
1046.0,42.91
1050.0,39.549
1082.0,50.304
1014.0,60.859
936.0,67.222
992.0,68.474
999.0,67.613
1013.0,66.674
1028.0,66.849
1025.0,68.29
1026.0,69.234
1034.0,69.147
1032.0,69.342
1034.0,69.444
1026.0,69.187
1017.0,68.875
972.0,70.425
882.0,71.802
3400.0,73.032
3976.0,73.321
918.0,73.469
58.0,73.142
53.0,72.654
45.0,72.134
52.0,71.594
37.0,70.732
33.0,70.522
139.0,70.815
848.0,72.451
1088.0,72.813
1084.0,72.118
1046.0,71.663
958.0,71.924
409.0,71.752
42.0,71.509
28.0,71.699
14.0,71.818
10.0,71.193
7.0,71.28
3.0,71.643
19.0,73.005
28.0,71.681
8.0,69.086
119.0,66.124
649.0,63.426
1044.0,60.406
1034.0,55.287
1057.0,51.1
1057.0,48.081
1049.0,45.352
1046.0,43.115
1044.0,40.183
1077.0,50.185
1046.0,60.049
1000.0,66.186
1020.0,68.174
1022.0,68.189
1017.0,67.521
1012.0,67.884
1031.0,69.008
1052.0,69.607
1060.0,69.916
1059.0,69.572
1048.0,69.531
1007.0,68.784
986.0,68.649
982.0,70.306
592.0,71.704
170.0,72.423
133.0,72.602
22.0,72.708
40.0,72.243
141.0,71.772
769.0,71.858
1016.0,71.358
560.0,71.087
84.0,71.221
649.0,71.955
1505.0,73.214
1109.0,73.3
1072.0,72.246
1071.0,71.636
1046.0,71.639
919.0,71.833
284.0,72.068
22.0,72.016
14.0,72.015
10.0,72.111
8.0,72.383
3.0,72.62
89.0,73.121
568.0,72.445
975.0,71.25
1042.0,68.932
1036.0,66.776
1036.0,63.944
1052.0,59.845
1038.0,56.353
1048.0,54.541
1049.0,51.944
1047.0,49.419
1064.0,48.117
1034.0,47.779
1011.0,46.005
1026.0,40.545
1022.0,50.748
1025.0,60.231
1018.0,66.68
1040.0,68.741
1054.0,69.508
1058.0,69.137
1053.0,69.899
1042.0,70.528
992.0,70.684
990.0,70.09
968.0,69.929
399.0,69.369
81.0,68.649
21.0,68.98
308.0,70.115
436.0,71.362
539.0,72.016
970.0,71.955
1272.0,71.692
1132.0,71.208
1248.0,71.066
1316.0,71.005
1540.0,71.026
1105.0,71.728
1044.0,72.581
1045.0,73.478
1041.0,74.173
942.0,74.16
262.0,72.666
5.0,71.906
14.0,71.915
3.0,71.827
300.0,72.293
931.0,72.982
1029.0,72.811
1037.0,73.247
1040.0,73.414
1038.0,73.631
1039.0,73.595
1046.0,73.217
1047.0,72.586
1045.0,71.643
1050.0,70.267
1057.0,68.538
1044.0,65.395
1024.0,62.804
1020.0,60.967
1014.0,58.137
1012.0,54.811
1016.0,52.636
1036.0,50.633
1053.0,48.193
1055.0,42.272
1049.0,52.768
1004.0,62.237
998.0,68.216
1024.0,71.138
882.0,71.648
232.0,71.521
13.0,71.736
24.0,71.988
38.0,71.916
32.0,71.323
44.0,70.475
46.0,69.788
124.0,68.706
745.0,68.649
1396.0,70.51
1427.0,71.558
1247.0,72.156
1052.0,71.674
1082.0,71.728
1130.0,70.569
1024.0,70.169
790.0,70.42
173.0,71.084
33.0,71.781
24.0,72.322
4.0,72.676
229.0,73.332
873.0,72.817
1041.0,72.611
1053.0,72.121
1059.0,71.648
1051.0,72.179
1052.0,72.431
1050.0,72.781
1050.0,73.301
1028.0,73.684
1017.0,73.557
1056.0,73.348
1047.0,73.064
1027.0,73.115
1034.0,72.846
1032.0,72.607
1033.0,72.194
1032.0,71.289
1043.0,69.148
1055.0,67.03
1062.0,65.007
1049.0,61.784
989.0,57.729
1005.0,54.087
1016.0,51.183
922.0,48.479
272.0,43.194
41.0,53.229
47.0,62.161
51.0,67.707
35.0,70.849
35.0,71.325
74.0,72.553
532.0,72.69
1224.0,72.65
1053.0,72.696
1002.0,72.169
1006.0,71.279
1108.0,70.135
1107.0,69.33
505.0,69.643
86.0,71.345
69.0,71.697
53.0,71.589
32.0,71.497
15.0,71.53
29.0,71.189
85.0,70.706
600.0,70.789
1045.0,71.238
1063.0,71.432
1071.0,71.275
1065.0,71.623
1063.0,71.631
1051.0,71.859
1052.0,71.797
1056.0,72.169
1065.0,72.504
1070.0,72.525
1052.0,72.429
1032.0,72.659
1023.0,73.477
1016.0,73.564
1029.0,72.995
1050.0,73.019
1053.0,73.095
1058.0,72.881
1058.0,72.52
1012.0,72.24
992.0,71.987
1026.0,71.943
1016.0,70.95
803.0,69.441
138.0,67.798
76.0,63.418
75.0,58.452
123.0,54.061
226.0,50.996
718.0,44.536
1521.0,53.818
1567.0,61.352
1461.0,66.209
1255.0,69.681
1103.0,70.922
1072.0,71.567
1047.0,72.374
777.0,72.484
206.0,72.428
274.0,71.893
569.0,71.017
564.0,70.599
359.0,70.229
273.0,70.655
191.0,72.133
259.0,71.895
645.0,71.052
1014.0,70.99
1078.0,71.234
1099.0,70.814
1061.0,71.229
1073.0,71.645
1065.0,71.905
1057.0,70.985
1060.0,70.562
1062.0,69.774
1057.0,70.189
1037.0,70.138
1025.0,71.082
1034.0,71.848
1045.0,72.556
1058.0,72.462
1055.0,71.299
1067.0,71.872
1052.0,72.721
1024.0,73.115
1000.0,72.532
1008.0,72.747
986.0,72.779
931.0,72.156
558.0,71.513
414.0,71.009
7.0,71.382
1042.0,71.926
987.0,72.264
995.0,71.129
1011.0,68.649
978.0,63.776
970.0,57.583
961.0,52.753
950.0,49.509
966.0,45.969
1020.0,54.738
1027.0,60.601
1043.0,64.99
1039.0,68.066
1042.0,70.082
1020.0,70.264
1018.0,70.945
1017.0,71.781
1027.0,72.411
1015.0,72.275
1017.0,72.156
1009.0,72.045
1005.0,72.279
1160.0,72.417
1814.0,72.38
2114.0,71.807
1981.0,70.173
1225.0,70.104
1092.0,70.043
1077.0,70.56
1083.0,71.374
1080.0,71.911
1086.0,71.568
1057.0,70.505
1041.0,69.546
1047.0,68.822
1047.0,69.087
1036.0,68.943
1033.0,69.548
1018.0,70.493
996.0,71.824
1009.0,71.818
1005.0,70.733
951.0,70.844
1002.0,71.863
791.0,72.024
629.0,71.939
145.0,72.3
927.0,72.438
940.0,71.535
942.0,70.157
951.0,69.817
942.0,71.122
945.0,72.325
943.0,72.935
920.0,72.088
912.0,68.649
941.0,63.237
1026.0,56.369
1044.0,50.862
1031.0,47.038
1040.0,54.919
1041.0,60.035
1056.0,64.033
1040.0,67.335
1042.0,69.396
1052.0,70.343
1072.0,71.107
1075.0,71.479
1124.0,72.181
1458.0,72.528
1633.0,72.66
1346.0,72.573
1437.0,72.509
2266.0,72.416
2101.0,72.161
1382.0,71.792
1125.0,70.268
1091.0,69.423
1069.0,69.065
1029.0,69.694
1022.0,70.864
1021.0,71.598
1041.0,71.019
1031.0,70.28
992.0,69.118
965.0,68.673
1013.0,68.756
1000.0,68.974
998.0,69.232
957.0,70.049
720.0,70.976
607.0,70.962
75.0,70.507
959.0,70.65
961.0,71.139
952.0,71.242
948.0,71.61
938.0,72.621
937.0,72.333
944.0,71.227
946.0,69.562
942.0,69.689
938.0,71.056
952.0,72.584
1008.0,73.596
1014.0,72.626
1017.0,69.043
1026.0,62.822
1036.0,54.843
1055.0,48.092
1063.0,47.249
1064.0,55.284
1201.0,60.128
1700.0,63.643
1572.0,67.266
1263.0,69.532
1165.0,71.348
1316.0,71.98
1385.0,72.028
1353.0,72.633
1581.0,72.22
1670.0,72.114
1988.0,71.987
2308.0,72.644
2084.0,72.193
1162.0,72.63
944.0,72.11
976.0,70.738
1020.0,69.83
1034.0,69.747
1021.0,69.706
982.0,70.547
988.0,70.936
975.0,70.744
826.0,70.055
395.0,70.084
23.0,69.855
8.0,70.162
1024.0,70.126
1027.0,70.191
1032.0,70.711
1022.0,71.424
1018.0,71.393
1010.0,70.943
1016.0,70.821
1040.0,71.362
1073.0,71.792
1075.0,72.035
1056.0,72.823
1051.0,72.872
1049.0,71.211
1058.0,69.633
1030.0,69.531
1007.0,71.399
1057.0,73.079
1326.0,73.806
1999.0,72.657
2635.0,68.835
2628.0,62.378
2417.0,54.443
2274.0,46.814
2164.0,54.92
1960.0,59.469
2012.0,63.365
2078.0,67.053
2075.0,70.179
2106.0,71.871
2312.0,72.07
2500.0,72.255
1857.0,72.47
1022.0,72.529
969.0,72.133
1043.0,71.871
1050.0,71.807
1006.0,71.935
1011.0,72.965
900.0,72.464
758.0,71.545
302.0,71.024
8.0,70.425
1037.0,70.115
1040.0,70.809
1040.0,71.101
1043.0,71.371
1061.0,70.78
1080.0,70.735
1105.0,71.438
1152.0,72.25
1419.0,72.575
2013.0,72.546
2338.0,72.407
2096.0,72.176
1549.0,72.255
1126.0,71.922
1008.0,72.204
998.0,72.21
1007.0,72.421
1029.0,72.821
1046.0,73.845
1058.0,73.427
1075.0,71.955
1081.0,70.298
1077.0,70.156
1085.0,71.573
1098.0,73.22
1122.0,73.448
1139.0,71.925
1145.0,67.754
1106.0,61.43
1087.0,47.684
1093.0,55.666
1066.0,59.202
997.0,62.813
970.0,66.942
1009.0,69.812
922.0,71.897
539.0,72.158
672.0,72.309
206.0,72.688
2.0,72.694
1041.0,71.993
1050.0,72.038
1058.0,71.84
1108.0,71.748
1345.0,72.598
2058.0,72.304
2357.0,71.889
1849.0,71.109
1207.0,70.616
1083.0,70.493
1069.0,71.667
1043.0,72.492
1032.0,72.346
1040.0,71.892
1036.0,71.703
1041.0,71.838
1060.0,73.058
1065.0,73.152
1058.0,73.304
1073.0,73.001
1065.0,72.85
1061.0,72.6
1062.0,72.997
1061.0,72.775
1067.0,72.533
1046.0,72.415
1048.0,72.655
1046.0,73.519
1034.0,74.07
998.0,73.201
1013.0,72.127
991.0,71.684
841.0,72.714
752.0,73.353
526.0,72.941
237.0,70.165
7.0,64.701
1071.0,57.648
1065.0,47.06
1124.0,55.609
1439.0,59.196
1211.0,62.559
1088.0,66.003
1068.0,69.397
1076.0,71.363
1074.0,72.389
1074.0,72.682
1063.0,73.201
1068.0,73.482
1054.0,72.909
1047.0,72.384
1057.0,71.908
1050.0,71.797
1058.0,72.371
1054.0,71.775
1049.0,71.083
1061.0,70.472
1050.0,70.697
1031.0,70.609
1033.0,71.476
1020.0,72.665
991.0,72.914
955.0,72.495
958.0,71.469
986.0,71.484
821.0,71.618
685.0,72.389
407.0,72.754
266.0,72.717
91.0,72.882
8.0,72.994
1037.0,72.768
1059.0,73.02
1056.0,72.649
1057.0,72.423
1076.0,72.907
1076.0,73.265
1062.0,73.927
1046.0,73.967
1019.0,72.74
1015.0,72.434
1026.0,72.455
1005.0,72.308
992.0,70.155
999.0,65.545
975.0,58.49
993.0,45.385
990.0,54.451
976.0,58.479
977.0,62.123
980.0,65.937
953.0,69.554
962.0,72.187
996.0,73.182
1014.0,73.454
824.0,73.99
396.0,74.232
261.0,73.506
87.0,73.15
15.0,71.963
14.0,71.771
13.0,71.954
9.0,71.17
3.0,70.342
1813.0,70.029
1808.0,70.221
1613.0,70.51
1132.0,71.021
1030.0,71.674
1010.0,72.766
983.0,72.439
988.0,71.887
1013.0,71.165
1006.0,71.444
990.0,72.009
981.0,72.5
1007.0,72.893
1012.0,73.255
993.0,73.479
987.0,73.502
1014.0,73.487
866.0,73.136
593.0,73.16
723.0,73.031
544.0,73.485
334.0,73.802
148.0,73.157
36.0,72.735
18.0,71.188
8.0,69.347
2.0,66.994
977.0,62.906
968.0,41.474
984.0,51.598
1000.0,56.705
1042.0,61.078
939.0,65.314
525.0,68.815
237.0,71.507
425.0,73.355
325.0,73.331
533.0,73.413
254.0,73.97
219.0,73.691
53.0,73.077
13.0,72.141
15.0,71.702
912.0,71.657
887.0,70.906
581.0,69.673
164.0,69.652
295.0,69.205
196.0,68.804
45.0,69.397
14.0,70.746
5.0,72.535
14.0,73.093
7.0,71.901
7.0,71.286
3.0,71.556
3.0,71.991
1.0,72.175
4.0,72.665
4.0,73.382
1.0,73.656
37.0,73.925
23.0,73.938
38.0,73.881
25.0,73.458
9.0,73.189
6.0,72.901
22.0,72.314
13.0,71.23
12.0,68.649
951.0,65.376
642.0,61.436
293.0,35.215
111.0,46.283
442.0,53.389
433.0,58.354
566.0,63.037
160.0,66.762
290.0,70.125
57.0,71.923
22.0,73.16
24.0,73.255
23.0,73.272
18.0,73.208
14.0,72.457
1.0,71.664
970.0,71.614
935.0,71.864
961.0,71.786
979.0,71.146
975.0,70.442
886.0,69.629
916.0,68.886
991.0,68.997
1001.0,70.655
948.0,73.19
868.0,73.644
691.0,72.895
483.0,72.26
154.0,72.595
336.0,72.683
369.0,72.731
155.0,73.144
83.0,73.921
16.0,74.07
6.0,74.179
16.0,73.842
11.0,73.527
1293.0,72.41
1039.0,70.549
1002.0,68.649
975.0,66.881
961.0,64.709
967.0,60.681
973.0,29.82
977.0,39.828
983.0,47.666
975.0,52.824
943.0,56.894
947.0,60.742
957.0,65.125
953.0,69.342
958.0,70.744
1008.0,70.972
1014.0,71.82
932.0,72.406
790.0,71.935
385.0,71.38
127.0,71.074
121.0,72.11
31.0,72.135
12.0,71.648
1.0,71.395
7.0,70.225
6.0,69.421
1055.0,69.667
1056.0,71.323
1063.0,73.447
1058.0,73.761
1050.0,72.428
1056.0,72.248
1079.0,72.872
1077.0,73.135
1057.0,73.068
1050.0,72.896
1042.0,72.916
1036.0,72.214
1030.0,71.401
1024.0,70.436
1039.0,68.649
1036.0,66.022
1034.0,61.623
1026.0,58.228
983.0,25.448
963.0,34.246
951.0,41.79
965.0,46.665
998.0,49.55
989.0,53.249
723.0,58.089
136.0,63.307
17.0,66.781
1035.0,67.974
1018.0,69.259
1047.0,70.936
1074.0,71.278
1071.0,70.602
1063.0,70.788
1081.0,71.743
1075.0,72.39
1083.0,72.628
1071.0,72.591
1065.0,71.272
1064.0,70.074
1064.0,69.86
1055.0,70.983
1059.0,72.352
1055.0,72.378
1059.0,70.956
1063.0,70.245
1063.0,70.791
1070.0,71.025
1070.0,70.457
1059.0,69.342
1053.0,67.888
1044.0,65.977
1028.0,64.224
993.0,61.856
1006.0,58.438
841.0,21.94
409.0,29.704
79.0,36.029
1034.0,40.439
1041.0,42.426
1044.0,45.041
1005.0,49.522
958.0,55.237
1138.0,59.984
1396.0,62.707
1181.0,64.607
1107.0,66.568
1108.0,67.366
1101.0,67.401
1081.0,68.301
1091.0,69.407
1082.0,69.992
1067.0,70.837
1040.0,70.861
1071.0,69.013
1168.0,66.683
1217.0,65.737
1213.0,66.373
1149.0,67.429
1080.0,67.082
1055.0,65.699
1090.0,64.373
1107.0,63.321
1097.0,62.517
1094.0,61.113
1101.0,59.501
1083.0,18.707
932.0,25.869
455.0,31.726
166.0,35.361
34.0,36.941
1021.0,38.522
1021.0,42.06
1030.0,47.64
1047.0,53.106
1040.0,56.127
1037.0,57.915
1085.0,59.018
1595.0,59.787
2261.0,59.806
2471.0,61.229
2325.0,62.328
2237.0,62.673
2239.0,62.711
2167.0,62.234
2271.0,59.684
2256.0,57.003
2278.0,55.748
1936.0,55.924
1561.0,56.456
1714.0,56.029
1843.0,54.967
2012.0,15.513
1801.0,22.128
1743.0,27.446
1937.0,31.123
2145.0,32.034
1894.0,32.638
1915.0,35.137
2368.0,39.865
1482.0,45.911
1017.0,49.52
771.0,51.028
752.0,51.428
520.0,50.679
86.0,50.525
34.0,50.886
1030.0,51.115
1032.0,49.739
1030.0,48.573
1039.0,12.502
1051.0,18.219
1039.0,22.726
1040.0,26.026
1058.0,26.248
1071.0,25.675
1078.0,26.334
1391.0,29.756
2107.0,9.203
1862.0,12.827
1272.0,16.653
1251.0,19.567
1286.0,5.896
1236.0,8.105
1170.0,7.89
1212.0,11.545
1490.0,16.054
1310.0,21.686
1260.0,28.226
1694.0,9.735
1903.0,14.738
1719.0,21.032
1544.0,29.947
1338.0,39.56
1159.0,45.142
1087.0,45.647
1031.0,43.707
998.0,41.681
998.0,39.963
1001.0,38.223
915.0,37.337
635.0,36.608
872.0,34.917
367.0,12.126
33.0,18.489
1033.0,26.99
1037.0,37.398
1052.0,47.682
1042.0,53.436
1050.0,54.79
1055.0,53.019
1065.0,51.545
1059.0,49.558
1062.0,47.952
1052.0,46.431
1048.0,44.994
1024.0,43.977
991.0,44.038
1233.0,44.832
2002.0,46.386
2278.0,46.566
2040.0,44.407
1943.0,41.318
2145.0,39.687
2384.0,15.423
2344.0,24.372
1708.0,34.758
1142.0,45.103
1034.0,54.178
1051.0,58.846
1083.0,59.105
1073.0,57.596
1055.0,56.496
1046.0,55.176
1035.0,53.378
1020.0,51.84
1045.0,50.416
1065.0,49.329
1043.0,49.403
992.0,50.79
1012.0,52.109
890.0,51.791
511.0,49.483
327.0,46.563
151.0,45.097
4.0,46.012
1043.0,47.568
1024.0,48.494
991.0,48.111
974.0,19.733
967.0,31.39
957.0,43.597
942.0,53.024
942.0,59.518
942.0,62.558
968.0,61.368
1001.0,59.929
1024.0,59.483
1038.0,58.818
1065.0,57.651
1082.0,56.04
1089.0,54.5
1073.0,53.487
1090.0,53.448
1161.0,54.594
1234.0,55.342
1182.0,54.998
1108.0,53.102
1086.0,50.495
1051.0,49.688
1042.0,51.587
1057.0,53.578
1060.0,55.764
1056.0,56.397
1046.0,56.762
1026.0,56.973
1007.0,56.815
1022.0,22.171
1033.0,35.343
1032.0,49.799
1016.0,59.846
1010.0,65.163
1028.0,65.827
974.0,64.086
900.0,62.71
505.0,63.354
501.0,64.071
156.0,63.443
918.0,62.81
922.0,61.506
984.0,60.251
1044.0,59.987
1047.0,60.279
1063.0,60.722
1040.0,60.192
1037.0,57.704
1050.0,55.17
1053.0,54.183
1070.0,55.947
1080.0,58.164
1104.0,59.946
1087.0,61.419
1078.0,62.48
1064.0,63.691
1070.0,64.687
1071.0,63.321
1084.0,23.052
1053.0,36.831
1059.0,52.498
1036.0,63.476
1017.0,68.152
1033.0,67.975
1041.0,66.17
1026.0,65.727
1035.0,67.354
1052.0,68.129
1067.0,68.241
1056.0,68.11
1035.0,67.248
1035.0,65.971
1044.0,65.686
1038.0,66.052
1019.0,66.059
1039.0,65.047
1046.0,62.645
1046.0,60.086
1016.0,59.337
982.0,60.476
832.0,62.149
454.0,63.649
496.0,64.3
40.0,65.055
2.0,66.763
1051.0,68.727
1174.0,68.452
1352.0,66.71
1118.0,64.616
1122.0,63.6
1461.0,62.583
1704.0,61.334
1402.0,24.407
1139.0,37.944
1069.0,53.485
1082.0,64.168
1083.0,68.626
1075.0,68.155
1053.0,66.797
1014.0,67.222
964.0,68.809
993.0,69.886
1033.0,69.958
1032.0,69.515
1031.0,69.298
1057.0,68.376
1055.0,68.191
1036.0,68.649
1047.0,68.864
1028.0,68.459
1052.0,66.633
1055.0,64.927
1052.0,64.707
1050.0,65.498
1049.0,66.323
1032.0,66.59
1037.0,66.115
1064.0,66.294
1064.0,67.704
1044.0,69.985
1052.0,70.522
1050.0,69.34
1058.0,68.872
1046.0,69.128
1034.0,68.649
971.0,67.437
961.0,66.66
671.0,64.965
695.0,62.062
661.0,27.434
98.0,40.901
4.0,55.101
1603.0,64.612
1722.0,68.52
1587.0,68.315
1572.0,67.173
1390.0,67.196
1185.0,68.85
1308.0,69.653
1465.0,70.239
1340.0,69.86
1089.0,70.034
1227.0,69.532
1104.0,69.513
1036.0,70.414
1021.0,70.909
741.0,70.924
166.0,69.965
61.0,69.089
266.0,68.938
662.0,68.801
228.0,68.649
60.0,68.34
77.0,67.227
521.0,67.127
1002.0,68.272
1057.0,70.626
1050.0,71.649
1066.0,70.913
1073.0,71.321
1053.0,71.828
1055.0,71.968
1044.0,70.872
1041.0,70.55
1076.0,70.277
1064.0,68.77
1030.0,65.807
1044.0,62.775
1053.0,59.726
1059.0,32.007
1066.0,44.578
1067.0,57.113
1009.0,65.253
1011.0,68.604
1020.0,67.873
1001.0,66.17
769.0,66.349
358.0,68.151
29.0,69.154
8.0,69.906
1342.0,70.325
1136.0,70.751
1261.0,70.077
1475.0,70.36
1357.0,70.806
1125.0,71.854
985.0,72.573
1072.0,72.184
1334.0,71.597
1166.0,71.543
1045.0,71.017
1044.0,69.96
988.0,69.613
452.0,68.272
74.0,67.752
45.0,69.086
55.0,71.445
47.0,73.296
27.0,73.059
20.0,73.228
32.0,73.625
224.0,73.42
838.0,73.014
1048.0,72.752
1056.0,73.208
1049.0,71.831
1049.0,70.088
1057.0,68.649
1071.0,67.39
1050.0,64.355
1028.0,59.955
1005.0,56.736
1053.0,54.186
1061.0,36.603
1025.0,48.148
1034.0,59.101
1042.0,66.135
1057.0,68.375
1052.0,67.22
1070.0,66.194
1055.0,66.626
1040.0,67.592
1021.0,69.0
1019.0,69.786
994.0,71.015
601.0,71.003
111.0,70.304
17.0,70.01
15.0,70.869
5.0,72.092
163.0,73.233
738.0,73.037
1011.0,72.845
560.0,73.298
87.0,73.155
96.0,72.22
261.0,71.647
723.0,70.577
1025.0,69.376
1039.0,70.053
1030.0,72.388
1033.0,73.595
894.0,73.932
342.0,73.754
48.0,73.969
34.0,73.697
50.0,73.836
43.0,74.142
15.0,74.061
44.0,72.971
293.0,71.721
850.0,71.3
1026.0,71.137
1054.0,68.914
1052.0,64.941
1062.0,62.004
1053.0,59.285
1043.0,55.542
1050.0,48.851
1047.0,39.807
972.0,50.505
996.0,60.234
1101.0,66.669
1023.0,68.162
1023.0,67.543
1019.0,66.161
1032.0,66.776
1021.0,68.102
1063.0,69.302
1055.0,70.211
1047.0,71.258
1063.0,71.522
1013.0,70.833
1003.0,70.496
998.0,71.201
809.0,72.062
184.0,73.198
17.0,73.534
1.0,73.734
44.0,73.885
49.0,73.968
84.0,73.967
60.0,73.411
42.0,72.184
31.0,70.583
31.0,71.088
279.0,72.955
970.0,73.845
1050.0,74.021
1031.0,73.627
1011.0,73.655
926.0,73.446
393.0,73.296
45.0,73.747
23.0,73.759
33.0,72.882
28.0,72.402
115.0,72.421
685.0,72.997
891.0,71.587
1023.0,67.972
1003.0,64.455
1054.0,61.777
1075.0,58.024
1058.0,52.726
1041.0,48.102
1048.0,45.297
1036.0,41.461
978.0,51.705
616.0,60.73
237.0,66.79
430.0,68.232
416.0,67.516
278.0,66.615
649.0,67.158
1000.0,68.378
1048.0,69.715
1055.0,70.455
1055.0,70.74
1065.0,71.045
1054.0,70.584
1017.0,70.373
998.0,71.461
980.0,72.223
857.0,72.838
601.0,73.043
501.0,73.437
34.0,73.461
1.0,73.912
42.0,73.914
29.0,73.688
52.0,72.773
39.0,70.966
21.0,70.927
10.0,72.744
22.0,73.725
418.0,73.362
1013.0,72.974
1066.0,72.91
1048.0,72.417
1028.0,72.17
910.0,72.685
313.0,72.941
32.0,72.43
21.0,71.743
27.0,72.46
15.0,73.842
12.0,72.862
173.0,69.871
548.0,66.393
877.0,63.154
1062.0,59.628
1071.0,55.323
1039.0,52.466
1018.0,51.222
1031.0,49.966
1044.0,48.143
978.0,47.906
672.0,48.261
173.0,41.659
41.0,52.265
37.0,61.444
32.0,67.04
270.0,68.708
942.0,67.952
1045.0,67.241
1054.0,67.604
1050.0,68.949
1068.0,69.953
1068.0,70.554
1021.0,70.725
973.0,70.341
1019.0,69.8
999.0,70.028
869.0,71.062
648.0,72.088
175.0,72.809
28.0,72.603
1.0,72.992
636.0,73.032
812.0,73.158
973.0,73.22
829.0,73.466
630.0,72.283
706.0,71.172
811.0,70.816
946.0,72.542
1039.0,72.596
1059.0,72.427
1060.0,72.24
1055.0,72.278
866.0,71.886
236.0,71.713
23.0,71.998
11.0,72.09
26.0,71.628
12.0,71.715
9.0,72.424
7.0,73.429
10.0,73.324
18.0,71.075
282.0,68.004
967.0,64.984
1059.0,61.91
1046.0,58.283
1032.0,56.801
1028.0,56.469
1058.0,55.118
942.0,52.882
598.0,52.072
220.0,52.505
184.0,51.068
702.0,41.536
934.0,51.996
981.0,60.775
1053.0,66.609
1050.0,68.054
1057.0,67.769
1037.0,67.524
1044.0,67.692
1040.0,68.919
1009.0,69.885
986.0,69.965
1010.0,70.119
1025.0,69.988
920.0,69.667
280.0,69.73
33.0,70.694
8.0,71.712
698.0,72.09
285.0,71.98
135.0,72.389
78.0,72.089
46.0,71.999
17.0,72.136
25.0,72.154
134.0,71.696
789.0,70.884
1063.0,71.27
1059.0,72.431
1051.0,72.685
1005.0,71.914
601.0,71.078
62.0,71.584
12.0,71.41
21.0,71.496
10.0,71.536
14.0,72.205
2.0,71.997
26.0,72.126
293.0,72.313
983.0,73.267
1045.0,73.08
1054.0,71.788
1048.0,70.508
1053.0,68.759
1079.0,66.155
1171.0,63.488
1253.0,62.181
1117.0,61.736
1014.0,60.061
1001.0,57.325
1020.0,55.994
1014.0,55.905
1035.0,54.772
1036.0,49.506
1024.0,39.363
1001.0,41.616
1036.0,51.868
1034.0,60.744
990.0,66.019
975.0,67.8
999.0,68.457
971.0,68.463
466.0,69.197
108.0,70.64
6.0,71.467
42.0,70.918
50.0,71.12
56.0,70.954
48.0,70.266
41.0,69.936
32.0,71.236
54.0,71.852
107.0,71.964
699.0,71.761
1061.0,71.593
1056.0,71.039
1050.0,70.728
1010.0,70.545
823.0,70.832
171.0,71.076
16.0,71.705
20.0,72.442
8.0,73.802
1.0,73.386
4.0,71.913
17.0,71.212
13.0,70.97
85.0,71.145
649.0,71.521
999.0,72.008
1055.0,72.77
1057.0,72.884
1052.0,73.138
1058.0,73.158
1066.0,73.209
1120.0,73.166
1135.0,73.308
1048.0,72.597
1018.0,71.842
1019.0,70.602
1018.0,68.397
1022.0,66.382
1035.0,65.217
1051.0,63.326
1060.0,60.36
1054.0,58.682
1050.0,57.643
1039.0,56.404
996.0,51.271
968.0,41.03
964.0,42.405
616.0,52.727
191.0,61.839
37.0,67.115
131.0,69.059
71.0,69.78
184.0,70.049
636.0,70.878
375.0,72.03
79.0,72.538
230.0,72.286
825.0,72.149
1013.0,71.421
1072.0,70.802
1080.0,70.882
1068.0,71.799
1047.0,72.648
999.0,72.613
507.0,72.156
49.0,71.669
25.0,70.611
10.0,69.914
7.0,69.79
64.0,70.128
603.0,70.438
948.0,71.476
1016.0,72.496
1039.0,73.0
1044.0,73.127
1060.0,72.225
1056.0,71.629
1053.0,70.562
1036.0,71.001
1069.0,71.24
1081.0,71.735
1017.0,72.721
1020.0,72.846
1032.0,72.899
1020.0,72.92
1017.0,72.898
1037.0,72.737
1046.0,73.111
1055.0,72.927
1052.0,72.768
1041.0,72.344
1036.0,70.884
990.0,69.167
1010.0,67.409
959.0,64.931
408.0,61.784
131.0,59.497
1131.0,57.989
1170.0,56.922
1222.0,51.894
1195.0,41.183
1232.0,44.155
1328.0,53.815
1205.0,61.776
1206.0,66.92
1191.0,69.559
1284.0,70.526
1091.0,71.381
1107.0,72.541
1069.0,72.815
1035.0,73.309
998.0,73.248
576.0,72.689
73.0,72.053
20.0,71.584
67.0,71.965
698.0,73.016
1007.0,72.737
1047.0,72.494
1076.0,71.91
1049.0,71.401
1044.0,70.074
1050.0,69.498
1052.0,69.033
1050.0,69.692
1044.0,70.078
1058.0,70.587
1053.0,71.063
1019.0,71.562
1019.0,71.813
1024.0,71.698
1025.0,71.838
1029.0,71.423
1042.0,71.155
1055.0,70.804
1066.0,71.356
1058.0,72.08
1042.0,72.377
1010.0,72.135
1012.0,72.376
1007.0,72.478
839.0,72.115
206.0,72.591
60.0,72.213
5.0,72.191
45.0,72.356
112.0,72.063
496.0,71.104
1211.0,68.916
1635.0,65.8
1598.0,62.218
1614.0,59.18
1397.0,57.833
1167.0,56.557
1290.0,51.261
1276.0,46.093
1083.0,54.809
1048.0,61.311
1039.0,66.078
1035.0,69.191
1024.0,70.426
795.0,70.691
199.0,71.803
22.0,72.054
13.0,72.675
12.0,72.569
170.0,72.629
846.0,72.362
1065.0,72.652
1081.0,72.87
1063.0,73.234
1057.0,72.758
1053.0,72.144
1042.0,71.561
1028.0,70.952
1040.0,70.462
1056.0,70.245
1056.0,70.115
1033.0,70.511
1029.0,70.078
1028.0,69.533
1032.0,69.664
1037.0,69.936
1042.0,70.175
1057.0,70.591
1068.0,71.296
1059.0,72.157
1009.0,71.572
991.0,70.819
1019.0,70.871
1023.0,71.819
858.0,71.984
176.0,71.85
12.0,72.2
230.0,72.286
372.0,72.368
773.0,72.044
1382.0,71.595
1766.0,72.116
1522.0,72.859
1468.0,73.355
1221.0,72.669
1110.0,70.341
1048.0,67.165
1037.0,63.186
1070.0,60.19
1060.0,58.168
1034.0,56.171
1045.0,46.54
1063.0,54.936
1039.0,60.354
992.0,65.191
743.0,68.16
310.0,69.637
84.0,70.126
349.0,70.21
911.0,71.398
1058.0,71.888
1077.0,72.161
1064.0,72.577
1056.0,72.839
1053.0,72.976
1043.0,73.442
1040.0,73.141
1049.0,72.326
1062.0,71.135
1050.0,70.562
1039.0,70.28
1036.0,70.252
1033.0,70.943
1032.0,71.174
1046.0,70.922
1056.0,70.354
1064.0,69.252
1065.0,68.698
1039.0,68.81
1007.0,69.032
1001.0,69.375
1018.0,70.648
996.0,71.525
888.0,71.397
217.0,70.451
1133.0,70.318
1119.0,71.193
1029.0,71.407
960.0,71.484
943.0,71.742
976.0,72.148
1011.0,71.566
955.0,71.013
929.0,70.956
952.0,71.847
987.0,73.068
1029.0,73.768
1050.0,73.367
1055.0,71.406
1031.0,67.744
1027.0,64.122
1056.0,60.759
1057.0,57.606
1008.0,54.753
997.0,46.873
1016.0,55.057
1053.0,60.326
934.0,65.083
771.0,67.959
944.0,69.763
1031.0,70.369
1053.0,70.731
1050.0,71.134
1051.0,72.146
1049.0,72.56
1050.0,73.203
1057.0,73.108
1049.0,73.56
1025.0,73.182
1024.0,73.032
1041.0,71.742
1053.0,70.702
1059.0,69.937
1070.0,69.994
1061.0,70.193
1060.0,71.36
1046.0,71.712
1036.0,71.513
1031.0,70.357
1010.0,69.442
979.0,68.848
603.0,69.353
107.0,69.322
3.0,69.738
1025.0,70.201
1028.0,71.358
999.0,71.248
970.0,70.629
957.0,70.735
959.0,71.415
957.0,71.573
942.0,71.537
938.0,72.316
934.0,72.541
943.0,71.605
1006.0,70.427
1048.0,70.303
1047.0,71.487
1057.0,73.42
1074.0,73.913
1071.0,73.949
1039.0,71.741
1029.0,68.649
1026.0,64.488
1035.0,59.921
1291.0,55.217
1973.0,47.456
1950.0,55.17
1295.0,60.003
1059.0,64.251
1054.0,68.325
1059.0,70.226
1063.0,71.55
1068.0,71.678
1061.0,71.808
1063.0,72.174
1054.0,72.465
1053.0,72.675
1042.0,72.846
1045.0,73.031
1034.0,72.703
1020.0,72.644
1041.0,72.197
1048.0,70.767
1053.0,70.464
1048.0,69.925
1008.0,70.31
957.0,71.125
973.0,71.719
730.0,71.311
422.0,70.311
8.0,69.878
1049.0,70.179
1055.0,70.475
1044.0,70.585
1050.0,70.735
1053.0,71.313
1039.0,71.477
1013.0,71.472
974.0,71.153
950.0,71.262
970.0,71.615
993.0,71.703
1002.0,72.051
995.0,72.76
1021.0,73.089
1040.0,71.609
1026.0,70.072
1021.0,69.982
1045.0,71.496
1106.0,72.934
1386.0,73.945
1704.0,73.797
1668.0,72.13
1633.0,69.167
1852.0,64.533
2249.0,58.485
1957.0,51.176
1331.0,47.81
1109.0,55.276
1102.0,59.807
1096.0,63.742
1096.0,67.183
1075.0,70.162
1063.0,71.681
1053.0,71.89
1038.0,71.743
1016.0,71.975
1025.0,72.381
1023.0,72.252
1013.0,71.882
1044.0,71.772
1052.0,71.982
1008.0,71.943
984.0,71.933
952.0,71.093
511.0,70.665
88.0,70.579
1041.0,70.774
1051.0,71.253
1053.0,71.51
1046.0,71.521
1049.0,70.884
1050.0,70.778
1045.0,71.509
1022.0,72.218
1004.0,72.615
989.0,72.669
1013.0,72.841
1037.0,72.541
1042.0,72.16
1047.0,72.21
1062.0,72.319
1076.0,72.386
1180.0,72.565
1489.0,73.29
2171.0,73.76
2237.0,73.933
1875.0,72.139
1614.0,70.511
1498.0,70.228
1452.0,71.974
1407.0,73.484
1523.0,74.233
1893.0,73.672
2237.0,72.206
2118.0,69.17
1694.0,64.159
1316.0,56.198
1094.0,48.677
1036.0,55.967
1003.0,59.252
984.0,62.744
1006.0,66.796
999.0,69.985
990.0,71.684
1010.0,71.947
986.0,72.007
1004.0,72.03
941.0,72.163
608.0,72.214
252.0,71.384
80.0,70.744
1041.0,71.386
1045.0,71.963
1037.0,71.962
1041.0,71.231
1050.0,70.824
1054.0,70.619
1063.0,70.853
1063.0,71.58
1064.0,72.091
1076.0,72.202
1074.0,72.149
1123.0,71.575
1306.0,72.081
1498.0,72.944
1615.0,73.557
2049.0,73.711
2440.0,73.55
2263.0,73.261
1735.0,72.554
1444.0,72.858
1378.0,73.02
1478.0,72.525
1593.0,72.792
1736.0,73.243
1657.0,74.042
1682.0,74.075
1695.0,73.008
1736.0,72.054
1508.0,71.662
1800.0,72.508
2393.0,73.42
1695.0,73.857
1026.0,72.68
1017.0,69.781
1045.0,65.649
1043.0,60.307
1028.0,48.46
998.0,55.748
997.0,58.969
897.0,62.104
461.0,65.899
87.0,69.159
37.0,71.04
2.0,71.766
1035.0,72.047
1039.0,72.211
1034.0,72.409
1039.0,72.251
1036.0,71.372
1043.0,70.439
1074.0,70.516
1164.0,70.98
1686.0,70.906
2256.0,70.369
2555.0,70.569
2534.0,70.843
2382.0,70.558
2240.0,70.858
1892.0,71.533
1609.0,72.429
1396.0,72.145
1312.0,71.844
1335.0,71.637
1343.0,72.332
1429.0,72.694
1562.0,72.969
1633.0,73.048
1561.0,73.113
1518.0,73.208
1537.0,73.263
1484.0,73.14
1451.0,72.872
1312.0,72.749
1186.0,73.226
1115.0,73.561
1046.0,73.9
1023.0,73.682
1002.0,73.009
998.0,72.681
1012.0,72.729
877.0,72.797
673.0,71.724
420.0,68.649
40.0,64.266
18.0,59.167
1021.0,46.667
1026.0,54.919
1013.0,58.221
1010.0,61.784
1103.0,65.704
1786.0,69.457
2331.0,71.431
2025.0,72.249
1489.0,72.893
1173.0,73.005
1111.0,73.676
1082.0,72.889
1067.0,72.003
1061.0,70.756
1046.0,70.946
1045.0,70.874
1058.0,70.582
1073.0,70.098
1058.0,70.32
1059.0,70.531
1059.0,70.853
1061.0,70.952
1064.0,71.442
1063.0,72.359
1070.0,72.533
1072.0,71.667
1072.0,71.427
1063.0,72.028
1056.0,72.369
1042.0,72.575
1001.0,72.909
1001.0,72.963
952.0,73.258
714.0,73.495
370.0,73.588
291.0,73.516
140.0,73.348
1.0,73.425
1068.0,73.626
1071.0,73.901
1082.0,73.967
1453.0,73.005
1389.0,72.096
1135.0,71.225
1086.0,69.963
1062.0,67.073
1074.0,61.888
1083.0,42.705
1070.0,52.498
1053.0,58.041
1048.0,62.379
1065.0,66.211
1052.0,69.941
1043.0,72.204
1052.0,73.229
1056.0,73.321
1058.0,73.53
1071.0,74.233
1073.0,73.463
1074.0,72.149
1065.0,70.706
1063.0,70.561
1038.0,70.989
996.0,70.743
968.0,69.7
996.0,69.938
919.0,70.058
775.0,70.095
739.0,70.407
604.0,71.449
62.0,72.813
5.0,72.871
1023.0,71.936
1068.0,71.52
1034.0,72.105
1048.0,72.472
1064.0,72.751
1064.0,73.233
1053.0,73.297
1062.0,73.565
1076.0,73.912
1061.0,73.751
1034.0,74.233
998.0,73.856
956.0,73.371
995.0,72.931
973.0,72.736
990.0,72.131
1011.0,71.029
1011.0,68.503
1020.0,65.98
1013.0,62.537
988.0,37.463
970.0,48.747
957.0,56.687
977.0,62.564
961.0,66.684
659.0,69.732
517.0,72.07
473.0,73.165
136.0,73.833
27.0,73.763
10.0,74.064
6.0,73.27
1671.0,72.424
1797.0,71.022
1544.0,70.85
1071.0,71.017
1016.0,70.559
1007.0,69.897
978.0,69.711
981.0,69.81
987.0,69.382
973.0,69.777
985.0,71.056
969.0,72.547
984.0,73.175
997.0,72.284
1007.0,72.145
1005.0,72.614
1012.0,72.941
967.0,73.229
851.0,73.513
883.0,73.894
672.0,74.215
632.0,74.131
108.0,74.233
27.0,73.621
26.0,72.842
11.0,71.627
5.0,70.127
2.0,68.649
2.0,66.421
4.0,63.424
1148.0,59.973
1005.0,31.509
1011.0,42.937
987.0,51.848
1055.0,57.897
994.0,62.299
846.0,66.033
779.0,69.189
621.0,71.584
497.0,72.534
421.0,72.989
145.0,73.396
314.0,73.521
641.0,72.638
417.0,71.192
123.0,71.239
33.0,71.346
6.0,71.568
14.0,70.95
2.0,70.687
3.0,70.222
4.0,69.607
998.0,69.906
947.0,71.684
930.0,73.625
688.0,73.543
549.0,72.575
145.0,71.968
366.0,73.018
114.0,73.488
49.0,73.375
17.0,73.655
19.0,73.261
12.0,73.127
3.0,72.353
10.0,71.523
23.0,70.144
12.0,67.852
7.0,64.882
18.0,61.425
14.0,58.36
2.0,25.095
3.0,34.903
3.0,44.042
9.0,50.34
135.0,54.886
19.0,58.757
32.0,62.623
18.0,66.404
932.0,69.344
543.0,70.076
192.0,70.547
42.0,71.663
201.0,71.704
280.0,71.148
491.0,70.998
150.0,71.424
320.0,71.444
438.0,71.564
181.0,71.839
15.0,70.905
15.0,69.798
3.0,70.122
958.0,71.446
940.0,73.066
980.0,72.289
1028.0,70.607
866.0,69.953
584.0,70.762
485.0,71.308
311.0,71.118
128.0,70.164
147.0,69.028
153.0,67.535
89.0,65.434
111.0,63.593
121.0,60.757
332.0,19.741
611.0,28.748
438.0,37.172
109.0,43.661
19.0,48.088
3.0,51.158
8.0,55.117
11.0,59.493
1053.0,62.49
1033.0,64.105
990.0,65.378
970.0,67.502
948.0,68.497
959.0,68.284
970.0,68.562
973.0,69.232
988.0,69.494
991.0,70.274
982.0,70.986
987.0,69.569
998.0,67.44
962.0,66.81
950.0,67.543
990.0,67.965
1026.0,67.295
940.0,65.605
706.0,64.548
495.0,64.231
137.0,63.976
121.0,63.396
25.0,61.539
10.0,59.179
9.0,16.122
19.0,23.736
7.0,31.411
1053.0,36.928
1059.0,39.997
1067.0,42.879
1063.0,46.803
1048.0,51.44
1056.0,55.375
1062.0,56.968
1056.0,57.738
1055.0,59.142
1058.0,60.099
1051.0,60.823
1044.0,61.203
1038.0,61.954
1029.0,61.779
1022.0,62.184
1033.0,62.003
1045.0,59.847
1035.0,57.34
1021.0,55.747
981.0,55.529
962.0,56.562
1000.0,56.292
999.0,13.299
558.0,20.0
239.0,26.086
71.0,30.501
15.0,32.559
1002.0,34.69
1016.0,38.523
1040.0,43.163
1059.0,47.575
1065.0,49.353
1062.0,49.661
1051.0,50.062
1050.0,50.502
1072.0,50.518
1083.0,49.91
1074.0,49.14
1071.0,47.702
1063.0,46.847
1056.0,10.336
1065.0,15.655
1076.0,21.065
1066.0,24.639
1060.0,25.608
1078.0,25.8
1071.0,28.106
1068.0,32.462
1067.0,7.707
1057.0,11.001
1059.0,14.841
1042.0,17.894
1016.0,5.707
1053.0,8.125
780.0,12.141
253.0,7.797
75.0,12.275
8.0,18.295
1032.0,26.587
1031.0,34.479
1042.0,38.404
1025.0,38.093
1031.0,10.065
1053.0,16.168
1065.0,24.883
1330.0,35.147
1218.0,44.387
1129.0,49.545
1132.0,50.379
1226.0,48.696
1361.0,46.919
1357.0,44.731
1396.0,42.985
1822.0,41.236
2192.0,38.798
2327.0,35.434
2095.0,11.937
1760.0,19.617
1659.0,29.962
1455.0,41.301
1436.0,50.481
1385.0,55.349
1331.0,55.8
1397.0,54.58
1526.0,53.318
1320.0,52.115
1051.0,50.379
886.0,48.213
543.0,45.862
532.0,42.962
110.0,41.224
18.0,41.37
1027.0,42.898
1021.0,43.609
1022.0,42.144
1034.0,39.834
1039.0,14.558
1039.0,24.067
1030.0,35.728
1100.0,46.219
1714.0,54.711
2021.0,58.921
1834.0,58.89
1510.0,57.706
1417.0,57.27
1344.0,56.36
1422.0,54.988
1379.0,53.01
1448.0,50.382
1446.0,47.919
1376.0,46.746
1379.0,47.325
1303.0,49.173
1182.0,50.016
1124.0,48.586
1377.0,46.06
1512.0,45.67
1443.0,46.874
1985.0,48.682
2223.0,18.18
1871.0,29.994
1086.0,42.742
999.0,52.714
794.0,58.948
602.0,61.496
577.0,60.382
446.0,59.344
67.0,59.64
11.0,60.027
1002.0,59.154
1013.0,57.289
1019.0,54.856
1014.0,52.67
1012.0,52.091
999.0,52.505
989.0,54.03
1005.0,54.864
1010.0,53.89
999.0,52.496
1134.0,52.171
1961.0,53.728
2442.0,55.495
2100.0,56.516
1835.0,56.817
1713.0,56.22
1911.0,21.257
2011.0,34.779
1849.0,49.148
1692.0,59.171
1537.0,64.787
1298.0,65.198
1138.0,63.511
1090.0,62.517
1097.0,63.551
1123.0,64.954
1125.0,64.73
1089.0,63.57
1074.0,61.661
1053.0,59.809
1055.0,59.05
1033.0,59.299
998.0,60.333
965.0,60.849
621.0,60.161
330.0,59.036
339.0,58.937
118.0,59.57
47.0,60.496
1009.0,61.867
1006.0,62.868
1009.0,63.215
1006.0,63.098
1003.0,62.29
985.0,23.493
948.0,37.742
920.0,52.737
921.0,63.209
921.0,68.03
917.0,67.83
961.0,66.243
1038.0,65.961
1070.0,67.404
1215.0,68.521
1274.0,68.835
1143.0,68.295
1075.0,67.17
1073.0,65.784
1076.0,65.103
1074.0,65.665
1076.0,66.421
1071.0,66.58
1069.0,65.763
1056.0,65.538
1065.0,65.267
1068.0,65.037
1064.0,65.231
1033.0,66.065
1033.0,66.446
1043.0,66.871
1031.0,67.937
1050.0,68.649
1042.0,67.527
1013.0,65.598
978.0,64.345
973.0,64.38
523.0,63.801
179.0,26.671
430.0,40.335
274.0,54.461
8.0,64.399
1016.0,68.662
1003.0,68.717
1025.0,67.294
1037.0,67.1
1031.0,68.913
1027.0,69.776
1026.0,69.966
1025.0,69.849
965.0,69.425
1009.0,68.621
1057.0,68.649
1071.0,69.205
1057.0,69.688
1064.0,69.58
1081.0,68.945
1055.0,68.649
1058.0,68.778
1062.0,68.769
1065.0,68.449
1069.0,68.944
1048.0,68.649
1010.0,69.055
979.0,69.699
968.0,70.835
995.0,70.871
1037.0,69.444
1058.0,68.649
1058.0,69.304
1045.0,68.906
1006.0,67.296
1038.0,66.246
1053.0,65.394
1051.0,62.598
1048.0,31.508
1018.0,44.78
998.0,56.883
1038.0,65.059
1007.0,68.502
985.0,68.569
828.0,66.978
410.0,67.262
650.0,68.664
141.0,69.53
2.0,70.208
1002.0,70.548
1013.0,70.793
1038.0,70.58
1039.0,71.133
1029.0,71.801
1033.0,72.037
1047.0,71.786
1059.0,70.924
1031.0,70.787
1045.0,70.576
1065.0,70.136
1060.0,69.676
1079.0,69.58
1073.0,69.226
1059.0,68.967
1080.0,69.888
1056.0,71.669
1040.0,72.108
1003.0,71.22
984.0,70.902
1038.0,71.69
1049.0,71.452
1041.0,70.45
1023.0,69.658
1028.0,69.346
1025.0,68.686
1035.0,66.872
1050.0,65.023
1055.0,62.802
1044.0,59.271
1038.0,54.08
1044.0,51.488
1058.0,36.116
1044.0,48.158
1041.0,58.929
1051.0,66.104
1047.0,68.457
1046.0,67.962
1044.0,66.464
1024.0,66.797
990.0,68.106
849.0,69.19
465.0,70.222
290.0,70.843
75.0,71.394
39.0,71.141
1010.0,71.646
1043.0,72.473
1046.0,72.872
1042.0,72.505
1105.0,72.153
1250.0,71.847
1360.0,71.416
1479.0,70.83
1365.0,70.431
1087.0,70.26
1089.0,69.604
1096.0,69.359
1093.0,70.4
1054.0,72.088
1019.0,72.71
1026.0,72.238
1067.0,72.418
1044.0,73.271
1007.0,72.907
952.0,72.069
691.0,72.066
498.0,72.143
393.0,71.348
531.0,70.577
817.0,70.012
1022.0,69.346
1049.0,66.554
1040.0,62.532
1030.0,59.77
1014.0,57.627
1006.0,53.529
1034.0,47.785
1075.0,39.234
1065.0,50.253
1048.0,60.161
1060.0,66.147
1046.0,68.465
1052.0,67.689
1051.0,66.412
1041.0,66.302
1028.0,67.637
973.0,68.576
1007.0,69.642
712.0,71.075
432.0,71.325
304.0,70.748
224.0,70.076
71.0,71.606
1571.0,72.409
1518.0,72.6
1194.0,72.234
1017.0,72.329
992.0,71.82
1031.0,71.635
1030.0,71.337
1045.0,71.102
1077.0,70.374
1063.0,69.574
1014.0,70.516
1042.0,72.655
1057.0,73.441
1052.0,73.583
1041.0,73.696
1046.0,74.233
1048.0,74.232
927.0,73.656
246.0,73.496
32.0,73.705
37.0,72.997
32.0,72.105
32.0,71.753
42.0,72.114
84.0,70.612
338.0,67.205
821.0,64.078
1013.0,61.543
1048.0,58.003
1044.0,53.177
1016.0,49.111
1035.0,47.16
1082.0,40.845
1061.0,51.799
1025.0,60.85
1038.0,66.289
1048.0,68.271
1062.0,67.418
1059.0,66.452
1061.0,66.713
1049.0,67.97
1011.0,69.631
1031.0,70.429
996.0,71.429
996.0,72.185
549.0,71.015
128.0,70.879
506.0,71.909
300.0,72.459
24.0,72.552
1261.0,72.077
1096.0,72.54
960.0,72.764
976.0,72.87
991.0,72.719
1035.0,72.947
1060.0,71.867
983.0,70.346
1016.0,70.913
1038.0,72.996
1039.0,74.141
1053.0,73.589
1061.0,73.705
1045.0,74.233
1039.0,74.076
1036.0,73.488
927.0,73.725
167.0,74.03
23.0,73.492
21.0,72.528
26.0,72.943
34.0,73.692
34.0,72.559
103.0,69.897
345.0,66.833
790.0,63.756
997.0,60.173
1048.0,55.991
1039.0,53.841
1028.0,53.348
993.0,51.996
994.0,50.254
1077.0,50.291
1051.0,50.714
1003.0,41.818
1031.0,52.737
1042.0,61.403
1044.0,66.685
1048.0,68.134
1060.0,67.235
1049.0,66.979
1029.0,67.29
1055.0,68.811
1025.0,70.457
1024.0,70.681
1013.0,71.584
868.0,71.79
225.0,71.305
83.0,71.043
448.0,71.998
155.0,72.199
2.0,72.151
546.0,72.078
145.0,72.492
280.0,73.033
164.0,73.228
45.0,73.986
35.0,73.539
31.0,72.525
53.0,71.013
320.0,70.819
928.0,72.305
1025.0,72.967
1033.0,73.026
1039.0,72.527
1032.0,73.139
1021.0,73.1
960.0,72.833
403.0,72.962
37.0,73.39
8.0,72.951
5.0,72.268
15.0,72.751
23.0,74.233
26.0,73.63
90.0,71.521
277.0,68.255
743.0,65.001
1012.0,62.065
1045.0,58.568
1038.0,57.47
1037.0,57.668
1016.0,56.923
919.0,54.857
490.0,54.545
191.0,55.11
428.0,54.388
813.0,49.294
1000.0,42.337
1005.0,53.358
1020.0,62.133
1053.0,67.004
1049.0,68.509
1042.0,68.055
1059.0,67.438
1049.0,68.109
1008.0,69.146
991.0,70.209
973.0,71.081
939.0,71.096
445.0,71.302
237.0,71.058
647.0,70.815
208.0,71.737
1.0,72.022
41.0,71.707
37.0,71.741
42.0,72.171
28.0,72.513
31.0,72.721
26.0,72.964
22.0,73.347
48.0,72.181
86.0,70.482
567.0,70.24
993.0,71.128
1022.0,71.842
1026.0,71.361
1038.0,71.449
999.0,71.776
677.0,71.725
94.0,71.668
20.0,71.686
5.0,72.175
2.0,71.609
7.0,71.733
32.0,72.361
40.0,73.859
205.0,74.108
855.0,72.13
1038.0,69.508
1046.0,67.357
1045.0,64.934
1039.0,62.703
990.0,61.686
564.0,62.316
84.0,61.652
16.0,59.546
32.0,58.382
45.0,58.746
301.0,57.968
828.0,53.349
1036.0,43.587
1035.0,32.399
1038.0,42.242
1109.0,52.928
1071.0,61.051
1039.0,65.996
984.0,67.792
987.0,67.746
1010.0,67.217
991.0,67.799
659.0,69.248
222.0,70.48
72.0,70.815
4.0,71.302
47.0,71.459
26.0,71.431
51.0,71.332
37.0,72.224
23.0,72.268
35.0,71.936
68.0,71.74
561.0,71.823
1030.0,71.647
1037.0,71.896
1040.0,72.18
1059.0,72.438
997.0,71.397
507.0,70.262
47.0,69.828
13.0,71.027
9.0,71.02
2.0,70.662
19.0,70.726
29.0,70.825
53.0,71.019
517.0,70.858
1051.0,71.277
1038.0,71.817
1046.0,71.778
1045.0,71.579
986.0,71.87
593.0,73.217
85.0,73.215
10.0,72.241
39.0,71.049
32.0,69.884
115.0,68.634
663.0,66.998
1035.0,65.597
1048.0,65.79
1227.0,64.39
1534.0,61.984
1358.0,60.577
1061.0,60.609
1003.0,60.502
998.0,56.538
1011.0,46.46
992.0,34.764
959.0,42.356
639.0,52.471
612.0,60.205
224.0,65.049
5.0,66.948
945.0,67.349
889.0,67.68
626.0,69.165
542.0,70.633
485.0,71.493
279.0,71.822
121.0,72.031
153.0,72.301
273.0,72.702
739.0,72.483
1023.0,72.635
1035.0,73.103
1053.0,72.875
1050.0,72.166
947.0,71.715
342.0,70.978
49.0,70.028
23.0,70.684
7.0,71.32
6.0,71.097
3.0,70.797
21.0,71.227
25.0,71.97
80.0,72.025
675.0,71.071
1025.0,70.609
1035.0,70.548
1042.0,70.255
1069.0,70.589
916.0,71.317
718.0,71.84
570.0,71.899
621.0,72.053
832.0,72.222
979.0,72.628
1018.0,72.447
1033.0,72.745
1045.0,72.639
1051.0,72.453
1221.0,72.186
1479.0,70.404
1658.0,68.649
1151.0,67.484
992.0,65.51
984.0,63.059
960.0,61.965
953.0,62.192
981.0,62.466
710.0,59.19
543.0,49.148
153.0,36.745
626.0,28.098
265.0,43.498
51.0,53.466
57.0,60.893
51.0,65.848
19.0,67.31
14.0,68.665
27.0,69.332
50.0,70.901
363.0,72.533
983.0,72.99
1050.0,73.256
1066.0,73.329
1050.0,73.045
1004.0,73.362
637.0,73.421
108.0,73.691
23.0,73.56
4.0,73.287
3.0,72.999
14.0,71.893
16.0,70.806
112.0,69.829
701.0,69.278
1050.0,69.864
1072.0,70.249
1067.0,70.79
1081.0,71.552
1129.0,73.069
1221.0,73.074
1156.0,71.946
967.0,71.077
742.0,70.41
841.0,70.337
995.0,70.334
1014.0,70.814
1037.0,71.531
1050.0,71.883
1356.0,72.014
1669.0,72.114
1824.0,72.308
1211.0,72.445
986.0,72.581
971.0,72.787
976.0,73.359
928.0,73.272
898.0,72.172
419.0,70.523
209.0,68.649
24.0,66.185
46.0,64.053
48.0,63.114
52.0,63.447
53.0,64.148
35.0,61.035
23.0,50.854
36.0,37.773
44.0,29.047
49.0,45.242
421.0,54.885
996.0,61.628
1045.0,66.066
1040.0,67.774
1044.0,69.103
1007.0,70.047
760.0,71.914
169.0,72.328
22.0,73.102
3.0,73.38
3.0,73.796
17.0,73.561
14.0,73.667
376.0,73.79
981.0,74.049
1053.0,74.009
1064.0,73.296
1061.0,73.173
1087.0,72.474
1180.0,70.42
1232.0,69.214
1080.0,68.649
1027.0,69.012
1027.0,69.071
1024.0,69.665
1023.0,70.745
1030.0,71.69
1045.0,72.332
1066.0,72.044
1264.0,71.962
1350.0,71.2
1201.0,70.219
1051.0,69.411
979.0,69.775
969.0,70.925
1003.0,71.303
1060.0,71.664
821.0,72.038
291.0,72.11
35.0,72.109
2.0,72.118
359.0,72.229
74.0,72.369
55.0,72.832
31.0,72.749
50.0,71.431
58.0,69.696
86.0,67.264
199.0,65.062
648.0,64.268
988.0,64.669
1061.0,65.316
1074.0,62.062
1050.0,51.583
1046.0,37.524
1040.0,46.721
969.0,55.177
417.0,61.368
56.0,65.82
6.0,68.018
1.0,69.204
8.0,69.687
13.0,70.564
20.0,71.2
17.0,71.756
578.0,72.58
1035.0,72.82
1032.0,73.143
1059.0,73.632
1064.0,73.788
1063.0,74.1
1062.0,74.233
1087.0,73.209
1118.0,73.015
1050.0,71.693
1022.0,70.768
1023.0,69.421
1026.0,69.111
1034.0,68.649
1035.0,68.724
1042.0,68.951
1054.0,69.452
1035.0,70.18
1022.0,70.637
1052.0,70.777
1013.0,71.074
977.0,71.255
1005.0,70.942
986.0,69.623
634.0,69.941
144.0,70.673
34.0,71.219
1.0,71.487
1133.0,71.651
1122.0,72.286
1275.0,72.472
1259.0,72.374
1076.0,72.002
1218.0,72.276
1232.0,72.67
1276.0,73.464
1252.0,72.677
1078.0,71.117
998.0,68.857
1001.0,66.737
1037.0,65.58
1039.0,65.48
1043.0,65.741
1051.0,62.585
987.0,51.77
517.0,46.915
55.0,55.467
2.0,60.955
15.0,65.662
41.0,67.911
184.0,69.168
863.0,69.788
1094.0,69.663
1054.0,70.708
1051.0,71.722
1056.0,72.481
1049.0,72.94
1051.0,73.102
1045.0,74.233
1067.0,73.866
1089.0,73.831
1042.0,73.348
1026.0,72.7
1032.0,71.96
1031.0,71.213
1036.0,70.494
1039.0,70.767
1051.0,70.646
1067.0,70.316
1054.0,69.593
1038.0,69.225
1034.0,68.963
1000.0,69.371
997.0,69.506
1034.0,70.121
1035.0,70.647
772.0,71.55
179.0,71.139
990.0,70.547
1034.0,70.342
1266.0,70.987
1267.0,71.068
1049.0,71.285
1012.0,71.582
994.0,72.756
1056.0,72.445
1368.0,72.143
1441.0,71.858
1201.0,72.316
1075.0,73.397
1071.0,73.945
1035.0,73.765
1031.0,72.377
1038.0,70.161
1026.0,68.089
1012.0,66.842
778.0,66.047
207.0,65.358
91.0,61.685
178.0,50.721
664.0,46.777
1054.0,54.919
1079.0,60.277
1054.0,64.774
1050.0,67.984
1047.0,69.302
1039.0,69.973
1047.0,70.551
1051.0,70.852
1064.0,71.777
1073.0,73.278
1040.0,73.385
1030.0,73.614
1035.0,74.143
1037.0,73.802
1031.0,73.162
1037.0,72.372
1053.0,71.733
1067.0,71.304
1057.0,70.559
1038.0,70.844
993.0,71.568
982.0,71.813
1004.0,71.311
1012.0,70.127
964.0,69.487
436.0,69.107
28.0,69.22
997.0,69.673
1199.0,69.898
1296.0,70.738
1025.0,71.751
1029.0,71.485
1065.0,70.843
1120.0,71.181
1046.0,71.373
1054.0,71.435
1269.0,71.705
1356.0,72.367
1088.0,72.781
1085.0,71.961
1098.0,71.514
1090.0,71.186
1066.0,72.28
1047.0,73.031
1047.0,74.048
1042.0,73.931
1019.0,72.614
789.0,71.043
756.0,69.096
1025.0,67.114
1033.0,65.155
1051.0,63.685
1045.0,58.99
1041.0,47.092
1047.0,55.141
1050.0,60.324
1052.0,64.664
1047.0,68.316
1059.0,70.781
1065.0,71.637
1036.0,71.421
1035.0,71.609
1038.0,72.243
1035.0,72.952
1037.0,73.545
1042.0,73.737
1059.0,73.658
1065.0,73.286
1047.0,72.769
1014.0,72.031
995.0,70.989
996.0,70.548
1020.0,70.348
991.0,70.751
946.0,71.653
492.0,72.04
31.0,71.652
1053.0,70.745
1016.0,70.411
1021.0,70.179
1023.0,70.786
1040.0,70.915
1044.0,71.326
1048.0,71.674
1037.0,71.979
1026.0,72.199
1020.0,71.842
1037.0,71.754
1047.0,72.062
1064.0,72.201
1066.0,72.248
1062.0,72.941
1081.0,73.078
1085.0,71.881
1056.0,70.289
1048.0,70.407
1040.0,71.698
1050.0,72.878
991.0,73.69
701.0,74.233
751.0,73.25
937.0,72.504
1036.0,70.13
1044.0,66.772
1052.0,62.854
1055.0,59.696
1053.0,54.321
1042.0,47.862
1052.0,55.441
1051.0,59.476
1035.0,63.444
1039.0,67.753
1033.0,70.571
1046.0,71.765
1053.0,72.17
1062.0,71.989
1062.0,72.217
1062.0,72.702
1059.0,72.894
1044.0,72.574
1037.0,72.498
1027.0,72.134
993.0,72.183
990.0,71.559
655.0,70.762
88.0,70.413
3.0,70.773
1047.0,70.686
1043.0,71.63
1036.0,71.865
1000.0,71.867
998.0,71.436
1043.0,71.409
1056.0,71.713
1011.0,72.201
966.0,72.828
939.0,73.212
928.0,73.237
942.0,73.126
1009.0,72.903
1038.0,73.013
1060.0,72.512
1073.0,72.714
1082.0,72.956
1065.0,73.413
1065.0,73.864
1074.0,73.53
1082.0,72.206
1064.0,70.391
1037.0,70.105
1037.0,71.416
1046.0,72.746
1040.0,73.533
1039.0,74.175
1049.0,73.647
1058.0,73.235
1053.0,70.776
1052.0,65.736
1056.0,58.693
1053.0,54.437
1043.0,49.095
1037.0,55.983
1046.0,58.957
1039.0,63.122
1024.0,67.39
1033.0,70.198
1049.0,72.078
1057.0,72.243
1049.0,72.004
1034.0,72.097
1013.0,71.96
994.0,72.094
895.0,71.278
624.0,71.38
132.0,70.72
9.0,70.787
1042.0,70.993
1043.0,70.317
1035.0,70.547
1030.0,70.752
1031.0,70.696
1039.0,70.732
1047.0,71.567
1043.0,72.065
1040.0,72.049
1026.0,72.009
1037.0,72.322
1050.0,73.025
1039.0,73.618
1046.0,73.813
1024.0,73.747
1018.0,73.376
1080.0,73.523
1114.0,73.393
1501.0,72.929
1992.0,73.356
2198.0,73.625
2094.0,73.523
1790.0,73.732
1270.0,74.233
1075.0,72.97
1083.0,72.124
1085.0,71.508
1081.0,71.743
1086.0,72.913
1086.0,73.199
1066.0,73.301
1058.0,72.692
1059.0,71.956
1051.0,68.649
1050.0,61.97
1055.0,54.085
1049.0,49.469
1042.0,56.012
1029.0,58.811
1042.0,62.04
1058.0,66.454
1049.0,69.827
1007.0,71.852
1005.0,72.692
896.0,72.233
812.0,72.63
455.0,72.6
11.0,71.943
3.0,71.249
1041.0,70.423
1043.0,69.767
1025.0,70.452
1029.0,70.176
1038.0,70.041
1045.0,70.802
1051.0,71.112
1048.0,70.994
1044.0,71.079
1042.0,71.524
1044.0,72.459
1060.0,72.403
1064.0,72.439
1064.0,72.066
1239.0,72.574
1979.0,73.413
2057.0,73.673
1601.0,73.503
1410.0,73.71
1411.0,73.231
1520.0,73.342
1653.0,73.236
2021.0,73.607
2312.0,73.659
2173.0,73.757
1568.0,73.92
1204.0,74.221
1088.0,74.152
1100.0,73.539
1125.0,72.784
1124.0,73.019
1074.0,73.053
1074.0,72.92
1047.0,71.446
1046.0,68.718
1051.0,66.36
1037.0,62.535
1032.0,47.595
1018.0,55.248
1034.0,58.171
1013.0,62.446
1015.0,66.073
902.0,69.586
752.0,71.724
634.0,72.913
108.0,72.814
1033.0,72.791
1040.0,72.532
1027.0,72.188
1015.0,70.891
1015.0,69.832
1029.0,69.397
1061.0,69.899
1056.0,69.716
1055.0,69.737
1042.0,70.814
1018.0,71.208
1034.0,71.389
1287.0,71.064
2048.0,71.432
1564.0,72.54
1285.0,72.879
1280.0,72.392
1323.0,72.136
1443.0,72.645
1435.0,72.845
1606.0,73.231
1634.0,73.259
1342.0,73.209
1238.0,72.988
1654.0,73.319
1980.0,73.286
2401.0,73.67
2293.0,74.009
2263.0,73.858
2216.0,73.907
2415.0,73.913
1544.0,74.134
1029.0,73.566
1029.0,73.262
1008.0,72.404
1002.0,71.922
1031.0,70.018
1020.0,66.359
1014.0,61.165
981.0,57.785
889.0,43.027
840.0,52.886
364.0,58.381
26.0,63.114
3.0,67.575
1033.0,70.855
1044.0,72.798
1050.0,73.798
1038.0,73.69
1039.0,73.542
1039.0,73.732
1031.0,72.554
1073.0,71.178
1087.0,69.671
1277.0,69.473
1932.0,69.771
2182.0,69.379
2023.0,69.609
2234.0,69.871
2407.0,70.607
2449.0,70.872
2386.0,71.168
2407.0,71.97
2477.0,73.166
2501.0,73.226
2546.0,72.324
2624.0,72.194
2619.0,72.483
2515.0,73.064
2377.0,72.972
2207.0,73.33
2010.0,73.395
1889.0,73.039
1859.0,73.464
1744.0,73.653
1334.0,73.906
1069.0,73.742
1039.0,73.466
1025.0,73.291
1013.0,73.166
1013.0,72.649
994.0,71.88
861.0,70.742
810.0,69.127
738.0,67.0
172.0,62.553
1038.0,36.855
1040.0,48.73
1034.0,57.171
1042.0,63.186
1022.0,67.96
1021.0,71.22
1379.0,73.191
2191.0,74.233
1914.0,74.099
1395.0,73.858
1131.0,73.781
1094.0,72.872
1082.0,71.503
1085.0,70.131
1075.0,69.586
1058.0,69.836
1079.0,69.611
1079.0,69.48
1065.0,70.128
1074.0,70.516
1082.0,70.671
1078.0,70.992
1079.0,72.328
1085.0,73.564
1090.0,73.867
1089.0,72.994
1082.0,72.492
1089.0,73.333
1079.0,73.894
1057.0,73.74
1037.0,73.797
1009.0,74.007
1019.0,73.886
901.0,73.679
666.0,74.233
773.0,74.138
655.0,73.516
142.0,72.445
10.0,70.985
6.0,70.085
1061.0,68.797
1087.0,67.006
1075.0,64.704
1013.0,61.564
1034.0,30.83
1086.0,42.929
1097.0,51.708
1085.0,58.184
1077.0,63.182
1077.0,67.257
1076.0,70.699
1057.0,72.443
1046.0,73.244
1054.0,73.075
1052.0,73.115
1053.0,72.599
1057.0,71.382
1050.0,70.05
1060.0,69.994
1073.0,70.263
1069.0,69.523
1063.0,69.529
1064.0,70.081
1058.0,70.284
1052.0,69.886
1039.0,70.71
996.0,72.058
988.0,73.72
994.0,73.761
891.0,72.109
717.0,72.163
647.0,73.209
206.0,73.484
51.0,73.761
23.0,73.66
11.0,73.295
5.0,73.271
1025.0,72.715
1056.0,71.942
1045.0,71.045
1060.0,69.417
1062.0,66.451
1054.0,64.329
1049.0,61.573
1063.0,59.354
1065.0,25.189
1065.0,35.756
1061.0,44.233
1045.0,50.577
1013.0,55.491
1011.0,60.253
992.0,65.238
974.0,68.649
1001.0,70.613
1020.0,70.87
1044.0,71.326
1043.0,71.582
1024.0,71.303
999.0,70.461
969.0,70.133
981.0,70.658
985.0,70.403
998.0,70.322
664.0,71.0
51.0,70.414
117.0,69.88
101.0,70.385
24.0,71.704
10.0,72.654
2.0,71.82
1467.0,69.67
1813.0,69.34
1140.0,70.875
1049.0,72.066
1008.0,72.175
991.0,71.537
967.0,70.209
985.0,69.051
998.0,66.924
990.0,65.145
1012.0,62.847
1020.0,59.008
1012.0,20.497
1002.0,30.256
1009.0,38.758
1019.0,45.252
1040.0,49.576
993.0,53.527
937.0,57.777
825.0,61.788
557.0,63.662
575.0,64.222
582.0,65.258
183.0,67.736
82.0,68.649
16.0,68.649
11.0,68.669
7.0,68.655
12.0,68.649
7.0,69.043
3.0,69.753
1878.0,68.733
1330.0,67.131
1018.0,66.651
993.0,67.183
1017.0,67.127
1041.0,65.892
943.0,63.959
745.0,63.2
554.0,64.155
339.0,65.263
191.0,65.066
217.0,63.73
332.0,61.264
179.0,16.812
297.0,25.89
372.0,34.521
88.0,40.727
115.0,44.759
35.0,47.644
15.0,50.935
17.0,54.11
15.0,55.944
5.0,56.271
2.0,56.922
2.0,59.141
1043.0,61.16
1032.0,61.646
884.0,62.191
493.0,62.131
140.0,61.421
41.0,61.459
375.0,61.306
726.0,59.645
568.0,57.295
103.0,56.106
50.0,55.295
22.0,55.292
20.0,13.93
6.0,21.913
9.0,29.743
6.0,36.034
2.0,38.562
1.0,40.688
2.0,43.836
80.0,47.053
21.0,48.921
25.0,48.992
23.0,48.694
26.0,49.321
13.0,50.462
17.0,50.592
15.0,50.672
6.0,49.871
15.0,47.95
12.0,46.634
301.0,10.768
14.0,17.142
50.0,24.225
64.0,28.883
29.0,29.677
1018.0,30.039
822.0,32.296
238.0,35.867
30.0,8.706
52.0,13.617
44.0,18.266
157.0,20.937
536.0,19.593
726.0,6.709
264.0,11.36
138.0,18.018
144.0,25.369
2.0,30.909
10.0,8.492
1013.0,14.769
969.0,23.8
975.0,33.218
1039.0,39.775
831.0,42.975
397.0,43.145
183.0,42.133
140.0,10.778
61.0,18.634
36.0,28.974
35.0,39.383
31.0,47.009
21.0,50.914
74.0,51.727
291.0,50.818
229.0,49.677
74.0,48.387
194.0,46.303
32.0,43.487
9.0,39.23
2.0,34.158
1042.0,13.086
1036.0,22.09
990.0,32.724
966.0,43.252
959.0,51.421
953.0,55.58
968.0,56.21
984.0,55.026
981.0,54.099
976.0,53.541
965.0,51.66
990.0,49.308
1002.0,45.417
996.0,40.909
974.0,37.086
997.0,36.391
991.0,37.503
836.0,38.478
517.0,38.186
551.0,15.548
656.0,25.987
165.0,37.29
10.0,46.938
10.0,54.378
12.0,57.726
1048.0,57.392
1045.0,56.454
1060.0,56.333
1044.0,56.057
1041.0,55.308
1038.0,52.82
1045.0,49.756
1051.0,46.303
1059.0,44.171
1060.0,44.597
1065.0,46.307
1064.0,47.545
1051.0,47.397
1049.0,46.632
1041.0,46.312
1035.0,47.539
1047.0,18.689
1045.0,31.033
1035.0,43.251
998.0,52.351
995.0,58.091
983.0,59.835
906.0,58.769
539.0,58.389
82.0,58.716
93.0,59.542
17.0,59.317
6.0,57.598
1029.0,54.885
1003.0,52.352
1044.0,50.593
1058.0,51.006
1069.0,53.104
1062.0,55.086
1044.0,55.869
1059.0,56.277
1080.0,56.775
1088.0,56.496
1078.0,56.369
1080.0,56.303
1082.0,22.656
1080.0,36.079
1092.0,48.819
1102.0,57.745
1110.0,63.212
1093.0,63.751
1081.0,62.358
1063.0,61.836
1076.0,63.456
1061.0,64.978
1038.0,65.092
998.0,64.169
990.0,62.104
1000.0,59.784
1026.0,58.376
997.0,58.894
649.0,60.563
189.0,62.614
25.0,63.548
1039.0,64.237
1041.0,64.385
1047.0,63.195
1026.0,62.604
1029.0,62.714
1048.0,62.629
1061.0,62.409
1366.0,26.941
1518.0,40.888
1492.0,52.943
1679.0,61.784
1874.0,66.751
1952.0,67.046
2216.0,66.18
2417.0,66.464
2502.0,67.988
2512.0,68.944
2431.0,69.004
2346.0,68.649
2338.0,67.121
2121.0,65.455
1721.0,64.972
1468.0,65.468
1405.0,66.798
1628.0,67.814
2027.0,68.215
2273.0,68.649
1617.0,68.852
968.0,67.72
833.0,66.753
707.0,66.92
444.0,67.23
104.0,67.249
37.0,67.338
960.0,67.098
983.0,65.564
1000.0,63.55
1010.0,30.813
1015.0,44.543
1014.0,55.871
1032.0,63.919
1043.0,68.368
1223.0,68.857
1913.0,67.987
2336.0,68.385
2067.0,69.416
1804.0,70.353
1782.0,70.796
1631.0,70.573
1397.0,70.236
1267.0,69.605
1436.0,69.269
1590.0,69.85
1698.0,70.817
1747.0,70.623
1842.0,70.245
1954.0,70.077
1841.0,70.338
2041.0,69.641
2042.0,68.857
1593.0,68.715
1132.0,69.299
1069.0,69.485
1023.0,70.264
982.0,71.385
700.0,70.747
316.0,68.842
434.0,68.254
526.0,69.222
264.0,69.294
15.0,67.439
967.0,66.437
986.0,65.399
1029.0,63.009
1035.0,34.292
1026.0,47.276
1006.0,57.927
955.0,65.11
928.0,68.634
943.0,68.658
952.0,67.923
964.0,68.518
1035.0,69.53
1078.0,70.556
1194.0,70.737
1308.0,70.797
1132.0,71.682
1062.0,71.382
1054.0,72.092
1070.0,72.832
1094.0,72.785
1078.0,72.107
1087.0,70.885
1095.0,70.881
1086.0,70.162
1084.0,70.0
1085.0,69.534
1069.0,69.381
1067.0,69.733
1052.0,70.082
1046.0,70.8
1014.0,72.383
1030.0,71.923
1012.0,70.817
986.0,70.564
747.0,71.651
220.0,71.413
311.0,70.186
315.0,69.595
630.0,69.455
334.0,68.649
989.0,67.571
1001.0,66.473
1044.0,65.285
1045.0,62.432
1046.0,58.178
1027.0,55.314
1019.0,53.499
1022.0,50.71
940.0,37.094
921.0,49.875
937.0,59.661
1020.0,65.776
1034.0,68.288
1020.0,68.382
1024.0,67.43
1057.0,67.77
1057.0,69.186
1035.0,70.472
1054.0,70.863
1061.0,71.215
1069.0,71.679
1068.0,71.421
1064.0,71.708
1051.0,72.62
1040.0,73.254
1041.0,72.58
1048.0,71.359
1053.0,70.812
1038.0,70.676
1052.0,70.235
1043.0,69.575
1041.0,70.065
1057.0,70.061
1020.0,70.162
1015.0,71.272
1008.0,72.266
1000.0,72.551
672.0,71.171
259.0,71.622
331.0,72.767
760.0,72.867
671.0,71.679
72.0,71.727
1022.0,72.091
1020.0,72.11
1049.0,71.423
1035.0,71.165
1032.0,70.87
1035.0,68.649
1032.0,65.534
1059.0,62.594
1019.0,60.35
963.0,56.38
1042.0,51.451
1067.0,48.988
1067.0,48.321
1063.0,47.334
1049.0,39.071
1045.0,51.117
1064.0,60.675
1057.0,66.101
1057.0,68.281
1053.0,68.036
1038.0,66.915
990.0,67.202
973.0,68.703
1015.0,69.561
1040.0,70.653
1039.0,71.359
1046.0,71.669
1047.0,70.833
1040.0,70.622
1039.0,71.692
1045.0,72.396
1041.0,72.149
1059.0,70.966
1041.0,70.757
1014.0,70.625
1003.0,70.435
1023.0,70.341
1029.0,70.387
1003.0,70.417
1004.0,70.413
736.0,71.021
342.0,72.42
670.0,72.983
713.0,72.22
147.0,72.626
1.0,73.35
1033.0,73.569
1047.0,72.797
1040.0,72.786
1042.0,73.356
1036.0,73.422
1033.0,72.725
1056.0,72.424
1263.0,72.856
1191.0,71.698
1065.0,68.89
1071.0,65.997
1063.0,63.346
1058.0,59.794
1055.0,55.897
1058.0,54.099
1064.0,54.176
1059.0,53.003
1043.0,50.514
1027.0,50.513
991.0,51.312
1014.0,40.305
1045.0,52.256
1049.0,61.176
1034.0,66.212
1034.0,68.036
1039.0,68.181
1039.0,66.822
1045.0,67.695
1032.0,68.704
1027.0,70.308
1035.0,70.66
1050.0,71.862
1057.0,71.955
1052.0,71.634
1040.0,71.239
1047.0,71.695
1044.0,72.007
1049.0,71.526
1048.0,70.872
1037.0,71.127
1011.0,71.262
992.0,70.927
908.0,70.774
386.0,71.337
592.0,70.565
842.0,70.621
308.0,70.959
2.0,72.742
1047.0,72.966
1013.0,73.178
1055.0,73.173
1102.0,73.784
1113.0,73.594
1109.0,73.412
1070.0,73.506
1068.0,73.929
1051.0,73.7
1065.0,72.643
1063.0,73.068
1068.0,73.823
1056.0,73.39
1053.0,71.349
1034.0,68.649
1041.0,65.553
1038.0,62.233
1038.0,59.006
931.0,57.921
349.0,58.301
60.0,57.493
126.0,55.685
250.0,55.642
599.0,56.634
976.0,56.166
1045.0,53.015
1044.0,41.218
1039.0,52.466
1042.0,61.04
999.0,66.009
1005.0,67.814
1037.0,67.676
1060.0,67.336
1053.0,68.245
1048.0,69.681
1044.0,70.639
1041.0,71.274
1049.0,71.756
1050.0,72.367
1046.0,72.21
1031.0,72.165
1011.0,72.521
996.0,72.427
1004.0,71.445
892.0,70.764
271.0,71.214
38.0,71.705
278.0,71.824
99.0,72.214
1112.0,72.326
1037.0,71.578
1030.0,70.749
1012.0,70.816
1002.0,72.149
1010.0,72.438
1036.0,72.072
1047.0,72.362
1016.0,72.491
1000.0,72.741
1036.0,72.725
1055.0,73.09
1056.0,73.619
1057.0,73.037
1046.0,72.178
1074.0,72.36
1003.0,73.843
398.0,73.473
46.0,72.102
17.0,69.778
17.0,67.627
17.0,65.277
9.0,62.601
72.0,61.925
164.0,62.682
157.0,61.784
461.0,59.715
891.0,59.253
1019.0,59.67
1004.0,59.617
1024.0,56.572
1075.0,49.103
1047.0,38.666
1035.0,41.572
1037.0,52.531
1033.0,61.293
1060.0,66.117
1071.0,67.662
1059.0,68.192
1046.0,68.229
1013.0,68.702
1020.0,69.846
1030.0,70.905
1015.0,71.423
1011.0,71.937
793.0,72.73
184.0,72.886
96.0,72.673
565.0,72.768
447.0,72.334
41.0,71.962
4.0,70.816
977.0,71.596
1012.0,71.738
1012.0,72.276
1013.0,72.434
1009.0,72.497
1032.0,71.794
1004.0,70.557
965.0,70.305
933.0,70.43
1017.0,70.763
1049.0,70.594
1054.0,70.627
1054.0,71.346
1052.0,71.667
1044.0,71.44
1015.0,71.647
912.0,71.927
182.0,71.465
22.0,71.362
10.0,71.708
7.0,73.329
18.0,73.591
13.0,72.359
8.0,70.856
17.0,69.463
29.0,68.255
26.0,66.767
20.0,66.118
80.0,66.258
248.0,65.602
559.0,63.123
861.0,61.784
1019.0,61.784
984.0,61.784
990.0,59.682
1023.0,52.056
1037.0,41.223
1038.0,31.847
1057.0,24.417
1059.0,42.009
1037.0,52.025
1018.0,60.015
1047.0,65.407
1009.0,67.659
989.0,68.333
1004.0,68.609
1015.0,69.06
981.0,69.834
588.0,71.156
74.0,71.336
190.0,72.036
63.0,73.072
18.0,73.905
2.0,73.631
966.0,73.471
644.0,73.004
419.0,72.003
292.0,71.488
159.0,71.729
52.0,71.765
43.0,71.515
48.0,71.584
31.0,72.119
49.0,71.151
373.0,69.839
913.0,69.572
1038.0,69.83
1060.0,69.891
1043.0,69.448
1031.0,69.825
927.0,70.491
210.0,70.666
15.0,70.534
17.0,70.594
15.0,71.264
15.0,70.748
11.0,70.795
11.0,71.407
11.0,72.93
16.0,73.173
28.0,72.535
20.0,71.818
212.0,71.268
511.0,70.682
682.0,69.674
727.0,68.729
344.0,68.616
28.0,67.013
84.0,64.764
513.0,63.341
916.0,63.493
986.0,64.474
1042.0,62.733
1087.0,55.043
1172.0,43.151
1140.0,33.615
1191.0,26.763
1130.0,43.169
1056.0,52.617
988.0,59.17
963.0,64.157
995.0,66.66
984.0,67.687
961.0,68.211
679.0,69.832
723.0,70.692
667.0,71.842
109.0,71.774
21.0,72.509
26.0,73.374
35.0,73.968
24.0,73.321
22.0,73.289
22.0,73.315
11.0,72.851
18.0,72.285
36.0,71.869
41.0,71.113
66.0,70.87
416.0,70.563
936.0,71.222
1042.0,70.487
1029.0,70.078
1011.0,70.093
961.0,70.557
327.0,70.752
7.0,69.923
11.0,69.47
5.0,70.293
22.0,70.146
17.0,70.125
24.0,70.266
18.0,70.726
38.0,71.087
322.0,70.709
551.0,71.314
646.0,72.207
670.0,72.911
337.0,72.72
31.0,72.46
43.0,73.039
74.0,72.85
508.0,71.871
1043.0,70.411
1049.0,69.597
1054.0,67.943
1222.0,66.136
1125.0,65.017
1323.0,65.329
1359.0,66.938
1056.0,65.765
978.0,57.759
965.0,45.512
982.0,35.6
1021.0,28.797
979.0,45.077
957.0,54.093
953.0,60.272
560.0,64.492
27.0,66.759
57.0,67.786
22.0,68.694
34.0,70.843
28.0,72.276
28.0,73.042
4.0,73.112
35.0,73.592
35.0,73.967
35.0,74.208
74.0,74.096
548.0,73.955
988.0,74.233
1026.0,73.679
1038.0,73.608
1003.0,72.811
935.0,71.531
341.0,70.389
8.0,70.066
21.0,70.499
16.0,70.699
15.0,70.58
18.0,71.042
23.0,72.362
35.0,72.192
36.0,71.195
36.0,70.796
129.0,70.369
281.0,69.788
507.0,69.551
697.0,69.933
739.0,70.913
734.0,71.009
776.0,71.034
904.0,71.547
972.0,71.93
1017.0,72.274
1025.0,72.375
1045.0,72.998
1191.0,73.528
1551.0,73.676
1297.0,72.69
1248.0,71.29
1351.0,70.125
1375.0,68.649
1025.0,67.539
955.0,67.142
967.0,67.977
987.0,69.517
995.0,68.649
991.0,60.462
888.0,47.497
346.0,37.309
76.0,30.175
10.0,46.25
877.0,55.465
785.0,61.524
682.0,65.392
176.0,67.267
13.0,68.61
21.0,69.608
21.0,71.012
29.0,72.023
36.0,72.695
92.0,73.014
656.0,73.848
1009.0,74.065
1039.0,74.055
1054.0,73.969
1035.0,74.233
1018.0,74.202
699.0,74.0
111.0,73.873
4.0,73.153
8.0,71.011
7.0,70.113
6.0,68.908
19.0,69.797
18.0,69.622
38.0,70.233
39.0,71.075
94.0,72.634
583.0,72.846
951.0,72.262
919.0,71.473
748.0,70.451
659.0,69.611
645.0,68.988
716.0,69.04
939.0,69.98
1027.0,70.342
1029.0,70.977
1011.0,71.464
1056.0,72.05
1205.0,71.825
1253.0,72.184
1030.0,72.175
1070.0,72.407
1502.0,72.853
1671.0,72.371
1050.0,71.354
960.0,70.043
955.0,68.907
983.0,68.26
975.0,67.805
966.0,68.691
887.0,70.72
348.0,70.19
111.0,61.248
123.0,47.519
78.0,36.66
75.0,30.205
53.0,47.22
36.0,56.574
16.0,62.007
7.0,66.101
23.0,67.884
28.0,68.466
20.0,69.092
75.0,70.096
622.0,70.55
1008.0,71.395
1057.0,72.043
1049.0,73.345
1044.0,73.614
1039.0,74.127
863.0,74.233
207.0,74.122
13.0,74.119
1.0,74.233
5.0,73.384
9.0,72.435
16.0,70.532
30.0,69.726
45.0,69.21
301.0,68.876
843.0,68.863
1057.0,69.266
1067.0,70.033
955.0,71.115
963.0,71.475
1076.0,71.532
996.0,71.544
743.0,71.297
201.0,70.591
474.0,69.526
984.0,69.056
1006.0,69.816
1074.0,70.43
1335.0,70.719
1244.0,71.441
1038.0,72.246
1063.0,72.444
1737.0,72.193
1731.0,72.184
1036.0,72.179
1000.0,72.933
977.0,73.055
999.0,72.45
966.0,71.153
968.0,69.608
792.0,68.66
391.0,68.399
68.0,69.009
65.0,71.169
55.0,70.693
50.0,61.488
51.0,45.95
37.0,34.957
27.0,47.008
17.0,55.985
21.0,61.315
21.0,65.22
17.0,67.997
117.0,68.399
829.0,68.649
1054.0,69.05
1044.0,70.184
1047.0,71.223
1056.0,71.705
1048.0,73.025
969.0,73.757
471.0,74.029
53.0,73.752
11.0,73.878
20.0,73.377
21.0,73.344
11.0,72.766
42.0,71.908
465.0,70.863
1017.0,70.768
1043.0,70.311
1058.0,70.13
1053.0,69.07
972.0,69.366
1027.0,69.43
1177.0,70.209
1148.0,69.977
1021.0,70.413
1029.0,70.739
1012.0,71.525
1020.0,71.399
1019.0,70.462
1103.0,69.942
1575.0,70.788
1317.0,71.255
1155.0,71.309
1367.0,72.147
1883.0,72.795
1324.0,72.985
993.0,72.513
970.0,72.02
969.0,72.445
981.0,73.139
986.0,73.162
679.0,73.008
149.0,72.333
64.0,70.893
1.0,69.695
365.0,68.909
104.0,69.215
64.0,71.34
31.0,70.336
31.0,59.907
49.0,44.349
73.0,33.062
83.0,47.078
121.0,55.264
444.0,60.612
942.0,64.601
1062.0,67.806
1036.0,69.522
1040.0,69.958
1049.0,70.222
1065.0,70.772
1068.0,71.545
1031.0,72.399
926.0,73.174
331.0,73.597
34.0,73.882
34.0,73.559
25.0,73.218
99.0,72.808
726.0,72.232
1068.0,71.939
1042.0,71.672
1046.0,71.357
1043.0,72.054
1055.0,71.595
1057.0,71.011
1095.0,70.193
1152.0,70.006
1082.0,69.776
1022.0,69.658
1023.0,69.597
1026.0,69.976
1036.0,71.063
1034.0,71.906
1053.0,71.823
1347.0,71.217
1313.0,71.304
1447.0,71.935
1501.0,71.931
1283.0,71.841
1023.0,72.549
991.0,72.704
980.0,72.422
996.0,71.743
984.0,71.788
882.0,72.174
662.0,72.742
236.0,73.522
30.0,73.051
1412.0,72.587
1277.0,71.593
1038.0,70.401
1014.0,69.423
1032.0,69.799
1018.0,71.138
1002.0,68.649
1026.0,58.153
989.0,42.856
1000.0,47.792
1018.0,55.597
1036.0,60.245
1040.0,64.27
1031.0,67.917
1035.0,70.776
1050.0,71.944
1064.0,71.621
1046.0,71.608
1009.0,71.998
968.0,72.671
579.0,72.667
157.0,73.428
120.0,73.552
683.0,73.54
1047.0,72.869
1058.0,71.996
1044.0,71.714
1051.0,71.516
1048.0,70.73
1049.0,71.0
1051.0,71.735
1082.0,72.173
1112.0,71.516
1066.0,71.204
1030.0,70.758
1029.0,70.877
1033.0,70.831
1058.0,70.772
1058.0,71.162
1043.0,72.106
1165.0,72.778
1367.0,72.425
1172.0,72.435
1080.0,72.68
1029.0,72.711
988.0,72.69
981.0,72.795
997.0,72.633
986.0,73.202
1010.0,71.975
947.0,71.209
459.0,70.855
45.0,71.806
1219.0,72.362
1060.0,72.956
1015.0,73.105
992.0,73.185
992.0,72.626
1002.0,71.62
1010.0,70.026
1039.0,69.196
1039.0,68.649
1037.0,65.255
1055.0,55.082
1040.0,41.6
1033.0,48.257
1031.0,55.673
1026.0,59.532
1043.0,63.967
1034.0,68.264
1017.0,71.614
1005.0,72.825
997.0,72.888
1005.0,71.842
1022.0,71.919
1027.0,72.598
1008.0,72.519
1056.0,72.413
1053.0,72.55
1043.0,71.909
1047.0,71.64
1052.0,71.402
1052.0,71.167
1055.0,71.103
1069.0,71.139
1085.0,71.178
1055.0,71.373
1043.0,71.351
1044.0,71.818
1034.0,71.559
1035.0,71.594
1041.0,72.058
1048.0,72.306
1060.0,72.668
1052.0,72.89
1037.0,73.439
1016.0,73.708
989.0,73.32
987.0,73.21
999.0,73.179
1027.0,73.32
993.0,73.663
909.0,73.669
275.0,73.635
1245.0,73.503
1344.0,72.348
1429.0,70.53
1260.0,70.115
1209.0,71.265
1187.0,72.162
1171.0,72.689
1178.0,72.883
1122.0,73.231
1095.0,73.967
1049.0,73.176
1086.0,70.612
1067.0,66.791
1063.0,64.027
1055.0,59.103
1067.0,49.442
1066.0,49.019
1058.0,55.771
1033.0,59.137
1042.0,63.192
1010.0,67.663
1003.0,71.351
999.0,73.384
1047.0,73.165
1051.0,72.546
1047.0,71.945
1046.0,72.585
1053.0,71.91
1049.0,72.037
1055.0,71.227
1045.0,71.192
1051.0,70.862
1066.0,70.767
1047.0,70.499
1038.0,70.943
1042.0,71.089
1038.0,70.873
1035.0,70.882
1035.0,71.402
1046.0,72.099
1071.0,72.194
1049.0,72.108
1021.0,72.313
1013.0,73.057
1003.0,73.422
989.0,74.004
1014.0,73.886
1020.0,73.948
1002.0,73.379
571.0,73.384
46.0,73.863
1025.0,73.61
1042.0,73.923
1024.0,73.907
1030.0,73.857
1024.0,73.546
1035.0,72.906
1045.0,71.742
1047.0,71.643
1053.0,72.145
1065.0,72.682
1055.0,73.218
1035.0,73.143
1054.0,72.983
1072.0,73.562
1066.0,72.611
1089.0,68.649
1089.0,63.227
1080.0,58.395
1063.0,52.599
1060.0,43.347
1064.0,48.834
1026.0,55.676
1020.0,58.568
1022.0,62.353
1030.0,67.135
1047.0,71.36
1046.0,73.228
1055.0,73.526
1050.0,72.647
1058.0,72.639
1056.0,72.369
1051.0,71.621
1063.0,70.928
1052.0,69.824
1041.0,69.802
1041.0,70.178
1045.0,69.786
1045.0,69.737
1052.0,70.329
1057.0,71.515
1056.0,71.135
1058.0,71.361
1048.0,71.604
1046.0,72.583
1020.0,72.891
1014.0,72.661
997.0,72.844
986.0,73.043
921.0,73.398
320.0,73.884
974.0,73.968
1034.0,73.511
1029.0,73.385
1039.0,73.197
1040.0,73.31
1038.0,73.567
1029.0,74.07
1051.0,73.568
1047.0,73.887
1041.0,74.016
973.0,73.936
978.0,73.458
1050.0,72.891
1068.0,73.07
1065.0,73.571
1085.0,73.286
1079.0,72.195
1047.0,71.034
1055.0,70.989
1075.0,69.658
1066.0,64.323
1067.0,57.668
1033.0,52.257
1028.0,47.482
1043.0,54.919
1037.0,58.324
1033.0,62.559
1046.0,66.918
1048.0,70.891
1049.0,73.24
1054.0,73.695
1048.0,73.04
1056.0,72.827
1046.0,72.199
1039.0,71.641
1031.0,70.542
1038.0,68.881
1038.0,68.649
1035.0,69.079
1052.0,68.873
1058.0,69.214
1050.0,70.232
1043.0,71.574
1039.0,71.905
1007.0,71.507
1000.0,71.956
972.0,72.697
724.0,72.964
275.0,72.766
5.0,72.723
1016.0,73.101
1012.0,73.273
1012.0,73.522
987.0,73.602
1016.0,73.626
1051.0,73.217
1058.0,73.214
1036.0,73.049
994.0,73.958
944.0,74.018
925.0,74.069
948.0,74.057
945.0,73.979
957.0,74.233
1022.0,73.987
1083.0,73.442
1056.0,73.589
1087.0,73.167
1074.0,72.076
1081.0,69.268
1056.0,66.267
1053.0,64.375
1060.0,61.624
1046.0,56.577
1040.0,42.559
1032.0,52.615
1047.0,58.413
1059.0,62.798
1059.0,67.48
1056.0,71.332
1054.0,73.626
1051.0,74.233
1056.0,73.612
1050.0,73.166
1044.0,72.772
1049.0,71.655
1041.0,70.521
1039.0,68.941
1044.0,68.693
1050.0,68.664
1061.0,68.9
1056.0,69.257
1046.0,70.253
1005.0,71.436
999.0,71.784
891.0,71.901
381.0,72.526
33.0,73.197
8.0,73.397
1008.0,73.01
1018.0,73.251
1025.0,73.49
1022.0,73.868
1018.0,73.75
1029.0,73.747
1034.0,73.788
1036.0,73.154
1037.0,73.567
1037.0,73.515
1030.0,74.002
1034.0,74.004
1059.0,73.962
1059.0,73.742
1159.0,73.524
1793.0,73.751
2294.0,73.219
2312.0,72.815
2289.0,72.256
2212.0,70.519
1938.0,67.414
1554.0,62.414
1187.0,56.489
1072.0,36.184
1072.0,48.186
1062.0,56.384
1071.0,61.784
1080.0,66.857
1099.0,70.288
1110.0,73.132
1074.0,73.921
1059.0,73.463
1068.0,72.672
1050.0,72.069
1044.0,71.227
1050.0,70.573
1048.0,69.529
1045.0,69.525
1039.0,69.015
1047.0,68.864
1047.0,68.719
1000.0,69.943
978.0,70.525
961.0,71.578
642.0,72.152
234.0,72.817
19.0,73.445
6.0,73.761
1011.0,73.012
1048.0,73.367
1042.0,73.718
1045.0,74.175
1037.0,74.023
1055.0,73.993
1048.0,74.068
1052.0,73.976
1050.0,73.757
1045.0,73.782
1040.0,73.817
1075.0,73.455
1450.0,72.811
2084.0,72.069
1544.0,71.131
1428.0,70.482
1451.0,69.349
1405.0,67.951
1424.0,65.592
1686.0,62.278
1381.0,31.758
1305.0,44.275
1931.0,52.66
2210.0,57.685
1966.0,62.284
1545.0,66.115
1646.0,69.863
1946.0,71.814
2152.0,71.991
2230.0,71.205
1812.0,71.155
1130.0,70.928
1057.0,70.271
1056.0,70.293
1045.0,69.785
1028.0,69.798
1013.0,69.199
1035.0,68.72
999.0,69.46
995.0,70.158
1016.0,70.469
892.0,71.309
467.0,72.526
127.0,73.603
98.0,73.452
1021.0,72.732
1035.0,72.67
1045.0,73.307
1037.0,74.233
1031.0,74.152
1022.0,74.04
1052.0,74.002
1061.0,73.34
1074.0,72.891
1245.0,72.66
1941.0,72.135
1917.0,70.771
1525.0,68.649
1501.0,66.804
1486.0,64.937
1499.0,62.558
1577.0,59.725
1631.0,28.386
1883.0,39.623
2008.0,47.073
1976.0,51.573
1945.0,55.658
1710.0,59.636
1728.0,63.87
1956.0,67.467
2016.0,68.756
2203.0,68.649
2369.0,69.308
2311.0,69.546
2170.0,70.063
1637.0,70.026
1067.0,70.121
1016.0,70.253
1050.0,69.479
1041.0,69.409
1001.0,69.53
998.0,69.26
982.0,69.184
818.0,70.067
694.0,71.223
301.0,72.142
24.0,71.248
3.0,69.158
1029.0,69.391
1043.0,71.042
1041.0,72.571
1049.0,72.673
1037.0,72.25
1043.0,71.251
1045.0,70.204
1272.0,68.428
2051.0,67.506
1680.0,65.444
1247.0,61.862
1165.0,57.058
1126.0,24.922
1107.0,35.852
1064.0,43.001
1053.0,47.257
1077.0,50.606
1098.0,53.669
1087.0,58.013
1080.0,61.582
1094.0,63.557
1084.0,64.083
1074.0,65.167
1103.0,66.336
1105.0,68.149
1097.0,68.466
1077.0,68.811
1096.0,68.649
1099.0,68.568
1061.0,68.712
1032.0,68.526
1003.0,67.212
994.0,65.949
1018.0,65.713
1012.0,66.559
861.0,66.309
397.0,64.611
260.0,62.563
68.0,62.748
4.0,64.977
1032.0,66.402
1074.0,66.581
1071.0,65.303
1028.0,63.212
1020.0,21.315
1039.0,32.005
1084.0,40.078
1092.0,44.936
1068.0,48.001
1044.0,50.2
1053.0,53.087
1070.0,55.616
1057.0,56.82
1047.0,56.607
1056.0,57.748
1057.0,60.238
1071.0,61.812
1060.0,62.641
1061.0,62.817
1079.0,63.22
1082.0,62.154
1084.0,61.841
1078.0,60.694
1062.0,59.056
1052.0,56.802
1047.0,55.06
1035.0,54.512
1007.0,54.134
1003.0,52.701
986.0,16.857
871.0,27.275
798.0,36.24
837.0,42.097
592.0,44.683
108.0,45.974
18.0,48.031
1023.0,50.042
1047.0,50.691
1060.0,50.387
1060.0,50.311
1062.0,50.881
1069.0,51.464
1041.0,51.589
1038.0,50.929
1052.0,50.275
1056.0,48.505
1060.0,47.143
1055.0,45.603
1044.0,13.621
1020.0,22.969
1037.0,32.118
1006.0,36.893
991.0,37.918
1016.0,37.027
1026.0,38.16
1032.0,40.343
1028.0,42.236
1027.0,11.144
986.0,18.412
980.0,24.756
983.0,27.12
929.0,26.207
695.0,24.662
211.0,7.998
99.0,14.406
268.0,23.21
92.0,31.741
17.0,36.749
3.0,9.392
1070.0,17.513
1346.0,28.323
1140.0,37.801
1064.0,43.614
1020.0,46.755
973.0,47.791
979.0,47.091
970.0,11.682
995.0,20.742
1015.0,31.528
1012.0,41.47
1018.0,48.15
1027.0,51.679
1036.0,52.603
1032.0,52.707
1023.0,52.623
996.0,51.665
935.0,49.271
810.0,45.626
613.0,39.723
449.0,15.074
472.0,25.524
382.0,36.185
463.0,44.987
131.0,52.01
26.0,55.495
15.0,56.338
11.0,56.268
13.0,55.828
11.0,54.918
8.0,53.677
5.0,50.477
2193.0,44.949
1820.0,39.251
1100.0,34.764
985.0,33.866
996.0,34.812
1031.0,19.224
1001.0,31.341
818.0,41.702
449.0,49.414
272.0,54.73
140.0,57.584
62.0,57.408
64.0,57.217
31.0,56.666
134.0,56.684
656.0,55.857
732.0,53.266
345.0,49.173
33.0,44.863
14.0,42.093
5.0,41.76
10.0,43.952
1.0,46.686
2.0,47.851
5.0,48.262
1040.0,24.224
1044.0,37.433
975.0,47.816
733.0,54.059
211.0,58.227
49.0,59.451
41.0,58.47
28.0,57.96
242.0,58.273
443.0,58.709
510.0,59.191
221.0,57.613
44.0,55.291
23.0,52.315
13.0,49.957
6.0,50.637
10.0,53.44
5.0,57.088
403.0,59.007
552.0,60.132
442.0,59.98
107.0,58.364
156.0,56.556
177.0,28.968
59.0,42.981
18.0,52.617
21.0,58.791
9.0,62.689
15.0,62.975
7.0,61.752
279.0,61.775
524.0,62.863
414.0,63.765
103.0,64.086
18.0,63.739
15.0,62.261
18.0,60.185
965.0,58.812
1037.0,59.503
777.0,62.408
203.0,65.15
23.0,66.528
13.0,67.514
48.0,67.312
113.0,65.216
177.0,63.473
303.0,62.267
136.0,61.255
528.0,31.75
397.0,45.978
95.0,55.316
1056.0,61.784
995.0,65.817
984.0,67.025
1021.0,66.215
1031.0,66.347
967.0,67.568
783.0,68.267
579.0,68.466
350.0,68.477
185.0,67.853
110.0,66.602
60.0,65.708
44.0,66.808
41.0,68.668
53.0,69.361
211.0,69.896
141.0,70.24
458.0,70.146
186.0,68.899
12.0,67.448
8.0,67.104
1064.0,66.488
1035.0,65.993
983.0,65.466
949.0,64.568
937.0,33.757
935.0,46.988
953.0,56.482
969.0,62.789
978.0,67.227
987.0,68.836
968.0,68.901
976.0,69.161
1005.0,70.018
1032.0,70.427
1003.0,70.723
971.0,70.709
854.0,70.453
538.0,69.942
240.0,69.858
93.0,70.756
95.0,72.02
208.0,71.817
10.0,70.728
5.0,70.659
8.0,70.831
8.0,69.563
1072.0,68.649
1036.0,68.63
1052.0,68.762
1058.0,68.933
1056.0,69.471
1049.0,70.194
1031.0,69.399
1049.0,67.804
1055.0,67.698
1061.0,67.925
1074.0,67.785
1070.0,66.375
1059.0,65.592
1044.0,65.07
1024.0,62.454
1039.0,34.957
1064.0,48.0
1063.0,57.109
1048.0,63.432
1023.0,67.564
999.0,69.203
891.0,69.478
500.0,69.813
423.0,70.952
435.0,71.567
351.0,71.305
42.0,71.841
1064.0,71.523
1035.0,71.276
1046.0,71.201
1044.0,72.431
1048.0,73.136
1046.0,72.335
1042.0,71.131
1051.0,70.588
1072.0,70.584
1090.0,69.683
1093.0,68.985
1086.0,69.028
1079.0,69.152
1085.0,69.457
1136.0,70.86
1128.0,71.727
1098.0,71.209
1100.0,69.857
1095.0,69.851
1054.0,70.837
1052.0,70.664
1058.0,69.809
1042.0,69.279
1006.0,69.432
1007.0,69.19
953.0,68.305
648.0,67.493
234.0,66.959
249.0,64.482
127.0,62.112
1018.0,58.535
1003.0,56.15
1002.0,52.742
996.0,48.705
994.0,46.935
1037.0,46.675
1196.0,44.88
1802.0,36.401
2155.0,49.509
2214.0,59.087
2207.0,64.626
2270.0,67.635
2399.0,68.747
2343.0,69.076
2208.0,69.964
2244.0,71.105
2395.0,71.803
2492.0,72.172
2630.0,72.225
2616.0,72.016
2374.0,71.186
2122.0,71.041
1883.0,71.871
1942.0,73.049
2133.0,72.517
1873.0,71.087
1185.0,70.61
992.0,70.019
703.0,69.453
136.0,68.849
259.0,69.268
322.0,69.186
173.0,69.321
132.0,70.5
980.0,71.554
974.0,71.536
998.0,70.35
1015.0,70.124
1035.0,71.702
1019.0,71.738
998.0,70.947
1019.0,70.88
1050.0,71.807
1132.0,72.283
1315.0,72.046
1266.0,71.73
1072.0,71.554
1012.0,70.208
1039.0,67.267
1033.0,64.163
1145.0,61.32
1496.0,57.43
1849.0,54.018
1989.0,53.575
1777.0,54.202
1748.0,52.755
1816.0,49.986
1948.0,49.107
1894.0,49.404
1382.0,38.16
1063.0,50.902
1069.0,60.355
1030.0,65.304
975.0,67.792
841.0,68.525
409.0,68.837
109.0,70.085
127.0,71.091
364.0,72.097
858.0,72.519
751.0,72.897
998.0,72.562
997.0,71.262
1042.0,70.834
1038.0,71.881
1039.0,72.451
1047.0,71.765
1037.0,70.754
1023.0,70.26
965.0,69.986
951.0,69.64
966.0,69.436
969.0,69.421
1002.0,69.292
1027.0,69.439
1050.0,70.102
1061.0,71.465
1069.0,71.311
1061.0,70.712
1059.0,70.918
1074.0,72.498
1077.0,72.866
1070.0,72.044
1081.0,72.32
1073.0,73.406
1061.0,73.766
1059.0,73.318
1064.0,73.498
1036.0,73.671
1023.0,72.449
1004.0,70.562
1023.0,67.749
1036.0,65.016
1009.0,61.784
985.0,58.516
810.0,57.689
256.0,58.522
61.0,57.486
248.0,55.638
519.0,55.724
368.0,56.364
315.0,55.725
22.0,53.421
1027.0,47.047
1042.0,39.368
1057.0,51.766
1041.0,60.732
1043.0,66.052
1046.0,67.967
1047.0,68.711
1048.0,68.851
1010.0,70.204
967.0,70.983
1022.0,71.867
1038.0,72.6
1031.0,72.999
1039.0,72.561
1036.0,72.377
1055.0,72.157
1070.0,72.385
1073.0,72.172
1056.0,71.439
1060.0,70.379
1061.0,70.002
1069.0,69.997
1044.0,69.794
1036.0,69.484
1034.0,69.438
1045.0,69.36
1054.0,69.326
1043.0,70.404
1044.0,71.69
1057.0,71.868
1057.0,71.468
1066.0,72.097
1060.0,73.115
1027.0,73.185
1033.0,72.719
1031.0,73.102
1000.0,74.233
722.0,74.064
278.0,73.24
44.0,72.939
136.0,73.777
586.0,73.317
250.0,71.709
35.0,69.665
1031.0,67.903
1049.0,65.679
1047.0,62.751
1038.0,61.784
1042.0,62.182
1028.0,61.784
1043.0,59.649
1053.0,59.513
1039.0,60.205
1051.0,60.336
1066.0,58.535
1074.0,52.225
1049.0,42.561
1044.0,40.139
1046.0,52.183
1038.0,60.996
1044.0,65.457
1057.0,68.457
1056.0,69.06
1039.0,70.033
1036.0,70.936
1037.0,72.265
1033.0,72.662
1033.0,72.642
1039.0,73.256
1045.0,73.192
1041.0,73.892
1034.0,73.61
1030.0,73.559
1042.0,73.033
1047.0,71.992
1057.0,70.408
1065.0,70.526
1053.0,70.374
1051.0,70.317
1046.0,70.126
992.0,70.234
1022.0,69.98
1027.0,70.115
1014.0,70.865
970.0,71.54
772.0,71.979
418.0,72.048
217.0,72.513
377.0,72.942
330.0,72.97
26.0,72.517
1050.0,72.691
1036.0,73.372
1055.0,73.312
1051.0,72.22
1048.0,72.239
1041.0,72.869
1027.0,73.166
1048.0,72.185
1060.0,71.085
1059.0,69.947
1056.0,69.231
1063.0,67.857
1047.0,66.565
1036.0,66.415
1037.0,65.646
1039.0,63.518
1035.0,62.69
988.0,62.918
985.0,63.207
956.0,62.322
959.0,56.615
1006.0,46.762
1029.0,37.347
1008.0,29.089
1028.0,22.741
1034.0,41.393
1036.0,52.722
1029.0,61.079
1040.0,65.95
1042.0,68.491
1040.0,69.783
1053.0,70.156
1074.0,70.807
1051.0,71.802
1039.0,72.193
1041.0,72.266
1042.0,72.513
1047.0,72.941
1053.0,73.968
1040.0,74.233
1023.0,73.454
1009.0,72.601
1019.0,71.662
1001.0,70.835
717.0,71.021
391.0,70.99
261.0,70.763
655.0,71.021
334.0,71.193
2.0,71.091
1398.0,70.362
1383.0,69.89
1272.0,70.652
1141.0,70.812
1050.0,70.838
1022.0,71.06
1021.0,71.534
1029.0,71.648
1041.0,71.47
1045.0,71.247
1030.0,71.944
1005.0,71.232
1028.0,71.043
1037.0,71.393
1029.0,72.848
1040.0,73.007
1031.0,72.448
905.0,71.623
488.0,71.271
62.0,70.897
10.0,70.283
24.0,69.233
27.0,69.277
123.0,68.108
701.0,66.031
965.0,64.644
1034.0,64.683
1033.0,65.387
1037.0,65.905
1029.0,60.299
1027.0,49.97
1049.0,39.857
1072.0,31.688
1044.0,26.226
1035.0,23.479
1042.0,42.668
1038.0,52.107
1042.0,59.808
1047.0,65.235
1049.0,67.939
1031.0,69.486
1022.0,69.913
1039.0,70.442
984.0,70.652
980.0,71.225
1013.0,71.201
728.0,71.773
137.0,72.985
53.0,73.323
31.0,73.812
118.0,73.153
21.0,72.656
1035.0,71.882
1028.0,71.391
1028.0,71.693
1019.0,71.435
1017.0,71.441
1005.0,71.291
1016.0,71.89
1016.0,70.703
1027.0,70.358
1051.0,69.601
1065.0,69.982
1063.0,70.2
1065.0,69.453
1014.0,69.841
789.0,70.251
569.0,70.547
618.0,70.378
66.0,70.331
21.0,70.501
10.0,70.152
7.0,69.497
4.0,70.528
1.0,72.414
52.0,72.942
67.0,72.417
178.0,71.716
553.0,71.918
884.0,71.995
1032.0,71.042
1071.0,70.545
1061.0,70.766
1005.0,69.837
1019.0,68.204
1004.0,66.68
998.0,66.737
1048.0,68.461
1067.0,69.159
1045.0,63.654
1014.0,52.232
997.0,41.257
1023.0,32.753
974.0,28.398
974.0,26.943
1021.0,44.208
974.0,52.461
974.0,58.904
727.0,63.866
195.0,67.243
143.0,68.856
33.0,69.602
175.0,70.487
25.0,70.814
6.0,71.498
1055.0,71.362
1052.0,72.27
1032.0,72.714
1009.0,73.571
986.0,73.404
544.0,72.632
84.0,72.479
37.0,72.479
37.0,71.939
175.0,72.087
465.0,71.632
702.0,71.181
672.0,70.659
358.0,71.281
101.0,71.149
165.0,70.507
757.0,70.181
160.0,70.23
11.0,70.128
9.0,69.708
9.0,69.39
7.0,69.902
5.0,69.65
33.0,69.926
26.0,70.042
18.0,70.16
28.0,69.683
39.0,69.594
90.0,70.596
346.0,71.921
783.0,72.29
900.0,72.212
999.0,72.293
1028.0,72.659
1008.0,72.594
1003.0,71.712
1033.0,71.21
1041.0,71.677
1055.0,71.408
1046.0,70.128
1112.0,68.761
1035.0,68.649
991.0,70.961
985.0,71.664
975.0,65.682
1009.0,53.466
1019.0,42.311
1006.0,33.551
834.0,29.527
903.0,28.028
801.0,45.2
678.0,53.343
88.0,59.014
1361.0,63.04
1188.0,65.876
1056.0,67.902
850.0,69.279
205.0,70.304
10.0,71.749
13.0,72.392
15.0,72.484
31.0,72.933
34.0,73.027
28.0,73.318
41.0,73.197
40.0,72.693
49.0,72.585
138.0,72.729
641.0,72.56
1010.0,72.456
775.0,71.653
92.0,70.546
22.0,70.587
23.0,70.561
12.0,70.534
2.0,70.623
1.0,71.238
22.0,71.555
15.0,71.388
2.0,70.163
5.0,69.723
14.0,69.546
56.0,69.002
125.0,69.069
79.0,69.284
68.0,69.833
371.0,70.303
799.0,70.393
966.0,70.778
1038.0,71.889
1041.0,72.035
1169.0,72.153
1156.0,72.391
1403.0,73.243
1462.0,73.467
1082.0,72.739
1057.0,71.624
1016.0,71.253
999.0,71.124
985.0,70.589
1014.0,70.133
1002.0,70.483
998.0,72.438
1001.0,73.115
794.0,66.851
198.0,54.65
23.0,43.053
63.0,33.982
49.0,29.99
46.0,28.956
35.0,45.907
14.0,55.329
4.0,61.198
27.0,64.448
30.0,66.714
24.0,68.456
21.0,69.722
33.0,70.444
36.0,71.388
65.0,71.843
379.0,72.491
918.0,72.959
1025.0,73.483
1044.0,73.62
876.0,73.463
418.0,73.006
79.0,73.233
22.0,72.932
11.0,72.532
22.0,71.733
5.0,70.797
9.0,69.932
7.0,69.415
6.0,69.727
8.0,69.882
9.0,70.677
189.0,71.538
690.0,72.07
109.0,72.23
11.0,71.484
53.0,70.629
44.0,70.228
168.0,69.645
750.0,68.939
1036.0,68.904
1069.0,69.593
1053.0,69.841
1063.0,70.303
1186.0,70.863
1279.0,71.391
1287.0,71.872
1184.0,72.038
1051.0,72.394
1048.0,72.752
1052.0,72.932
1037.0,72.611
1010.0,71.442
1013.0,70.555
1031.0,69.784
1016.0,70.139
981.0,69.671
504.0,70.401
19.0,72.607
64.0,73.309
38.0,66.715
34.0,54.24
33.0,42.717
32.0,34.461
14.0,31.372
16.0,47.545
33.0,57.468
34.0,62.939
27.0,66.332
44.0,68.165
58.0,69.443
218.0,70.051
774.0,70.194
1012.0,70.405
1032.0,70.827
1043.0,71.616
1025.0,73.337
972.0,73.18
455.0,73.609
61.0,73.299
17.0,73.555
33.0,73.494
21.0,73.355
20.0,72.602
24.0,71.843
27.0,70.278
35.0,69.803
151.0,69.081
648.0,69.721
609.0,69.782
759.0,70.596
1037.0,70.935
1044.0,71.863
1062.0,71.965
1039.0,71.565
1006.0,71.07
1042.0,70.677
1073.0,70.024
1053.0,69.367
989.0,68.968
969.0,69.673
995.0,70.123
1028.0,70.31
1142.0,70.996
1309.0,71.932
1081.0,71.956
1068.0,71.982
1062.0,71.759
1046.0,72.355
1032.0,72.37
1033.0,72.405
1013.0,71.306
986.0,70.76
664.0,69.81
101.0,69.652
36.0,69.023
1203.0,69.642
949.0,72.41
275.0,73.45
6.0,66.168
13.0,53.13
14.0,41.514
13.0,33.957
17.0,31.643
19.0,48.955
33.0,58.252
38.0,63.092
53.0,66.246
216.0,68.151
792.0,69.432
1027.0,69.796
1028.0,69.683
1040.0,69.897
1018.0,71.086
943.0,71.64
458.0,73.111
67.0,73.165
16.0,73.515
19.0,73.59
14.0,73.44
30.0,73.36
33.0,73.231
43.0,72.83
100.0,71.762
469.0,70.801
991.0,70.153
930.0,70.086
902.0,69.822
964.0,70.008
1009.0,70.308
1037.0,70.256
1035.0,70.854
1031.0,70.609
1041.0,71.133
1080.0,71.239
1079.0,71.248
1009.0,71.362
965.0,70.352
977.0,70.289
990.0,70.978
1032.0,71.301
1078.0,71.018
1049.0,71.758
1039.0,72.323
1043.0,72.408
1038.0,72.318
1051.0,72.264
1024.0,72.322
993.0,71.837
959.0,72.293
765.0,72.072
209.0,71.495
23.0,70.81
885.0,69.671
396.0,69.051
68.0,69.476
50.0,72.587
28.0,73.553
17.0,65.723
17.0,51.527
19.0,39.724
19.0,32.669
28.0,30.686
26.0,49.184
25.0,57.985
35.0,62.596
82.0,65.351
436.0,67.715
923.0,69.93
1031.0,70.488
1032.0,70.446
1007.0,70.147
916.0,71.582
417.0,72.227
68.0,73.191
25.0,73.561
24.0,74.233
40.0,73.588
50.0,73.448
297.0,73.202
880.0,73.019
1036.0,72.456
1025.0,71.746
993.0,71.344
862.0,71.667
539.0,71.532
359.0,71.421
239.0,70.765
348.0,71.009
887.0,70.527
1048.0,70.398
1047.0,70.141
1054.0,70.453
1058.0,71.195
1029.0,72.041
990.0,72.14
993.0,71.42
995.0,71.583
1016.0,72.486
1020.0,72.097
1011.0,72.22
1018.0,72.245
1037.0,72.993
995.0,72.875
973.0,72.313
984.0,72.055
970.0,71.83
669.0,71.988
392.0,72.381
70.0,72.509
60.0,72.262
60.0,71.516
64.0,70.536
64.0,69.704
38.0,70.254
9.0,72.889
13.0,72.697
30.0,64.114
31.0,50.304
21.0,39.529
11.0,33.126
57.0,49.488
297.0,57.57
799.0,61.717
996.0,64.947
1038.0,67.646
1072.0,70.743
1067.0,72.03
1018.0,71.723
993.0,71.03
763.0,71.629
389.0,71.925
137.0,72.435
61.0,73.083
217.0,73.286
824.0,73.067
1035.0,72.713
1037.0,72.649
1031.0,72.276
1016.0,72.397
996.0,71.713
966.0,71.569
1031.0,71.605
1033.0,71.592
1009.0,71.415
1024.0,71.178
997.0,71.346
1014.0,71.398
1021.0,70.738
1029.0,70.554
1033.0,70.805
983.0,71.806
952.0,72.604
983.0,72.771
1035.0,72.147
1056.0,72.537
1021.0,72.855
1007.0,73.205
1021.0,72.962
1016.0,72.877
971.0,73.027
968.0,72.429
995.0,71.454
628.0,71.463
393.0,71.895
532.0,72.201
65.0,72.292
297.0,72.129
389.0,71.994
559.0,72.372
504.0,71.912
266.0,71.05
106.0,71.332
41.0,72.609
27.0,70.943
28.0,62.142
24.0,49.032
208.0,39.649
833.0,34.378
1020.0,49.388
1033.0,57.01
1052.0,60.343
1048.0,64.002
1054.0,67.928
1037.0,71.482
1031.0,73.076
1011.0,73.111
1024.0,72.146
914.0,72.029
677.0,71.99
840.0,72.417
993.0,72.418
1039.0,72.29
1038.0,72.016
1043.0,71.831
1040.0,72.178
1035.0,71.921
1011.0,72.026
1023.0,71.407
1099.0,71.258
1092.0,70.952
1024.0,70.955
1033.0,71.401
1030.0,71.709
1039.0,71.947
1026.0,72.389
1075.0,72.354
1297.0,72.604
1144.0,73.023
1072.0,73.182
1076.0,73.356
1223.0,73.401
1160.0,73.203
1014.0,73.319
985.0,73.862
1010.0,73.719
996.0,73.777
963.0,73.59
958.0,73.316
800.0,71.882
581.0,71.309
636.0,71.125
88.0,72.047
1022.0,72.361
1058.0,72.569
1135.0,72.385
1088.0,72.481
1019.0,73.303
1006.0,73.727
967.0,72.239
886.0,70.454
813.0,69.759
946.0,66.438
1047.0,57.106
1056.0,44.893
1036.0,37.418
1039.0,33.398
1046.0,49.554
1042.0,55.903
1045.0,59.183
1042.0,62.927
1020.0,66.92
1033.0,71.163
1052.0,73.386
1031.0,73.029
1041.0,71.938
998.0,71.894
1029.0,71.786
1045.0,71.582
1047.0,71.585
1042.0,71.136
1040.0,70.819
1035.0,71.131
1030.0,71.264
1045.0,71.396
1091.0,71.631
1067.0,72.037
1031.0,71.568
1034.0,71.151
1037.0,71.768
1048.0,71.972
1062.0,72.728
1217.0,73.002
1491.0,73.386
1559.0,73.619
1668.0,73.639
1583.0,73.823
1488.0,73.69
1134.0,73.905
977.0,73.286
991.0,73.135
982.0,73.41
1006.0,73.88
1007.0,74.233
986.0,73.934
568.0,73.795
87.0,73.619
90.0,72.755
13.0,71.773
1074.0,71.538
1026.0,72.725
1034.0,73.141
1031.0,73.307
1015.0,72.561
1002.0,72.364
1024.0,73.693
1039.0,73.966
1021.0,71.742
1007.0,67.894
995.0,64.774
999.0,59.616
1004.0,50.437
1011.0,40.312
1032.0,34.036
1027.0,31.044
1025.0,48.212
1032.0,55.239
1030.0,58.342
1029.0,62.186
1036.0,66.305
1028.0,70.779
1013.0,73.494
1011.0,72.8
1046.0,72.155
1052.0,71.775
1045.0,71.67
1042.0,71.241
1037.0,70.925
1048.0,69.776
1040.0,69.7
1049.0,70.195
1078.0,70.344
1052.0,70.623
1044.0,71.386
1046.0,71.913
1034.0,71.924
1034.0,71.802
1044.0,72.017
1068.0,72.973
1168.0,73.249
1445.0,72.925
1194.0,73.156
1027.0,73.596
1004.0,73.833
980.0,73.511
987.0,74.072
967.0,73.508
981.0,73.319
1040.0,73.019
1009.0,72.943
970.0,73.517
540.0,73.707
116.0,74.015
7.0,73.714
4.0,73.843
1275.0,73.294
1403.0,73.085
1358.0,73.12
1188.0,73.18
1069.0,73.531
1025.0,73.821
1012.0,73.041
1034.0,71.711
1054.0,72.609
1048.0,72.002
1032.0,69.081
1065.0,63.602
1055.0,58.869
1052.0,52.477
1050.0,44.281
1044.0,36.536
1058.0,46.7
1056.0,54.919
1041.0,58.694
1038.0,62.935
1041.0,67.071
1031.0,70.672
1020.0,72.763
1029.0,72.837
1043.0,72.208
1059.0,71.695
1049.0,71.33
1045.0,70.768
1047.0,69.869
1048.0,69.418
1040.0,69.21
1038.0,69.703
1073.0,69.947
1052.0,69.772
1040.0,70.762
1040.0,71.971
1042.0,72.768
1040.0,72.665
1041.0,72.804
1048.0,73.497
1064.0,73.666
1062.0,73.226
1027.0,73.658
983.0,73.604
983.0,74.011
997.0,74.197
984.0,74.206
995.0,74.025
1035.0,73.831
1009.0,73.318
963.0,73.073
715.0,73.652
168.0,73.873
4.0,73.975
1.0,73.913
12.0,73.832
1073.0,73.841
1067.0,73.563
1058.0,73.845
1046.0,74.005
1049.0,73.867
1044.0,73.388
1078.0,72.068
1208.0,69.724
1208.0,68.836
1095.0,66.87
1053.0,63.406
1065.0,57.949
1062.0,52.082
1065.0,43.701
1070.0,53.662
1064.0,58.631
1061.0,62.739
1057.0,66.694
1056.0,70.242
1052.0,72.206
1045.0,72.493
1036.0,71.396
1031.0,71.123
1024.0,70.739
1030.0,70.285
1043.0,69.95
1050.0,69.567
1049.0,69.405
1039.0,69.897
1044.0,69.398
1041.0,69.435
1041.0,70.375
1056.0,71.469
1051.0,72.247
1041.0,72.875
1037.0,73.374
1044.0,73.98
1052.0,74.193
1058.0,73.589
1058.0,73.82
1054.0,73.581
1055.0,73.796
1043.0,73.817
1041.0,73.9
1025.0,74.14
997.0,73.983
1005.0,73.693
1011.0,73.394
995.0,73.61
987.0,74.101
618.0,74.164
71.0,73.927
1005.0,73.64
1053.0,73.844
1057.0,73.431
1047.0,73.713
1047.0,73.454
1047.0,72.526
1046.0,70.652
1046.0,67.299
1049.0,62.924
1049.0,59.871
1015.0,57.146
1016.0,38.965
1069.0,50.717
1074.0,57.448
1066.0,61.784
1062.0,65.531
1051.0,68.649
1059.0,71.05
1064.0,71.392
1058.0,71.141
1052.0,70.149
1054.0,69.56
1041.0,69.643
1029.0,70.233
1028.0,69.953
1033.0,70.152
1032.0,69.985
1044.0,69.675
1044.0,69.036
1049.0,69.718
1044.0,71.017
1043.0,71.522
1057.0,72.502
1053.0,73.157
1043.0,73.841
1041.0,74.0
1036.0,74.009
1041.0,73.774
1041.0,74.128
1048.0,74.13
1050.0,74.233
1059.0,74.175
1045.0,74.14
1041.0,73.989
1027.0,73.88
1021.0,73.969
998.0,74.03
1010.0,74.09
770.0,73.584
182.0,72.973
16.0,72.556
4.0,72.079
1010.0,71.268
1016.0,70.438
1044.0,68.649
1045.0,66.005
1054.0,62.481
1041.0,35.321
1051.0,48.498
1042.0,55.242
1053.0,59.345
1046.0,62.315
980.0,65.937
979.0,68.649
1025.0,70.218
1045.0,69.918
1046.0,69.36
1046.0,68.768
1059.0,68.774
1058.0,69.713
1063.0,70.002
1065.0,70.549
1065.0,70.221
1062.0,69.445
1055.0,68.794
1057.0,69.091
1053.0,69.677
1043.0,70.538
1043.0,71.263
1050.0,72.007
1043.0,72.939
1058.0,73.278
1062.0,72.75
1053.0,72.797
1060.0,73.72
1056.0,74.058
1049.0,74.178
1050.0,74.151
1051.0,74.232
1038.0,74.027
1041.0,73.547
1051.0,73.505
1054.0,72.869
1052.0,71.779
1041.0,70.213
1042.0,68.683
1012.0,67.159
1004.0,66.07
896.0,63.964
377.0,60.969
26.0,58.072
12.0,32.362
1053.0,44.726
1019.0,51.31
993.0,54.424
987.0,57.198
1015.0,60.85
1042.0,64.312
1034.0,66.977
1029.0,68.649
1017.0,68.631
956.0,68.341
942.0,68.578
977.0,69.565
994.0,69.54
988.0,70.05
993.0,70.344
1068.0,69.726
1044.0,69.267
997.0,68.956
1016.0,68.9
1046.0,68.546
1056.0,69.264
1066.0,70.243
1057.0,70.446
1066.0,70.159
1068.0,68.649
1072.0,69.408
1066.0,71.36
1063.0,72.573
1067.0,72.776
1068.0,72.86
1065.0,72.434
1058.0,71.486
1066.0,69.859
1058.0,69.111
1044.0,67.598
1051.0,64.701
1046.0,59.806
1036.0,56.046
1033.0,28.381
1023.0,40.074
1042.0,46.826
1041.0,50.359
1004.0,53.036
997.0,56.385
910.0,60.067
785.0,63.362
733.0,65.732
124.0,66.106
2.0,66.43
1.0,67.395
1047.0,68.657
1040.0,68.844
1020.0,69.148
1000.0,69.326
1004.0,69.24
991.0,68.649
991.0,67.683
1008.0,66.106
1002.0,65.298
999.0,64.849
1015.0,65.061
1039.0,64.989
1340.0,63.323
1973.0,61.876
2221.0,62.398
1980.0,64.82
2022.0,67.12
1840.0,66.92
1288.0,66.349
1339.0,64.569
1852.0,62.708
1728.0,23.924
1392.0,35.273
1252.0,43.09
1144.0,47.524
1152.0,50.776
1230.0,53.168
1306.0,55.898
1404.0,58.452
1266.0,60.0
1111.0,60.482
1050.0,60.92
1052.0,62.521
1055.0,64.245
1056.0,64.966
1049.0,65.284
1028.0,64.937
1029.0,64.033
1027.0,63.268
1019.0,61.709
1020.0,59.446
1024.0,56.798
884.0,55.005
807.0,53.986
745.0,53.163
198.0,51.582
1006.0,50.611
1021.0,19.426
1028.0,30.737
1029.0,39.704
1023.0,44.619
1029.0,47.175
1005.0,48.902
997.0,50.947
1013.0,53.295
1096.0,55.026
1829.0,55.51
2003.0,55.092
1517.0,55.577
1297.0,56.471
1264.0,56.533
1256.0,56.371
1247.0,55.715
1314.0,53.981
1476.0,51.413
1515.0,48.39
1414.0,45.405
1303.0,42.374
1415.0,15.93
1474.0,26.161
1430.0,35.056
1772.0,39.874
2060.0,41.55
2088.0,41.859
1747.0,42.948
1788.0,44.639
2201.0,46.799
1284.0,47.564
1043.0,46.806
1023.0,47.028
1025.0,47.28
1039.0,46.774
1014.0,12.022
1013.0,19.824
964.0,26.883
835.0,30.996
859.0,32.5
834.0,32.873
379.0,33.189
23.0,8.169
6.0,15.189
1042.0,24.522
1068.0,33.892
1053.0,40.002
1045.0,43.193
1029.0,9.795
1037.0,18.187
1063.0,28.873
1081.0,39.064
1738.0,45.488
1831.0,48.616
1491.0,49.798
1530.0,49.644
1868.0,12.612
1917.0,22.021
1622.0,32.897
1502.0,42.196
1489.0,48.44
1544.0,51.802
1687.0,52.92
1515.0,53.919
1289.0,54.594
1151.0,54.612
1100.0,52.815
1101.0,49.716
1095.0,17.632
1070.0,29.138
1069.0,39.646
1088.0,46.929
1098.0,52.33
1067.0,54.688
1055.0,55.518
1035.0,56.663
1001.0,57.809
989.0,58.222
1034.0,57.607
1011.0,54.409
656.0,48.305
600.0,41.118
553.0,34.908
129.0,32.67
11.0,24.677
1016.0,38.251
1067.0,47.195
1085.0,52.336
1047.0,56.236
1034.0,58.186
1044.0,58.448
1062.0,58.683
1091.0,59.389
1085.0,59.871
1071.0,59.476
1057.0,56.97
1064.0,52.075
1068.0,46.141
1059.0,41.233
1055.0,41.015
1060.0,43.722
1064.0,47.595
1065.0,49.254
1079.0,30.44
1089.0,45.396
1083.0,53.436
1074.0,57.221
1079.0,60.398
1074.0,60.908
1053.0,60.337
1041.0,60.165
1019.0,61.041
1025.0,62.084
1037.0,62.606
1021.0,61.269
949.0,57.744
805.0,53.625
647.0,50.486
639.0,50.912
199.0,54.594
53.0,58.828
22.0,61.487
10.0,61.727
1030.0,60.806
1070.0,57.772
1089.0,33.835
1057.0,48.66
1058.0,56.561
1055.0,60.681
1049.0,63.356
1010.0,63.663
1022.0,63.232
1047.0,63.482
1048.0,64.283
1051.0,65.378
1051.0,65.718
1044.0,65.603
1053.0,64.048
1035.0,62.107
1013.0,60.532
1003.0,61.593
1006.0,64.752
1013.0,67.104
1013.0,68.471
995.0,68.943
988.0,68.021
980.0,65.574
960.0,63.754
766.0,62.301
351.0,61.529
390.0,35.6
777.0,50.034
535.0,57.73
143.0,62.495
71.0,66.092
3.0,67.075
2.0,66.735
3.0,66.694
3.0,67.049
3.0,67.744
1042.0,68.509
1427.0,68.644
1721.0,68.649
1129.0,68.036
1049.0,67.473
1000.0,68.649
949.0,70.858
953.0,71.662
985.0,71.467
1013.0,71.442
1037.0,70.934
1040.0,69.205
1044.0,68.091
1053.0,67.542
1057.0,66.693
1049.0,65.839
1000.0,65.472
869.0,64.827
689.0,36.487
456.0,49.732
224.0,57.835
120.0,63.22
54.0,67.167
158.0,68.654
478.0,68.649
134.0,68.36
20.0,68.031
5.0,68.649
8.0,68.907
14.0,69.922
6.0,70.553
3.0,70.148
1914.0,69.607
2110.0,71.453
1338.0,72.734
973.0,73.23
985.0,72.06
1026.0,71.958
1040.0,71.584
897.0,70.428
573.0,69.554
230.0,68.809
43.0,68.728
49.0,68.664
61.0,69.158
44.0,70.181
52.0,69.263
42.0,67.565
85.0,67.198
538.0,68.029
314.0,67.719
218.0,66.372
65.0,65.545
17.0,65.155
14.0,62.792
11.0,59.922
8.0,54.19
1031.0,53.118
1029.0,49.97
1039.0,36.814
982.0,49.852
538.0,57.473
104.0,63.005
36.0,67.227
37.0,69.042
36.0,69.904
102.0,69.932
328.0,69.922
179.0,70.312
162.0,70.516
280.0,71.137
63.0,71.454
14.0,71.348
2.0,71.241
9.0,72.325
618.0,73.801
167.0,73.592
308.0,72.823
598.0,72.181
662.0,71.704
227.0,70.591
337.0,69.653
290.0,69.244
21.0,68.802
2.0,69.065
11.0,69.859
19.0,70.828
2.0,70.643
2.0,69.337
10.0,69.295
625.0,70.209
412.0,70.072
220.0,69.241
437.0,69.374
104.0,69.413
165.0,69.293
95.0,67.638
59.0,66.995
971.0,66.551
1044.0,65.653
1012.0,63.766
635.0,61.564
192.0,59.111
11.0,55.937
19.0,52.264
21.0,51.233
29.0,50.891
185.0,49.192
505.0,46.592
504.0,46.726
82.0,37.063
206.0,49.567
1187.0,57.273
993.0,62.913
985.0,67.134
975.0,69.203
980.0,70.342
1015.0,71.158
1024.0,71.477
1023.0,72.197
995.0,72.375
801.0,72.581
448.0,72.279
148.0,71.445
46.0,71.039
39.0,72.371
16.0,73.522
102.0,73.529
476.0,72.365
525.0,71.768
48.0,71.267
4.0,70.48
1796.0,69.855
1108.0,69.49
1014.0,68.887
981.0,69.045
960.0,69.607
979.0,70.825
1007.0,70.612
1014.0,69.537
1028.0,69.373
1040.0,70.5
1034.0,70.891
1004.0,70.004
982.0,70.257
1007.0,71.458
1014.0,71.926
909.0,71.746
548.0,71.533
158.0,71.464
22.0,70.335
16.0,68.649
64.0,65.932
417.0,63.015
258.0,59.969
43.0,56.693
1095.0,56.517
993.0,57.221
1016.0,56.227
1055.0,53.857
1061.0,53.415
1052.0,53.738
1054.0,53.296
1058.0,51.504
1051.0,46.345
1087.0,38.604
1086.0,37.302
1080.0,49.503
1085.0,57.795
1081.0,63.137
1071.0,66.72
1071.0,68.998
1061.0,70.824
1056.0,72.106
1040.0,72.638
1008.0,73.244
958.0,73.199
599.0,73.719
137.0,73.137
78.0,72.331
420.0,72.089
324.0,72.624
9.0,73.352
1037.0,72.944
1026.0,71.759
1015.0,70.643
1002.0,70.479
1001.0,69.766
1062.0,69.266
1075.0,68.901
1053.0,68.676
1070.0,68.765
1088.0,69.403
1087.0,70.323
1202.0,69.89
1263.0,69.138
1213.0,69.562
1109.0,71.01
1051.0,71.191
1088.0,70.722
1088.0,70.874
1055.0,72.415
1040.0,73.322
1056.0,73.747
1058.0,73.568
1035.0,73.389
983.0,72.553
681.0,70.742
184.0,68.861
7.0,67.227
17.0,64.591
52.0,61.985
1048.0,61.784
1022.0,62.271
1017.0,61.569
1024.0,59.458
998.0,58.778
988.0,59.21
1100.0,58.882
1634.0,57.595
2269.0,51.844
2496.0,43.693
2183.0,36.393
1602.0,30.604
1460.0,24.932
1385.0,38.611
1550.0,51.071
1543.0,58.855
1835.0,64.267
2065.0,68.101
2346.0,70.568
2167.0,72.009
1720.0,72.931
1961.0,73.635
1975.0,73.816
1577.0,73.967
1108.0,73.542
998.0,73.755
885.0,73.513
351.0,73.751
41.0,73.422
26.0,73.414
156.0,72.362
475.0,71.25
453.0,70.702
1056.0,70.364
1045.0,69.731
1050.0,69.4
1060.0,69.024
1068.0,68.907
1076.0,68.621
1080.0,69.482
1072.0,70.475
1044.0,70.625
1021.0,69.651
1031.0,70.725
975.0,72.258
1006.0,72.714
1034.0,71.972
1023.0,72.183
1083.0,73.503
1412.0,73.831
1939.0,73.299
1850.0,73.692
1892.0,73.522
1826.0,73.259
1816.0,72.031
1823.0,70.931
1457.0,70.605
1086.0,69.25
1051.0,67.412
1028.0,66.652
1013.0,67.046
934.0,65.838
506.0,63.994
127.0,63.153
68.0,63.154
32.0,63.132
45.0,62.364
132.0,57.164
219.0,48.315
601.0,40.801
1032.0,34.256
1047.0,28.074
1048.0,23.382
1026.0,40.493
1044.0,52.25
1051.0,60.282
1050.0,65.351
1057.0,68.804
1012.0,71.492
965.0,72.721
1003.0,73.285
1036.0,73.682
1050.0,73.446
1059.0,73.021
1079.0,73.054
1091.0,73.277
1124.0,74.183
1157.0,74.233
1117.0,74.233
1113.0,73.551
1101.0,72.226
1094.0,71.124
1042.0,70.511
1026.0,69.964
1045.0,69.321
1042.0,69.172
1051.0,68.879
1050.0,68.824
1001.0,69.021
982.0,69.815
1008.0,70.912
1022.0,71.328
1003.0,71.376
968.0,71.703
722.0,73.281
264.0,73.31
52.0,72.606
15.0,72.589
47.0,73.679
296.0,73.509
648.0,72.62
228.0,72.391
26.0,72.819
1054.0,72.511
1067.0,72.109
1059.0,71.832
1047.0,71.956
1040.0,71.775
1033.0,70.276
1037.0,69.599
1046.0,69.59
1011.0,68.905
979.0,67.049
1032.0,65.843
1046.0,65.499
1047.0,66.41
1038.0,66.574
1045.0,62.318
1058.0,52.848
1056.0,43.946
1049.0,36.678
1045.0,31.177
1064.0,26.888
1050.0,42.556
1003.0,53.712
965.0,61.215
1032.0,66.264
1050.0,69.807
1054.0,71.79
1052.0,72.815
1044.0,72.884
1045.0,73.139
1026.0,72.923
1037.0,72.487
1071.0,72.038
1060.0,72.188
1015.0,73.256
1025.0,73.697
1037.0,73.426
1011.0,72.885
891.0,71.95
423.0,71.095
111.0,70.637
82.0,70.16
96.0,70.001
336.0,69.788
569.0,69.775
553.0,69.896
90.0,69.662
1046.0,70.108
1042.0,70.833
1055.0,71.146
1041.0,71.089
1035.0,71.793
1029.0,72.79
1046.0,72.865
1047.0,72.372
1032.0,72.281
1057.0,72.403
1079.0,71.477
1054.0,70.986
1044.0,71.14
1034.0,72.313
1025.0,72.72
1035.0,72.065
1029.0,71.877
984.0,72.063
974.0,72.302
1024.0,71.643
1043.0,71.03
1041.0,71.351
1018.0,70.803
1015.0,69.667
1039.0,67.594
1036.0,67.2
1033.0,68.708
1046.0,70.722
1047.0,66.459
1045.0,56.189
1049.0,45.555
1063.0,37.603
1071.0,33.878
1052.0,31.247
1041.0,44.83
1041.0,53.687
1049.0,60.269
1043.0,65.584
1037.0,69.151
1014.0,71.613
993.0,72.243
959.0,71.745
1016.0,71.644
814.0,71.729
387.0,71.094
611.0,71.57
558.0,72.156
61.0,72.667
6.0,73.015
1042.0,72.628
1040.0,72.3
1051.0,71.739
1068.0,71.246
1033.0,71.188
1008.0,71.209
1032.0,70.818
1041.0,70.835
1057.0,71.154
1066.0,71.106
1066.0,70.546
1043.0,70.338
1000.0,70.7
958.0,70.55
959.0,70.362
972.0,70.658
927.0,71.634
953.0,71.402
957.0,71.365
996.0,71.013
956.0,70.834
904.0,70.326
941.0,69.804
991.0,70.578
1022.0,72.225
1027.0,72.533
1016.0,72.182
1018.0,71.653
1036.0,72.114
1045.0,71.832
1050.0,71.837
1063.0,71.758
1063.0,72.433
1037.0,72.219
1033.0,71.072
1041.0,69.352
1043.0,69.022
1047.0,71.149
1054.0,73.044
1032.0,68.416
999.0,57.2
1004.0,45.67
1037.0,37.06
1044.0,34.064
1033.0,32.982
1023.0,45.601
729.0,53.189
164.0,58.379
31.0,63.351
126.0,67.115
152.0,70.385
7.0,70.877
1669.0,71.245
1582.0,71.09
1138.0,70.535
1039.0,70.562
1020.0,71.097
1016.0,71.333
1036.0,71.873
1019.0,71.918
1007.0,72.073
1027.0,71.546
1057.0,71.49
1063.0,71.214
1044.0,71.245
1037.0,71.121
1013.0,71.153
997.0,71.182
967.0,71.129
719.0,71.093
134.0,70.35
15.0,70.008
10.0,70.143
21.0,70.12
22.0,70.09
37.0,69.817
192.0,70.274
477.0,70.262
890.0,69.755
1022.0,69.506
1032.0,69.714
1042.0,69.031
1072.0,68.65
1082.0,69.738
1040.0,71.455
1052.0,72.221
1064.0,71.379
1049.0,71.199
1046.0,71.684
1049.0,71.802
1049.0,71.686
1021.0,71.825
1013.0,72.642
1035.0,72.999
984.0,72.172
1007.0,70.978
1004.0,70.358
972.0,72.665
991.0,73.967
724.0,68.649
172.0,56.544
211.0,44.873
606.0,35.357
405.0,31.998
38.0,31.502
12.0,45.486
5.0,52.658
1125.0,57.439
1034.0,61.638
1017.0,65.606
1022.0,68.649
1017.0,70.089
822.0,70.869
624.0,70.816
862.0,71.65
1017.0,71.082
1030.0,71.452
1009.0,72.218
991.0,72.094
789.0,71.896
417.0,71.569
176.0,71.325
71.0,71.328
277.0,70.906
342.0,71.229
27.0,70.664
2.0,70.422
2.0,70.394
5.0,70.384
2.0,70.669
19.0,70.927
42.0,70.897
58.0,71.413
234.0,71.034
703.0,69.983
1017.0,69.411
1092.0,69.619
1095.0,69.568
1012.0,69.31
1030.0,69.217
1031.0,69.767
1039.0,69.316
1047.0,69.585
1050.0,69.952
1037.0,71.531
1007.0,71.606
980.0,71.395
1051.0,71.33
1037.0,72.17
1017.0,72.148
1014.0,72.23
997.0,71.795
1019.0,72.22
1011.0,72.479
1025.0,72.892
960.0,71.979
920.0,71.683
566.0,73.273
531.0,74.143
117.0,68.649
14.0,56.511
2.0,44.39
1071.0,34.612
1053.0,31.079
1046.0,30.075
1023.0,46.627
1013.0,54.95
1016.0,59.766
1021.0,63.402
996.0,66.129
738.0,68.649
221.0,69.553
32.0,70.279
42.0,70.871
44.0,71.091
44.0,71.357
14.0,71.838
115.0,71.928
617.0,72.317
152.0,72.152
10.0,72.176
2.0,71.437
3.0,71.287
9.0,70.846
6.0,69.893
3.0,69.781
18.0,69.438
21.0,69.578
17.0,69.527
46.0,70.164
259.0,70.987
731.0,71.469
1001.0,71.787
1154.0,71.164
1050.0,70.258
1011.0,69.737
1015.0,69.24
1005.0,69.426
994.0,68.649
1065.0,69.161
1168.0,69.552
1234.0,69.664
1144.0,69.91
1146.0,70.448
1063.0,70.967
1063.0,71.311
1057.0,71.461
1041.0,71.786
1029.0,72.339
1015.0,72.14
1023.0,71.437
1029.0,71.137
988.0,70.42
1010.0,70.789
976.0,71.267
865.0,71.18
575.0,71.064
45.0,73.058
1223.0,73.95
1185.0,68.535
1041.0,56.696
1028.0,44.922
1022.0,35.439
859.0,32.263
443.0,31.769
86.0,49.049
46.0,58.611
22.0,63.932
19.0,66.636
30.0,68.718
30.0,70.144
24.0,71.153
24.0,70.832
27.0,70.862
146.0,70.627
813.0,71.501
694.0,71.719
131.0,72.507
6.0,72.87
18.0,72.566
2.0,72.682
12.0,72.627
22.0,72.207
20.0,71.38
10.0,69.918
25.0,69.194
124.0,68.932
202.0,69.208
309.0,69.413
133.0,70.026
115.0,71.03
371.0,71.695
811.0,72.084
972.0,71.645
1025.0,71.04
1033.0,70.452
1078.0,69.938
1348.0,69.118
1207.0,69.111
1080.0,69.516
1128.0,70.018
1077.0,70.107
1060.0,70.35
1051.0,70.656
1060.0,71.339
1067.0,71.427
1066.0,71.318
1052.0,71.83
1050.0,72.102
1048.0,71.902
1034.0,71.361
1023.0,70.52
1013.0,69.799
593.0,70.039
40.0,70.187
1.0,69.715
435.0,69.773
70.0,72.28
49.0,74.165
35.0,68.663
51.0,56.935
18.0,44.925
9.0,37.067
30.0,34.797
32.0,34.587
20.0,51.861
15.0,60.608
30.0,65.051
36.0,67.273
30.0,69.009
29.0,70.601
49.0,71.582
289.0,71.319
930.0,70.76
1016.0,71.431
1014.0,72.31
958.0,72.552
481.0,72.479
33.0,73.142
16.0,72.9
14.0,73.146
25.0,73.192
13.0,72.82
13.0,71.938
13.0,71.091
15.0,70.061
101.0,69.883
545.0,70.241
260.0,70.982
32.0,70.767
37.0,71.686
78.0,71.337
517.0,71.88
1017.0,71.4
1059.0,71.025
1074.0,71.055
1036.0,71.293
981.0,70.77
985.0,69.995
1025.0,70.528
1043.0,71.37
1049.0,71.681
1057.0,71.218
1079.0,71.263
1085.0,71.895
1064.0,72.092
1041.0,72.044
1040.0,71.968
1068.0,72.169
1056.0,71.729
1043.0,71.571
1022.0,71.007
701.0,71.134
249.0,70.588
17.0,69.976
663.0,68.979
85.0,69.135
37.0,72.013
34.0,73.862
14.0,68.649
19.0,56.735
7.0,45.514
17.0,37.572
18.0,35.469
9.0,34.983
14.0,52.424
28.0,60.872
29.0,64.771
36.0,66.71
41.0,68.675
76.0,70.864
531.0,71.95
1018.0,71.613
1035.0,71.223
1024.0,71.903
1027.0,72.435
975.0,73.065
447.0,73.063
50.0,72.844
17.0,73.343
23.0,73.038
17.0,73.254
7.0,73.258
17.0,72.554
70.0,71.796
486.0,70.801
585.0,70.606
501.0,70.774
843.0,71.609
993.0,72.061
1000.0,71.796
1005.0,71.361
866.0,70.981
320.0,70.438
685.0,70.588
1104.0,71.155
1046.0,71.962
1009.0,71.693
1015.0,70.899
969.0,71.741
976.0,72.511
1033.0,72.507
1042.0,71.858
1194.0,72.056
1241.0,72.418
1111.0,72.322
1070.0,71.73
1081.0,71.673
1072.0,72.011
1024.0,72.069
987.0,71.988
864.0,71.546
568.0,71.428
155.0,71.251
30.0,70.416
1566.0,69.752
819.0,69.804
117.0,73.003
10.0,74.233
5.0,68.42
12.0,56.874
20.0,46.346
13.0,39.442
13.0,36.967
15.0,34.698
17.0,51.502
24.0,59.142
26.0,62.447
37.0,65.068
34.0,67.939
190.0,70.955
739.0,72.513
998.0,72.07
1007.0,72.103
997.0,72.088
958.0,72.451
419.0,73.064
53.0,73.062
13.0,73.344
6.0,73.344
21.0,73.604
40.0,73.874
37.0,73.165
471.0,73.21
930.0,72.522
742.0,71.695
703.0,71.534
862.0,71.623
997.0,72.259
1035.0,72.577
1008.0,72.692
827.0,72.221
589.0,71.296
1010.0,70.916
1109.0,70.92
1054.0,71.43
997.0,72.557
1003.0,72.383
996.0,72.126
981.0,72.378
996.0,73.28
998.0,73.021
985.0,72.5
1051.0,72.592
1164.0,72.784
1277.0,72.147
1223.0,71.726
1092.0,71.509
1033.0,72.577
996.0,72.557
792.0,72.186
716.0,71.964
243.0,71.897
33.0,72.126
1213.0,71.955
516.0,71.52
61.0,71.541
38.0,73.944
27.0,74.002
31.0,67.81
21.0,57.114
14.0,48.127
15.0,41.954
20.0,38.59
21.0,34.65
32.0,49.847
25.0,56.851
30.0,59.999
31.0,62.971
26.0,66.357
26.0,70.257
65.0,72.16
264.0,72.493
718.0,71.765
988.0,71.433
1018.0,71.414
983.0,72.361
701.0,72.454
339.0,72.663
94.0,72.322
44.0,72.876
184.0,73.182
539.0,73.212
813.0,73.641
829.0,72.987
593.0,72.449
636.0,71.473
823.0,71.313
845.0,72.013
669.0,72.944
958.0,73.392
1041.0,73.255
1044.0,73.112
1050.0,72.468
1090.0,72.469
1074.0,72.705
1010.0,73.066
993.0,73.031
962.0,72.439
978.0,73.044
981.0,74.078
1063.0,74.033
1290.0,73.795
1463.0,73.499
1387.0,73.364
1274.0,72.445
1402.0,71.886
1168.0,71.576
977.0,72.787
958.0,73.219
372.0,72.866
365.0,72.033
399.0,71.975
43.0,72.966
538.0,73.972
90.0,73.066
64.0,72.045
45.0,72.317
31.0,71.326
33.0,64.151
32.0,54.42
36.0,46.822
38.0,42.267
29.0,38.126
34.0,33.489
44.0,48.263
41.0,54.919
46.0,58.313
50.0,61.784
48.0,65.957
49.0,69.91
48.0,72.344
32.0,72.364
77.0,71.431
360.0,71.362
805.0,71.143
1039.0,71.639
1047.0,71.755
992.0,72.097
1007.0,72.059
1034.0,72.313
1032.0,72.471
1060.0,72.684
1042.0,73.186
1018.0,73.007
972.0,72.615
938.0,72.071
1036.0,72.049
1044.0,72.655
1014.0,73.29
1010.0,73.679
1024.0,73.732
1043.0,73.622
1048.0,73.502
1056.0,73.333
1022.0,73.604
943.0,73.459
945.0,73.141
969.0,72.577
989.0,73.108
1051.0,73.861
1022.0,74.084
1014.0,73.7
1033.0,73.72
1014.0,73.35
989.0,72.779
1000.0,72.792
995.0,72.811
985.0,73.366
597.0,73.568
281.0,73.676
700.0,72.913
186.0,72.442
1000.0,73.213
773.0,73.967
826.0,72.761
836.0,70.414
407.0,68.831
204.0,65.656
157.0,58.412
74.0,50.003
44.0,44.189
40.0,40.265
62.0,36.236
64.0,31.798
96.0,46.913
140.0,54.792
216.0,58.24
286.0,61.89
380.0,66.179
561.0,69.698
818.0,71.54
959.0,71.48
1073.0,71.037
1042.0,70.423
1031.0,70.028
1033.0,70.618
1032.0,71.206
1049.0,71.247
1040.0,71.099
1041.0,71.623
1039.0,71.394
1030.0,72.03
1014.0,72.801
991.0,73.181
1014.0,72.872
1050.0,72.648
1035.0,72.506
1035.0,73.218
1036.0,73.653
1039.0,74.022
1025.0,74.229
1013.0,74.233
1013.0,73.729
1059.0,73.916
1035.0,74.021
1024.0,74.007
1047.0,73.239
1045.0,72.953
1042.0,72.759
1056.0,73.133
1067.0,73.378
1043.0,73.66
1017.0,73.48
997.0,73.264
979.0,73.33
979.0,73.248
741.0,73.4
132.0,73.812
28.0,73.917
202.0,74.233
67.0,73.452
1174.0,72.667
1288.0,72.616
1076.0,72.153
1050.0,70.183
1020.0,66.916
916.0,63.598
583.0,59.051
738.0,51.656
760.0,44.904
937.0,40.883
986.0,37.756
1027.0,34.458
1029.0,30.576
1024.0,46.15
1020.0,54.599
1031.0,58.388
1043.0,62.385
1044.0,66.25
1036.0,69.424
1036.0,71.167
1048.0,70.992
1040.0,70.474
1039.0,69.871
1022.0,69.552
1033.0,69.758
1050.0,70.586
1045.0,70.709
1038.0,71.144
1040.0,71.113
1041.0,70.94
1019.0,71.234
1007.0,71.979
1034.0,73.021
1051.0,73.198
1040.0,72.785
1037.0,72.803
1040.0,73.416
1055.0,73.825
1171.0,74.233
1291.0,74.151
1330.0,73.906
1153.0,73.979
1046.0,73.668
1059.0,74.233
1052.0,74.003
1050.0,73.517
1052.0,73.165
1048.0,72.799
1021.0,72.93
999.0,73.533
996.0,73.808
996.0,73.345
1018.0,73.195
970.0,73.214
469.0,73.218
441.0,73.623
441.0,73.864
137.0,73.94
13.0,74.003
1225.0,73.106
1076.0,72.201
1040.0,71.079
1021.0,70.209
1011.0,67.482
1000.0,62.632
998.0,57.803
1001.0,51.772
1006.0,45.134
981.0,40.303
1007.0,38.134
991.0,44.077
1009.0,53.723
1027.0,58.352
1016.0,62.376
1004.0,66.531
1017.0,69.367
1035.0,70.324
1030.0,70.189
1032.0,70.238
1035.0,69.372
1032.0,68.935
1029.0,69.719
1012.0,70.701
1036.0,70.673
1054.0,71.242
1042.0,71.239
1048.0,70.905
1039.0,69.972
1036.0,70.841
1022.0,71.808
1022.0,72.208
1062.0,72.966
1065.0,73.058
1047.0,73.492
1043.0,74.035
1041.0,74.015
1047.0,74.233
1047.0,73.84
1054.0,73.376
1189.0,73.946
1166.0,74.026
1060.0,74.211
1046.0,74.078
1039.0,73.404
1033.0,73.507
991.0,73.542
991.0,74.036
1001.0,74.233
994.0,74.069
991.0,73.759
1019.0,73.673
1029.0,73.705
835.0,74.233
531.0,73.766
463.0,73.338
46.0,72.543
7.0,70.514
1535.0,67.868
1568.0,65.932
1172.0,63.633
1058.0,60.43
1039.0,55.666
1032.0,49.867
1034.0,39.726
1048.0,51.53
1046.0,57.755
1030.0,62.003
1025.0,66.424
1030.0,68.987
1036.0,70.592
1042.0,70.564
1020.0,70.668
992.0,69.311
969.0,69.006
958.0,68.978
979.0,70.706
1010.0,70.955
1020.0,71.144
1027.0,71.146
1037.0,70.272
1032.0,69.653
1036.0,69.401
1046.0,70.265
1047.0,71.103
1045.0,71.461
1039.0,72.371
1034.0,72.814
1032.0,73.569
1036.0,73.458
1061.0,73.71
1049.0,73.303
1038.0,72.919
1037.0,73.099
1037.0,73.763
1043.0,73.975
1047.0,74.233
1055.0,73.953
1057.0,73.646
1043.0,74.019
1018.0,73.895
993.0,73.817
967.0,73.232
971.0,73.082
979.0,72.962
966.0,72.663
994.0,72.12
1005.0,71.192
1031.0,68.813
1023.0,65.748
1024.0,62.248
882.0,57.231
478.0,53.879
72.0,36.276
1721.0,49.487
1438.0,56.075
1149.0,60.369
1052.0,64.671
1021.0,67.964
1002.0,70.174
1010.0,71.021
1039.0,71.183
1049.0,70.534
1040.0,69.466
1031.0,69.077
1055.0,69.796
1060.0,70.34
1043.0,70.489
1044.0,70.082
1052.0,69.516
1051.0,68.649
1033.0,68.765
1016.0,69.405
1000.0,69.704
988.0,69.997
986.0,70.307
1018.0,71.189
1022.0,71.838
1032.0,72.326
1041.0,72.628
1046.0,72.503
1049.0,72.744
1040.0,72.959
1035.0,73.517
1027.0,74.209
1041.0,74.03
1065.0,73.904
1051.0,73.673
1037.0,73.767
1038.0,72.899
1049.0,71.242
1052.0,69.87
1048.0,69.012
1046.0,67.691
1044.0,66.325
1054.0,64.248
1050.0,61.081
1016.0,57.886
994.0,33.231
995.0,45.867
989.0,52.592
998.0,56.532
1029.0,60.612
1029.0,64.232
1017.0,67.681
870.0,69.746
230.0,71.439
3.0,71.099
1097.0,70.33
1081.0,69.834
1054.0,70.48
1037.0,70.426
1050.0,70.468
1046.0,70.81
1035.0,70.065
1040.0,69.075
1037.0,68.888
1028.0,68.845
1045.0,68.466
1064.0,68.649
1068.0,68.649
1077.0,69.075
1073.0,68.696
1072.0,68.716
1063.0,69.308
1060.0,70.772
1066.0,71.973
1061.0,72.439
1047.0,72.695
1045.0,72.968
1015.0,71.93
995.0,70.476
1038.0,70.176
1047.0,69.884
1050.0,66.773
1048.0,61.89
1055.0,58.382
1040.0,56.087
1037.0,28.735
1054.0,40.26
1055.0,47.42
1048.0,51.51
1046.0,55.453
1048.0,59.24
1043.0,62.764
1040.0,66.982
1044.0,69.465
1047.0,69.908
1052.0,69.747
1062.0,69.948
1054.0,70.527
1046.0,70.314
1022.0,70.348
1016.0,70.458
1022.0,69.811
998.0,68.873
1009.0,68.048
980.0,67.014
426.0,66.307
76.0,65.33
3.0,65.341
4.0,64.55
1.0,63.064
1095.0,61.27
1069.0,62.27
1057.0,64.87
1038.0,67.17
1058.0,67.833
1048.0,67.743
1048.0,66.531
1041.0,63.944
1046.0,61.097
1042.0,23.558
1011.0,34.955
1043.0,42.969
1054.0,47.464
1056.0,51.263
1062.0,54.322
1064.0,57.307
1060.0,60.653
1045.0,63.246
1054.0,64.595
1086.0,65.344
1079.0,66.686
1062.0,67.809
1052.0,68.197
1045.0,68.02
1041.0,67.396
1033.0,66.445
1043.0,65.374
1052.0,63.902
1057.0,62.103
1053.0,60.219
1043.0,58.391
1051.0,56.766
1062.0,55.141
1051.0,52.491
1048.0,50.481
1050.0,51.285
1050.0,54.287
1046.0,56.769
1047.0,19.879
1047.0,30.325
1051.0,38.767
1053.0,43.399
1046.0,46.302
1016.0,48.388
1031.0,50.951
1026.0,54.148
996.0,57.278
1015.0,59.148
973.0,60.533
655.0,61.634
67.0,62.639
5.0,62.291
4.0,61.382
8.0,59.735
1079.0,58.312
1070.0,56.48
1037.0,53.38
1049.0,50.667
1053.0,47.36
1053.0,44.887
1041.0,43.589
1045.0,41.889
1046.0,16.067
1022.0,25.27
994.0,33.134
988.0,38.183
968.0,41.009
981.0,43.128
1002.0,45.366
1007.0,48.162
1018.0,50.85
1019.0,53.016
1037.0,54.271
1059.0,54.723
1067.0,53.978
1075.0,52.162
1075.0,50.049
1058.0,48.923
1051.0,47.266
1060.0,44.704
1058.0,40.971
1057.0,36.757
1052.0,12.427
1049.0,19.578
1046.0,25.69
1042.0,30.537
1057.0,34.759
1054.0,36.797
1051.0,38.842
1043.0,40.56
1044.0,42.953
1047.0,44.66
1041.0,45.976
1048.0,6.154
1022.0,10.591
1024.0,18.42
1024.0,8.039
990.0,14.195
996.0,23.596
945.0,34.407
653.0,42.529
196.0,47.358
79.0,10.713
15.0,19.035
1086.0,29.166
1073.0,39.045
1028.0,46.426
994.0,50.396
1013.0,51.615
1029.0,51.673
1028.0,51.271
1040.0,50.316
1034.0,15.143
1014.0,25.753
1014.0,36.167
1010.0,44.205
988.0,49.508
971.0,52.188
976.0,53.282
1004.0,54.461
1082.0,54.841
1041.0,55.254
1022.0,54.038
1038.0,51.745
1255.0,46.164
1359.0,38.711
1142.0,32.03
1051.0,20.947
1048.0,34.066
1091.0,43.697
1113.0,49.099
1177.0,52.371
1135.0,54.055
1076.0,54.985
1045.0,56.103
1038.0,58.321
1046.0,59.283
1041.0,59.319
1053.0,56.798
1057.0,51.349
1048.0,43.63
1033.0,37.004
1046.0,35.199
1046.0,37.258
1000.0,40.906
1000.0,26.884
996.0,41.503
910.0,50.17
589.0,54.064
233.0,56.98
150.0,57.893
12.0,58.171
1105.0,58.776
1082.0,60.558
1042.0,62.693
1011.0,63.147
1005.0,61.238
998.0,56.088
992.0,49.383
1022.0,43.369
1041.0,42.446
1097.0,46.181
1497.0,50.646
2087.0,52.976
1988.0,53.482
1758.0,32.275
1715.0,47.359
1644.0,55.391
1679.0,58.976
1591.0,61.416
1471.0,61.777
1368.0,61.458
1214.0,61.716
1237.0,63.675
1410.0,65.965
1643.0,66.52
1572.0,65.458
1598.0,61.425
1765.0,55.973
1624.0,51.522
1991.0,51.666
1653.0,55.422
983.0,60.261
1016.0,62.727
1048.0,63.584
1034.0,62.772
1018.0,59.997
1023.0,58.259
1019.0,35.092
976.0,50.064
1002.0,58.254
958.0,62.427
807.0,65.166
758.0,65.323
318.0,64.905
44.0,65.737
35.0,67.44
980.0,69.023
1066.0,69.478
1053.0,68.914
1016.0,67.018
1019.0,63.563
1041.0,61.349
1023.0,62.073
1026.0,65.377
1711.0,67.672
2233.0,68.818
2075.0,69.382
1857.0,68.649
1933.0,66.341
2131.0,65.226
2112.0,65.037
2111.0,64.87
2333.0,63.478
2427.0,36.382
2376.0,50.841
1953.0,59.285
1479.0,63.947
1203.0,67.206
1081.0,68.159
1055.0,67.601
1045.0,68.087
1062.0,68.905
1057.0,70.128
1062.0,70.712
1046.0,71.178
1016.0,70.119
993.0,68.746
1034.0,67.666
1042.0,69.126
1009.0,71.117
1010.0,71.87
1022.0,71.853
875.0,71.959
677.0,71.516
347.0,69.528
375.0,68.649
118.0,68.872
9.0,69.234
973.0,68.526
1058.0,67.411
1100.0,66.386
1053.0,65.425
1034.0,63.662
1047.0,63.877
1038.0,64.597
1052.0,37.529
1072.0,51.129
1078.0,58.967
1043.0,63.708
1060.0,67.711
1067.0,68.467
1071.0,68.488
1091.0,68.69
1100.0,69.068
1091.0,70.193
1085.0,70.795
1073.0,71.616
1067.0,71.996
1067.0,71.333
1067.0,71.108
1070.0,71.729
1056.0,73.241
1033.0,73.685
1007.0,73.505
976.0,73.329
999.0,73.154
1064.0,71.754
1042.0,70.956
997.0,70.781
843.0,70.872
648.0,70.598
749.0,70.723
873.0,70.916
645.0,70.137
129.0,68.672
7.0,68.228
1056.0,68.649
1368.0,68.403
1616.0,67.385
1130.0,66.664
1032.0,66.035
1041.0,64.492
1040.0,61.668
1031.0,59.734
1009.0,59.687
1029.0,59.654
1002.0,59.101
996.0,58.613
1020.0,57.754
1045.0,54.862
1051.0,52.058
1044.0,50.221
1041.0,48.444
1021.0,46.016
1000.0,43.944
980.0,38.896
991.0,51.182
986.0,58.222
1003.0,63.31
982.0,67.172
730.0,68.388
337.0,68.806
117.0,68.918
55.0,69.364
484.0,70.288
558.0,71.177
122.0,72.066
177.0,72.91
34.0,73.145
13.0,72.135
10.0,72.966
5.0,73.968
3.0,73.877
1166.0,73.864
1920.0,73.92
2069.0,73.628
1892.0,71.866
1117.0,70.999
1010.0,71.047
935.0,71.001
942.0,70.577
968.0,70.957
992.0,71.801
1020.0,70.668
1021.0,69.621
1030.0,69.457
1051.0,69.998
1064.0,69.778
1057.0,68.992
984.0,68.935
807.0,69.204
503.0,68.649
192.0,67.497
72.0,66.37
73.0,66.199
76.0,66.211
298.0,65.867
427.0,64.613
278.0,62.428
165.0,59.977
20.0,57.074
5.0,55.748
7.0,54.684
4.0,52.529
2.0,50.466
1770.0,50.9
2212.0,52.039
1901.0,51.292
1131.0,49.644
968.0,45.628
1007.0,40.502
1044.0,36.461
1012.0,38.87
659.0,50.434
250.0,57.297
73.0,61.932
52.0,66.236
51.0,68.649
46.0,69.505
27.0,70.256
38.0,70.94
61.0,71.369
250.0,72.061
473.0,73.12
523.0,73.592
75.0,73.911
55.0,72.793
21.0,72.751
12.0,73.669
9.0,74.233
1000.0,73.57
1036.0,73.489
1024.0,73.33
1047.0,72.007
951.0,71.129
491.0,70.907
82.0,70.387
46.0,70.211
35.0,70.507
32.0,71.099
36.0,70.675
163.0,69.569
449.0,69.22
255.0,69.839
87.0,70.088
133.0,69.148
26.0,69.465
7.0,70.512
162.0,70.882
114.0,70.426
84.0,69.843
85.0,69.992
102.0,69.709
39.0,68.816
168.0,67.651
549.0,66.235
667.0,64.056
28.0,61.66
12.0,60.83
2.0,60.481
22.0,59.009
22.0,57.064
9.0,57.451
16.0,57.945
5.0,58.043
15.0,56.589
4.0,52.255
13.0,46.452
757.0,42.572
594.0,37.693
153.0,30.766
592.0,25.139
713.0,38.768
493.0,49.807
66.0,56.775
199.0,61.784
978.0,66.236
980.0,69.572
1014.0,71.517
1031.0,72.272
1037.0,72.635
882.0,73.137
429.0,73.517
75.0,73.837
42.0,74.219
39.0,74.233
48.0,73.266
189.0,73.74
92.0,74.233
420.0,74.233
1429.0,73.648
1004.0,72.706
953.0,72.286
940.0,71.712
949.0,71.081
980.0,70.637
1017.0,70.155
1034.0,69.815
1003.0,70.383
916.0,70.744
681.0,69.954
390.0,69.297
154.0,69.203
56.0,69.991
20.0,70.267
13.0,69.809
44.0,69.831
315.0,71.387
132.0,72.262
1926.0,72.634
1350.0,72.91
1070.0,73.071
1049.0,72.022
1026.0,71.02
1027.0,69.787
1064.0,69.042
1067.0,67.683
1044.0,66.0
1046.0,65.862
1034.0,66.53
1019.0,66.224
1019.0,64.371
1015.0,62.965
961.0,62.209
641.0,61.784
267.0,61.448
70.0,57.477
6.0,50.9
2.0,45.997
133.0,41.534
454.0,34.963
183.0,28.883
1326.0,39.535
1049.0,50.431
1015.0,57.286
978.0,61.748
1041.0,66.356
1170.0,70.543
1143.0,72.812
1060.0,73.55
1067.0,73.664
1094.0,73.531
1069.0,73.721
1084.0,73.973
1082.0,73.789
1085.0,73.842
1074.0,73.661
1067.0,73.341
1059.0,73.956
1040.0,73.936
1024.0,73.311
927.0,72.527
493.0,71.953
55.0,70.834
9.0,70.558
43.0,70.277
356.0,69.929
1068.0,69.656
1027.0,69.903
1001.0,70.758
1020.0,70.5
1172.0,69.685
2084.0,69.604
2504.0,71.286
2267.0,70.997
1942.0,70.625
1760.0,70.695
1945.0,71.91
2157.0,73.184
1855.0,73.518
1366.0,73.133
1120.0,73.857
1053.0,73.158
1070.0,72.243
1102.0,71.155
1078.0,71.201
1041.0,70.549
1042.0,68.915
1030.0,69.549
970.0,70.198
468.0,70.524
29.0,68.649
1062.0,66.65
1052.0,65.499
1050.0,66.041
1052.0,66.518
1056.0,62.456
1074.0,55.173
1205.0,48.602
1878.0,43.84
2334.0,38.854
2345.0,32.863
2275.0,41.985
2229.0,52.428
2160.0,59.114
2082.0,63.467
2219.0,67.978
2454.0,71.913
2574.0,73.64
2515.0,74.232
2423.0,74.233
2115.0,73.572
1610.0,73.662
1144.0,73.569
1029.0,73.224
1018.0,73.686
975.0,73.698
465.0,73.561
54.0,74.034
30.0,73.714
20.0,73.04
17.0,72.054
89.0,71.415
266.0,70.523
601.0,69.932
1062.0,70.065
1066.0,69.386
1049.0,69.632
1060.0,69.889
1047.0,70.768
1057.0,70.479
1085.0,69.916
1075.0,70.746
1056.0,72.22
1020.0,72.387
1019.0,71.889
1049.0,71.7
1009.0,73.015
1005.0,73.391
1048.0,73.191
1064.0,72.797
1291.0,72.955
1625.0,72.797
1400.0,71.991
1308.0,71.791
1476.0,72.05
1267.0,72.103
1029.0,70.808
1052.0,70.552
1048.0,71.697
1008.0,71.952
937.0,71.041
503.0,69.05
119.0,67.774
42.0,68.603
35.0,70.566
34.0,66.461
36.0,57.863
18.0,49.71
18.0,44.433
52.0,40.469
135.0,35.334
1046.0,45.369
1049.0,54.742
1054.0,60.796
1038.0,65.338
1038.0,69.507
1051.0,72.908
1056.0,73.967
1054.0,73.725
1050.0,73.219
1032.0,72.955
993.0,72.577
1005.0,72.413
1032.0,72.067
1040.0,72.633
1051.0,72.799
1050.0,73.552
1038.0,73.476
1018.0,73.318
1030.0,72.144
1034.0,71.284
1035.0,70.647
1052.0,70.21
1038.0,69.685
1043.0,69.748
1052.0,69.758
1055.0,69.75
1047.0,69.823
995.0,70.8
971.0,70.956
973.0,70.673
1016.0,71.567
1025.0,73.319
975.0,73.776
882.0,72.678
643.0,72.863
258.0,72.935
44.0,72.147
18.0,71.632
16.0,71.62
21.0,72.277
128.0,72.289
687.0,71.699
815.0,71.784
286.0,72.447
31.0,72.38
1062.0,71.598
1053.0,71.225
1061.0,72.41
1043.0,72.49
1037.0,71.663
1019.0,70.075
1040.0,69.119
1045.0,70.582
1008.0,72.938
1012.0,69.313
1003.0,59.267
1024.0,49.591
1009.0,43.263
1019.0,40.548
1035.0,37.599
1034.0,46.889
1021.0,55.19
992.0,60.61
1011.0,65.255
977.0,69.361
952.0,72.529
993.0,73.5
1041.0,72.752
1048.0,72.251
1057.0,71.538
1053.0,71.314
1048.0,70.975
1034.0,71.523
988.0,71.359
1001.0,72.118
1024.0,72.598
1048.0,72.918
1045.0,72.687
1005.0,72.261
1006.0,71.433
1020.0,70.833
1004.0,71.025
969.0,70.298
690.0,70.237
263.0,70.168
179.0,70.005
304.0,69.983
124.0,70.812
181.0,70.989
500.0,70.888
646.0,71.825
267.0,73.184
6.0,73.279
4.0,72.594
1075.0,72.229
1063.0,72.124
1038.0,71.369
1030.0,70.003
1032.0,70.276
1015.0,71.823
1018.0,72.065
1012.0,71.447
982.0,71.267
1009.0,71.914
1035.0,72.2
1018.0,71.328
985.0,71.501
981.0,72.7
962.0,72.911
968.0,72.105
973.0,70.647
996.0,69.839
1031.0,71.757
1039.0,73.967
1035.0,69.733
1041.0,58.726
1003.0,48.502
969.0,41.252
1015.0,38.865
1018.0,36.455
1026.0,46.799
1037.0,53.93
1048.0,58.444
1061.0,63.321
1054.0,67.26
1072.0,70.866
1074.0,72.071
1050.0,71.867
1041.0,70.881
1018.0,70.699
995.0,70.315
1007.0,70.037
1031.0,70.583
1034.0,70.593
1004.0,71.012
1014.0,72.16
1038.0,72.231
1032.0,71.684
1033.0,71.559
947.0,71.194
652.0,70.721
457.0,70.988
683.0,71.241
278.0,70.83
1.0,70.755
1065.0,70.123
1041.0,70.148
1179.0,70.215
1147.0,70.266
1001.0,70.266
999.0,71.103
1009.0,71.867
989.0,71.076
965.0,70.458
964.0,70.654
961.0,70.807
991.0,70.037
985.0,68.856
927.0,69.423
917.0,71.009
936.0,71.618
993.0,70.392
1010.0,70.129
989.0,70.661
1031.0,70.656
1008.0,70.614
955.0,71.261
939.0,72.381
981.0,72.959
1010.0,72.755
1027.0,71.517
1024.0,70.637
996.0,72.342
1018.0,74.046
1042.0,68.971
1052.0,57.77
1074.0,46.57
1069.0,38.503
1033.0,35.594
1036.0,33.943
1043.0,46.32
1048.0,53.28
1053.0,57.779
1061.0,61.784
1042.0,65.669
1019.0,69.728
1019.0,71.306
1025.0,71.314
986.0,70.665
1021.0,69.846
1034.0,69.661
1011.0,70.026
1002.0,69.598
852.0,70.036
332.0,71.008
201.0,71.746
478.0,71.764
86.0,71.419
10.0,70.642
1.0,70.365
5.0,70.419
1195.0,70.318
1024.0,70.662
1027.0,70.961
1002.0,70.969
1011.0,70.464
1001.0,70.416
1008.0,70.365
1040.0,70.368
1038.0,69.756
1041.0,69.97
994.0,70.453
836.0,69.921
898.0,69.247
1041.0,69.258
1004.0,69.918
1023.0,69.567
1037.0,68.948
1020.0,69.381
666.0,70.761
121.0,70.949
29.0,70.303
24.0,69.819
20.0,70.328
17.0,70.536
42.0,70.575
393.0,70.804
907.0,71.7
1001.0,72.766
1018.0,73.137
1030.0,72.372
1053.0,71.752
1088.0,72.977
1079.0,73.789
1032.0,68.649
1054.0,57.059
1049.0,45.3
1044.0,37.197
1048.0,34.407
1055.0,32.423
1045.0,47.384
1023.0,54.458
1025.0,59.053
1045.0,62.738
1013.0,66.251
995.0,69.591
983.0,71.052
972.0,71.431
1013.0,70.533
1038.0,70.936
1025.0,70.651
998.0,70.747
952.0,70.628
598.0,70.903
338.0,71.309
32.0,72.071
21.0,72.454
7.0,71.558
5.0,70.237
1080.0,69.399
1028.0,68.825
1019.0,69.179
1032.0,69.846
1037.0,70.084
1014.0,70.543
1053.0,71.482
1019.0,71.476
959.0,71.923
621.0,70.692
286.0,69.858
212.0,69.004
298.0,69.238
534.0,69.208
786.0,69.214
983.0,69.526
1041.0,69.987
714.0,70.067
736.0,70.156
437.0,70.308
69.0,71.107
25.0,71.074
18.0,71.217
8.0,71.529
9.0,72.019
35.0,71.837
166.0,70.811
647.0,70.418
974.0,70.922
1032.0,71.945
1044.0,73.225
1082.0,72.883
1074.0,71.918
1008.0,73.192
1024.0,74.233
1027.0,68.728
1036.0,57.554
1041.0,46.465
1071.0,38.075
1074.0,35.291
975.0,33.72
1004.0,49.1
1074.0,57.604
1063.0,62.465
1060.0,65.892
1073.0,68.669
1062.0,71.452
1044.0,72.466
1018.0,72.842
1007.0,71.829
1036.0,71.551
1038.0,71.764
1024.0,72.299
975.0,72.368
554.0,72.024
746.0,72.208
531.0,72.483
68.0,72.694
1055.0,71.785
1065.0,70.937
1029.0,69.473
1010.0,68.649
1006.0,68.931
1015.0,69.504
1008.0,69.983
752.0,70.333
162.0,71.57
34.0,71.861
20.0,71.824
20.0,71.457
31.0,70.625
28.0,69.738
17.0,69.312
14.0,68.804
36.0,69.338
140.0,69.787
609.0,70.617
791.0,70.602
287.0,70.534
120.0,70.621
15.0,70.849
12.0,71.054
16.0,71.377
31.0,71.957
62.0,72.595
476.0,72.426
966.0,70.739
1026.0,69.581
1056.0,69.57
1098.0,70.478
1072.0,71.394
1027.0,70.982
1032.0,70.195
1019.0,72.041
1033.0,73.939
1263.0,69.049
1400.0,58.411
1206.0,47.895
1037.0,40.078
911.0,37.776
966.0,36.351
984.0,50.752
1050.0,59.474
1067.0,63.956
1056.0,66.972
1067.0,69.674
1061.0,72.912
1067.0,73.527
1076.0,73.531
1062.0,72.569
1038.0,72.272
1004.0,73.143
1017.0,73.715
1005.0,72.722
663.0,72.296
167.0,72.331
131.0,73.407
2.0,73.643
1164.0,72.963
1038.0,71.892
989.0,70.572
951.0,69.513
837.0,69.53
522.0,69.922
177.0,70.383
35.0,71.006
25.0,71.889
20.0,72.289
17.0,72.113
27.0,71.754
31.0,71.272
25.0,71.081
11.0,70.297
24.0,70.252
41.0,69.995
45.0,70.686
216.0,71.46
518.0,71.577
164.0,71.038
2.0,70.918
37.0,71.216
71.0,70.979
152.0,71.529
250.0,71.819
617.0,72.789
969.0,72.38
1024.0,71.036
1030.0,70.264
1045.0,70.501
1076.0,70.58
1036.0,70.632
982.0,69.474
1004.0,69.135
1002.0,71.252
1005.0,73.504
1038.0,69.159
1024.0,59.038
946.0,49.003
818.0,42.545
786.0,40.443
991.0,39.228
976.0,51.033
1013.0,59.029
1058.0,62.819
1045.0,66.018
1104.0,69.299
1080.0,72.627
1062.0,73.968
1066.0,74.116
1063.0,73.475
1057.0,73.598
1060.0,73.689
1051.0,73.894
1045.0,73.581
1053.0,73.069
987.0,73.352
407.0,73.59
36.0,73.995
762.0,73.674
134.0,72.943
40.0,71.676
44.0,70.73
28.0,70.193
41.0,70.523
30.0,71.775
34.0,72.367
26.0,72.469
13.0,72.149
16.0,71.946
31.0,71.556
25.0,71.479
29.0,71.514
32.0,71.871
35.0,71.646
39.0,71.149
42.0,71.482
73.0,72.749
573.0,72.656
993.0,71.617
982.0,71.362
606.0,71.755
377.0,71.819
770.0,71.361
890.0,71.732
947.0,72.737
1010.0,72.879
1023.0,72.041
1025.0,71.823
1039.0,71.446
996.0,71.373
898.0,70.722
874.0,69.889
472.0,69.491
106.0,71.837
79.0,73.913
474.0,69.953
986.0,60.439
892.0,51.831
807.0,45.777
535.0,43.602
728.0,41.139
988.0,49.216
993.0,57.015
989.0,60.35
1003.0,63.891
1011.0,67.716
1301.0,71.59
1203.0,73.967
1203.0,74.161
1249.0,73.873
1089.0,73.235
1062.0,73.292
1063.0,73.644
1060.0,73.99
1038.0,73.681
1029.0,73.768
794.0,74.018
259.0,74.233
1022.0,74.233
318.0,73.48
50.0,72.791
26.0,72.471
21.0,71.685
18.0,72.192
15.0,73.38
30.0,73.796
21.0,73.577
12.0,73.196
19.0,72.207
29.0,71.73
23.0,71.772
27.0,71.737
27.0,72.518
26.0,72.01
25.0,71.79
36.0,72.177
157.0,73.084
579.0,73.002
972.0,72.186
1013.0,71.976
989.0,72.256
673.0,72.019
959.0,71.284
1023.0,71.327
1017.0,72.6
1011.0,72.774
1017.0,72.612
1027.0,72.076
1023.0,71.655
906.0,71.892
761.0,72.167
990.0,71.418
977.0,71.098
972.0,72.83
981.0,74.02
993.0,69.885
632.0,62.718
106.0,55.258
101.0,50.116
613.0,46.785
1007.0,42.672
1038.0,47.084
1044.0,54.919
1037.0,58.354
1001.0,62.236
979.0,66.358
1001.0,69.957
1050.0,72.373
1167.0,72.852
1144.0,72.296
1146.0,71.936
1093.0,72.071
1060.0,72.807
1060.0,73.746
1049.0,73.912
1036.0,73.917
721.0,74.011
602.0,73.739
1489.0,74.027
973.0,74.233
235.0,74.062
22.0,73.352
8.0,72.755
4.0,72.705
9.0,73.506
21.0,74.058
20.0,74.233
17.0,73.76
22.0,73.231
29.0,72.735
24.0,73.027
31.0,72.792
37.0,73.05
33.0,72.784
24.0,72.45
15.0,72.573
18.0,73.681
95.0,73.579
658.0,73.498
1000.0,73.151
743.0,73.148
111.0,72.7
394.0,71.958
898.0,72.372
1023.0,73.176
1016.0,73.06
994.0,73.315
1013.0,72.619
1000.0,72.218
932.0,73.214
848.0,73.766
914.0,73.07
1009.0,72.173
1053.0,72.617
1032.0,72.68
1000.0,68.649
1002.0,61.663
863.0,55.892
506.0,51.459
958.0,47.473
1058.0,42.189
1059.0,46.466
1044.0,54.567
1028.0,58.426
1008.0,62.197
990.0,66.385
1001.0,69.068
1032.0,70.693
1049.0,71.136
1073.0,70.639
1212.0,70.307
1555.0,70.407
1449.0,71.436
1061.0,73.133
1028.0,73.356
967.0,73.678
388.0,73.376
141.0,73.527
1666.0,73.798
816.0,74.233
131.0,74.233
12.0,73.528
11.0,73.414
21.0,73.324
13.0,73.843
26.0,73.932
21.0,74.233
23.0,73.945
20.0,73.964
27.0,73.401
30.0,73.545
47.0,73.789
37.0,73.415
36.0,73.068
27.0,72.325
24.0,72.581
26.0,73.581
21.0,73.721
44.0,73.534
147.0,73.451
378.0,73.62
318.0,72.877
86.0,72.687
72.0,73.273
86.0,73.753
81.0,73.778
37.0,74.145
34.0,73.384
294.0,72.801
656.0,73.088
834.0,73.882
1063.0,72.948
1039.0,71.547
1035.0,71.414
1034.0,70.084
1024.0,64.893
1023.0,58.959
1008.0,54.479
1078.0,50.581
1048.0,46.082
976.0,39.777
1026.0,45.921
1015.0,54.548
1004.0,58.469
1008.0,62.301
1003.0,65.936
1056.0,68.215
1165.0,69.054
1300.0,69.136
1309.0,68.988
1339.0,68.933
1475.0,69.217
1531.0,70.049
1121.0,71.852
1000.0,72.904
889.0,73.06
257.0,72.889
502.0,72.675
883.0,73.021
214.0,73.602
52.0,73.757
35.0,73.84
26.0,73.429
32.0,72.923
12.0,72.864
17.0,73.29
35.0,73.862
27.0,74.07
31.0,73.674
35.0,73.586
35.0,73.807
38.0,74.02
43.0,73.942
36.0,73.197
26.0,72.759
31.0,72.858
34.0,73.053
59.0,73.552
244.0,73.562
763.0,73.461
1013.0,72.928
1049.0,73.112
1026.0,73.416
1024.0,73.359
1013.0,74.058
920.0,74.192
505.0,74.134
614.0,73.754
928.0,73.157
1033.0,72.884
1015.0,72.725
1032.0,71.384
1039.0,69.69
1020.0,68.649
1034.0,65.696
1030.0,59.551
1019.0,54.196
1020.0,51.221
1057.0,48.414
1056.0,43.718
969.0,37.583
974.0,45.077
960.0,53.696
991.0,58.062
1131.0,62.035
1122.0,65.813
1079.0,68.649
1076.0,69.017
1064.0,69.269
1034.0,69.192
1022.0,69.19
1037.0,68.649
1041.0,69.6
1004.0,71.145
992.0,72.201
656.0,72.041
75.0,71.703
210.0,71.2
1016.0,71.297
447.0,72.601
215.0,73.391
312.0,73.24
396.0,73.169
465.0,72.36
477.0,72.051
401.0,72.696
198.0,73.734
76.0,74.157
64.0,74.002
45.0,73.252
57.0,73.51
75.0,73.824
83.0,74.082
108.0,73.543
277.0,72.948
623.0,72.955
911.0,72.889
1022.0,73.329
1044.0,73.374
1051.0,73.613
1041.0,73.273
1044.0,72.999
1037.0,73.212
1043.0,73.662
1044.0,73.837
1041.0,74.098
1041.0,74.077
1028.0,74.066
1006.0,72.911
1008.0,72.345
1001.0,71.704
1033.0,69.729
1043.0,66.464
1038.0,63.186
1033.0,58.476
1025.0,52.723
1008.0,48.465
986.0,47.317
959.0,45.065
974.0,40.9
941.0,35.915
981.0,42.913
1016.0,52.466
1031.0,57.869
1037.0,62.144
1041.0,66.376
1048.0,68.975
1069.0,69.781
1064.0,69.855
1053.0,69.86
1051.0,69.488
1039.0,69.614
1023.0,69.935
999.0,70.886
894.0,71.275
313.0,70.735
189.0,70.63
601.0,69.988
1251.0,70.146
1326.0,71.026
1151.0,71.759
1023.0,72.145
999.0,71.952
1009.0,71.617
1004.0,71.278
1003.0,72.298
997.0,73.316
1018.0,73.617
1009.0,73.252
1009.0,72.731
1032.0,72.724
1031.0,73.309
1040.0,73.725
1023.0,73.613
1024.0,73.238
1036.0,73.375
1032.0,73.436
1028.0,73.657
1035.0,73.924
1041.0,73.712
1035.0,73.242
1033.0,73.412
1035.0,73.735
1046.0,73.737
1053.0,73.967
1047.0,73.469
1031.0,73.302
1021.0,72.257
1015.0,71.19
1012.0,70.165
1023.0,68.649
1045.0,65.475
1041.0,61.314
1033.0,56.566
1061.0,50.071
1059.0,44.646
1035.0,42.626
1008.0,38.318
1012.0,50.062
1037.0,56.834
1023.0,61.926
1035.0,66.573
1037.0,69.77
1042.0,70.969
1043.0,71.312
1060.0,71.636
1063.0,71.021
1068.0,70.693
1067.0,70.758
1042.0,70.97
1030.0,70.33
1023.0,69.746
1031.0,69.734
997.0,69.132
633.0,68.649
223.0,69.494
382.0,70.407
345.0,70.466
1298.0,70.165
1090.0,70.375
1013.0,70.529
1016.0,71.4
1037.0,72.694
989.0,72.673
753.0,72.04
945.0,71.673
1022.0,71.864
1028.0,73.08
1027.0,73.839
1032.0,73.727
1017.0,73.653
998.0,73.556
992.0,74.103
1013.0,74.233
1016.0,73.953
1016.0,73.492
1018.0,73.242
1022.0,72.893
1031.0,73.204
1035.0,73.441
1039.0,73.046
1023.0,71.1
1033.0,68.649
1054.0,65.635
1047.0,62.565
1044.0,60.454
1037.0,58.071
1029.0,55.359
1010.0,34.29
1017.0,46.791
1045.0,54.872
1049.0,60.296
1037.0,65.876
1041.0,69.391
1040.0,71.285
1050.0,72.023
1054.0,72.662
1044.0,72.359
1044.0,71.733
1045.0,71.78
1039.0,71.201
1051.0,70.494
1059.0,69.597
1055.0,69.645
1051.0,68.918
1055.0,68.483
1050.0,68.649
1037.0,69.277
1039.0,69.298
1017.0,69.611
993.0,69.245
1019.0,69.541
1023.0,70.292
908.0,71.275
442.0,71.81
570.0,71.783
238.0,71.769
1529.0,72.451
1241.0,73.188
1033.0,74.133
1010.0,73.817
1007.0,73.106
1006.0,73.121
1001.0,74.222
1011.0,73.729
993.0,72.235
992.0,70.456
974.0,70.159
984.0,69.758
1004.0,68.649
995.0,67.423
958.0,64.952
963.0,61.718
958.0,58.278
960.0,30.738
966.0,43.463
994.0,51.683
1013.0,57.385
1030.0,62.695
1033.0,66.277
1026.0,69.188
1037.0,71.4
1051.0,72.937
1044.0,73.468
1041.0,72.874
1032.0,72.719
1027.0,72.239
1024.0,70.947
1036.0,70.564
1049.0,70.309
1041.0,69.765
1040.0,68.883
1036.0,68.797
1039.0,69.028
1041.0,69.556
1043.0,69.237
1044.0,69.043
1045.0,69.102
1056.0,68.608
1040.0,68.649
1034.0,68.928
1031.0,70.185
999.0,71.439
982.0,72.324
991.0,72.906
989.0,73.164
995.0,71.642
1006.0,69.127
1007.0,69.137
1041.0,69.116
1024.0,67.33
1007.0,63.549
585.0,60.883
127.0,59.354
259.0,58.087
56.0,55.571
1694.0,26.607
1314.0,38.218
1032.0,46.4
1032.0,51.242
971.0,55.785
967.0,59.429
984.0,63.358
1029.0,67.699
1044.0,71.094
1034.0,72.593
1030.0,72.771
1045.0,73.256
1039.0,73.193
1019.0,71.669
1005.0,70.918
1006.0,70.816
995.0,69.972
972.0,69.219
965.0,68.628
949.0,68.761
958.0,68.649
967.0,68.38
982.0,67.588
1005.0,66.14
1036.0,64.393
1043.0,62.29
1048.0,62.636
1045.0,65.557
1042.0,67.779
1034.0,68.801
1025.0,68.649
1040.0,67.696
1056.0,64.625
1051.0,60.388
1041.0,58.84
1038.0,57.871
1047.0,23.015
1039.0,33.886
1042.0,41.425
1031.0,45.87
1033.0,48.97
1025.0,52.027
1007.0,55.164
995.0,59.699
997.0,64.466
997.0,66.902
957.0,68.364
970.0,70.023
998.0,70.705
1006.0,70.328
1019.0,69.152
1036.0,68.448
1037.0,67.541
924.0,66.648
833.0,66.23
660.0,65.421
146.0,64.391
7.0,63.119
3.0,61.777
4.0,59.62
1727.0,56.086
1131.0,53.283
1038.0,53.501
1025.0,56.078
1031.0,58.612
1032.0,59.659
1030.0,58.625
1047.0,19.929
1048.0,29.651
1036.0,36.948
1032.0,41.285
1053.0,44.36
1053.0,46.825
1066.0,49.684
1070.0,53.228
1047.0,57.253
1047.0,60.159
1037.0,62.804
1029.0,64.901
999.0,65.475
989.0,64.386
1016.0,62.643
1018.0,61.292
1010.0,60.589
1038.0,59.772
1039.0,58.521
1032.0,56.897
1046.0,54.318
1047.0,51.743
1040.0,49.32
1038.0,46.371
1042.0,43.126
1053.0,40.669
1054.0,16.596
1048.0,25.062
1059.0,31.614
1046.0,36.366
1035.0,40.598
1043.0,44.058
1054.0,46.416
1052.0,48.78
1052.0,51.615
1046.0,54.284
1020.0,56.897
993.0,57.748
993.0,57.008
1004.0,54.778
1017.0,52.003
1039.0,51.404
1013.0,50.708
1004.0,49.229
1025.0,46.03
713.0,42.695
236.0,39.656
57.0,37.238
9.0,36.175
6.0,13.487
4.0,20.586
1307.0,26.442
1098.0,31.717
1073.0,36.649
1040.0,40.585
1044.0,43.338
1042.0,45.366
1036.0,46.712
1030.0,48.447
1039.0,49.539
1022.0,49.813
982.0,48.198
1020.0,45.813
1053.0,42.981
1074.0,41.388
1079.0,39.772
1048.0,37.383
1053.0,34.49
1053.0,10.457
1046.0,15.896
1061.0,20.904
1061.0,25.629
1053.0,31.226
1037.0,36.112
1024.0,39.176
1033.0,41.165
1013.0,44.03
1025.0,44.099
1049.0,6.336
1042.0,10.463
1044.0,17.756
1034.0,28.482
1049.0,49.403
1059.0,9.188
1054.0,15.485
1045.0,23.945
1049.0,33.984
1046.0,42.584
1043.0,48.894
1043.0,51.37
1050.0,52.12
1051.0,51.711
1060.0,50.917
1047.0,13.195
1000.0,22.342
1006.0,31.241
1026.0,39.162
1037.0,46.069
1018.0,50.839
1012.0,52.611
1020.0,53.089
696.0,52.883
221.0,52.556
51.0,52.19
13.0,50.53
2.0,45.94
3.0,38.365
1471.0,30.922
1090.0,17.381
1075.0,29.065
1062.0,38.106
1042.0,44.605
1049.0,49.255
1040.0,52.322
1043.0,53.488
1042.0,53.923
1030.0,54.271
988.0,54.504
1011.0,53.873
1020.0,52.746
1044.0,48.338
1055.0,40.942
1065.0,33.911
1075.0,32.861
1109.0,36.132
1109.0,40.024
1122.0,21.671
1084.0,35.004
1076.0,44.48
1088.0,49.248
1073.0,52.158
1057.0,53.782
1053.0,53.827
1052.0,54.797
1049.0,56.48
1040.0,57.844
1051.0,58.266
1056.0,56.707
1061.0,52.411
1060.0,45.104
1055.0,38.811
1053.0,38.222
1046.0,42.503
1047.0,46.609
1041.0,49.096
1038.0,50.306
1044.0,25.588
1057.0,39.961
1048.0,48.949
1028.0,53.506
1018.0,56.507
1002.0,56.634
978.0,56.621
1000.0,57.467
893.0,59.708
484.0,62.466
318.0,63.528
78.0,62.641
5.0,58.133
2012.0,51.273
1375.0,45.558
1066.0,45.576
1050.0,49.84
1028.0,54.927
1032.0,57.599
1025.0,58.539
1043.0,58.485
1043.0,57.193
1009.0,55.692
1016.0,30.359
1034.0,45.128
1009.0,53.954
1030.0,58.506
1013.0,60.985
956.0,61.158
970.0,60.606
991.0,61.711
1350.0,64.089
2014.0,66.583
1872.0,67.773
1856.0,66.919
1818.0,62.99
1671.0,57.2
1484.0,52.803
1221.0,53.031
1171.0,57.158
1101.0,61.424
1049.0,63.557
1038.0,64.902
1050.0,65.005
1053.0,64.195
1060.0,62.679
1059.0,61.592
1058.0,61.234
1053.0,61.223
1051.0,33.899
1044.0,48.425
1034.0,57.151
1042.0,62.464
1032.0,65.302
983.0,65.8
993.0,64.933
1010.0,66.297
959.0,68.127
750.0,70.08
815.0,70.978
420.0,70.207
49.0,67.69
6.0,63.311
1933.0,60.899
1708.0,61.812
1112.0,64.432
1035.0,66.518
1043.0,67.646
1054.0,68.002
1045.0,68.649
1037.0,68.18
1017.0,67.207
1012.0,66.906
1079.0,67.097
1300.0,66.744
1363.0,66.593
1267.0,65.908
1322.0,65.334
1588.0,65.163
1749.0,65.51
1697.0,66.595
1394.0,35.669
1168.0,49.825
1307.0,58.384
1638.0,63.876
2324.0,67.319
2662.0,68.616
2467.0,68.16
1916.0,69.181
1837.0,70.294
1971.0,71.626
1133.0,72.554
984.0,72.512
975.0,71.432
1004.0,69.308
1055.0,68.17
1054.0,68.964
1056.0,70.532
1038.0,70.672
1031.0,70.524
1009.0,70.7
972.0,71.063
999.0,70.884
977.0,70.03
818.0,70.011
748.0,70.257
679.0,70.366
624.0,70.235
142.0,69.55
1.0,68.779
6.0,67.951
2006.0,68.426
1895.0,68.934
1233.0,68.937
1049.0,67.382
1017.0,65.881
1011.0,63.679
1024.0,60.466
1074.0,56.443
1359.0,53.809
2176.0,53.497
2359.0,53.213
2303.0,51.711
2349.0,49.269
2440.0,47.756
2531.0,37.832
2494.0,50.571
2508.0,58.41
2438.0,63.671
2228.0,67.558
1883.0,68.79
1434.0,68.602
1166.0,69.144
1101.0,70.038
1057.0,71.712
1036.0,72.979
1067.0,73.466
1072.0,73.038
1045.0,72.352
980.0,72.266
972.0,72.953
996.0,73.155
1019.0,72.735
1033.0,71.971
1031.0,72.333
1009.0,72.53
1014.0,71.767
1012.0,71.609
854.0,71.849
527.0,71.688
552.0,71.681
621.0,71.883
115.0,71.616
13.0,70.845
5.0,69.651
1819.0,69.348
2214.0,70.24
1421.0,70.009
1051.0,69.303
1013.0,68.649
1009.0,68.382
1024.0,66.301
1030.0,64.064
1045.0,61.888
1081.0,61.394
1044.0,61.726
1021.0,62.238
1035.0,62.243
1060.0,61.395
1105.0,59.827
1113.0,57.328
1078.0,55.541
1080.0,53.763
1082.0,50.974
1073.0,48.972
1074.0,49.978
1068.0,50.234
1059.0,49.406
1048.0,39.83
1020.0,51.654
1015.0,58.394
1007.0,63.031
990.0,67.033
987.0,68.486
1014.0,68.649
955.0,69.236
857.0,70.165
787.0,71.066
599.0,72.338
535.0,73.196
636.0,74.006
194.0,73.856
8.0,73.668
10.0,73.287
1080.0,73.356
1846.0,72.866
1955.0,72.681
1214.0,72.913
1036.0,73.08
1040.0,72.653
1027.0,72.033
1009.0,72.308
1055.0,72.298
1054.0,72.415
1056.0,72.282
1062.0,72.048
1062.0,71.335
1063.0,70.276
1069.0,69.93
1060.0,70.345
1059.0,70.407
1032.0,69.733
1034.0,69.545
1051.0,69.449
1031.0,68.649
1006.0,67.29
997.0,66.158
1005.0,65.988
862.0,66.315
429.0,67.061
125.0,66.933
37.0,65.769
282.0,64.381
748.0,62.604
892.0,61.247
637.0,59.905
170.0,58.257
39.0,56.191
8.0,57.198
2.0,57.921
1.0,57.905
1289.0,56.467
1822.0,53.626
1713.0,50.189
1906.0,47.425
1320.0,43.21
1056.0,36.208
983.0,28.78
945.0,40.916
942.0,51.775
950.0,58.017
969.0,62.37
977.0,66.382
989.0,68.649
992.0,69.22
1007.0,69.34
1003.0,70.438
970.0,70.992
939.0,72.316
785.0,73.236
457.0,74.022
200.0,73.852
97.0,73.08
57.0,73.078
93.0,72.66
107.0,72.989
49.0,73.237
288.0,73.676
88.0,74.149
5.0,73.218
8.0,72.353
9.0,72.446
11.0,72.597
5.0,72.239
1739.0,71.738
2190.0,71.987
2002.0,71.189
1395.0,69.87
1001.0,69.49
969.0,70.42
977.0,69.993
1003.0,69.4
918.0,69.407
581.0,69.906
210.0,70.068
94.0,69.396
68.0,68.649
56.0,68.651
48.0,69.06
39.0,68.926
32.0,68.891
35.0,68.232
22.0,67.265
362.0,66.359
632.0,65.397
540.0,65.254
136.0,64.523
26.0,62.642
29.0,63.037
6.0,62.913
1002.0,63.413
1032.0,63.296
1002.0,60.075
1020.0,55.624
1032.0,53.002
827.0,49.463
286.0,42.796
56.0,34.107
44.0,40.779
29.0,51.474
38.0,57.433
35.0,62.099
44.0,65.837
42.0,68.798
119.0,70.087
556.0,70.706
322.0,70.818
102.0,71.901
13.0,72.846
10.0,73.715
201.0,74.233
241.0,73.999
187.0,73.334
86.0,72.511
43.0,72.963
32.0,73.462
27.0,73.728
26.0,74.233
70.0,74.179
416.0,73.141
684.0,72.995
328.0,72.798
36.0,72.576
27.0,71.719
178.0,71.588
309.0,71.573
339.0,70.792
181.0,69.833
145.0,69.223
303.0,70.003
188.0,69.463
6.0,69.248
7.0,69.318
10.0,70.272
35.0,70.589
20.0,70.911
14.0,71.113
677.0,71.424
594.0,71.536
691.0,71.009
631.0,70.318
165.0,69.689
357.0,68.616
649.0,68.216
654.0,68.651
1008.0,69.551
989.0,69.506
1001.0,68.222
1027.0,66.775
1041.0,65.913
1037.0,66.231
925.0,67.203
604.0,64.27
233.0,58.957
37.0,54.918
30.0,51.829
34.0,47.068
127.0,38.406
385.0,40.933
1153.0,51.381
975.0,57.132
976.0,61.807
975.0,65.851
967.0,69.709
966.0,71.237
969.0,71.951
979.0,72.05
976.0,72.638
996.0,72.844
904.0,73.925
362.0,74.043
74.0,73.884
43.0,73.32
18.0,72.711
12.0,73.14
8.0,74.196
130.0,74.096
1918.0,74.233
1364.0,73.823
1380.0,72.981
1611.0,72.599
1618.0,72.544
1296.0,71.873
1067.0,71.337
1051.0,70.947
1055.0,71.288
1071.0,70.162
1058.0,69.517
1013.0,69.345
980.0,70.104
980.0,69.841
765.0,69.375
291.0,69.704
38.0,71.025
24.0,72.047
15.0,72.379
6.0,72.881
10.0,73.195
106.0,72.856
1465.0,72.183
1668.0,71.193
1794.0,70.689
1451.0,69.982
1142.0,69.346
1122.0,70.198
1382.0,72.095
1862.0,73.001
1397.0,71.452
1135.0,69.182
1141.0,67.774
1111.0,68.366
1086.0,70.049
1064.0,67.139
1038.0,60.255
1008.0,55.484
988.0,52.662
1005.0,48.565
777.0,41.011
290.0,43.077
26.0,52.075
4.0,57.67
1275.0,61.866
1575.0,66.093
1507.0,70.456
1647.0,72.79
1664.0,73.686
1266.0,73.977
1077.0,74.032
1071.0,74.233
1155.0,74.233
1834.0,73.692
2395.0,73.268
1890.0,72.372
1146.0,72.179
1037.0,72.85
1026.0,74.233
1014.0,74.233
1032.0,74.214
1054.0,73.625
1049.0,72.582
1015.0,72.312
1005.0,72.176
848.0,71.651
319.0,71.143
31.0,70.879
1109.0,70.876
1078.0,70.149
1101.0,69.527
1118.0,69.804
1117.0,71.495
1461.0,71.356
1967.0,70.864
2081.0,70.897
2105.0,72.228
1853.0,72.645
1565.0,72.693
1336.0,72.569
1130.0,72.9
996.0,72.652
975.0,71.992
1035.0,71.54
1090.0,71.481
1086.0,70.837
1082.0,70.276
1072.0,70.965
1038.0,72.83
1034.0,73.721
1017.0,72.635
903.0,70.733
273.0,69.08
36.0,69.913
20.0,72.163
31.0,68.649
19.0,60.944
1271.0,55.05
1062.0,52.265
1045.0,49.261
1043.0,42.563
1027.0,44.768
1045.0,53.571
1075.0,58.703
1045.0,62.676
1052.0,66.997
1015.0,70.911
1016.0,73.502
986.0,74.218
1017.0,74.233
1011.0,74.127
1006.0,74.225
1001.0,73.726
1012.0,73.299
1021.0,72.265
1043.0,71.643
1049.0,71.59
1050.0,72.467
1058.0,73.559
1055.0,74.024
1061.0,73.3
1010.0,72.75
683.0,72.006
141.0,71.304
52.0,71.778
51.0,71.425
34.0,70.769
34.0,70.742
39.0,70.478
32.0,70.111
4.0,70.119
24.0,71.06
36.0,72.848
41.0,73.284
142.0,72.219
22.0,71.735
1653.0,72.433
1093.0,72.482
1065.0,71.92
1046.0,71.82
1049.0,72.178
1033.0,72.33
1035.0,71.313
1051.0,71.339
1066.0,71.963
1013.0,71.765
993.0,70.858
1026.0,70.938
1029.0,72.307
1027.0,73.348
1012.0,72.954
1017.0,71.156
1014.0,69.704
1016.0,71.145
1026.0,73.424
1025.0,69.905
1041.0,61.135
1053.0,53.95
1051.0,50.62
1045.0,48.916
1044.0,43.265
1042.0,45.143
1016.0,53.386
988.0,58.334
946.0,63.453
943.0,67.375
826.0,71.526
804.0,73.968
739.0,74.233
611.0,73.916
423.0,73.321
179.0,73.147
33.0,73.223
16.0,72.28
12.0,70.995
13.0,70.853
17.0,71.758
42.0,72.582
289.0,73.474
454.0,73.476
311.0,73.128
175.0,71.884
2.0,71.23
1356.0,71.222
1067.0,71.009
1049.0,71.287
1041.0,70.449
1056.0,70.208
1035.0,70.354
1016.0,70.902
1011.0,70.579
995.0,72.22
970.0,73.638
999.0,73.77
1030.0,72.897
1020.0,72.702
1022.0,72.871
1020.0,72.182
1029.0,70.775
1031.0,70.299
1029.0,71.442
1036.0,71.535
1030.0,70.644
1029.0,70.573
1035.0,71.281
1036.0,71.276
1043.0,70.717
1049.0,71.189
1044.0,72.053
1042.0,73.062
1029.0,72.675
987.0,70.898
987.0,70.115
999.0,71.592
1008.0,73.713
1036.0,69.809
1020.0,60.377
1017.0,52.357
1018.0,48.866
994.0,46.777
991.0,42.207
825.0,43.867
490.0,51.379
290.0,56.594
684.0,61.785
716.0,66.407
487.0,70.652
219.0,72.982
336.0,73.466
592.0,72.975
193.0,72.089
74.0,72.056
11.0,72.204
1537.0,71.418
1119.0,70.483
1051.0,70.48
1025.0,71.297
1004.0,72.651
1005.0,72.892
1005.0,72.685
981.0,72.615
925.0,71.989
913.0,71.327
978.0,71.359
1022.0,71.515
1011.0,71.274
1016.0,70.882
1025.0,70.194
1015.0,70.333
978.0,70.496
998.0,71.277
1022.0,72.128
1034.0,73.324
1024.0,72.872
1002.0,71.603
1001.0,71.571
1019.0,72.135
1023.0,71.165
1028.0,69.696
1033.0,69.385
1027.0,70.878
1010.0,71.246
1011.0,69.806
1037.0,69.493
1072.0,69.896
1063.0,70.518
1038.0,70.14
1038.0,70.324
1038.0,71.686
1048.0,72.827
1040.0,72.479
1041.0,71.415
1035.0,70.859
1007.0,72.176
1028.0,74.058
1050.0,69.248
1028.0,59.057
1042.0,50.371
1035.0,46.394
1021.0,44.072
1030.0,40.086
916.0,43.179
435.0,50.759
566.0,56.231
449.0,60.852
43.0,65.764
2.0,69.877
7.0,72.189
3.0,72.482
1094.0,71.894
1053.0,71.119
1024.0,70.96
1025.0,71.156
995.0,70.402
952.0,70.117
962.0,70.518
987.0,71.836
1019.0,72.817
1032.0,72.786
1017.0,71.956
956.0,71.117
965.0,70.87
975.0,70.873
936.0,71.352
912.0,71.55
929.0,71.386
979.0,70.926
958.0,70.357
946.0,70.45
943.0,69.795
972.0,69.895
970.0,70.498
1045.0,71.778
1059.0,71.602
1022.0,70.237
1021.0,70.14
1033.0,70.613
1036.0,70.313
1042.0,68.944
1060.0,68.787
1093.0,70.479
1075.0,70.394
1028.0,69.686
1041.0,69.294
1043.0,69.953
1043.0,70.289
1052.0,69.747
1061.0,69.593
1053.0,70.605
1039.0,72.433
1054.0,73.003
1060.0,72.598
1049.0,71.73
1051.0,72.846
1059.0,73.848
1039.0,69.043
1045.0,58.412
1038.0,49.39
1015.0,44.311
1042.0,41.835
997.0,37.779
727.0,43.908
763.0,50.92
704.0,56.108
179.0,61.565
13.0,65.753
8.0,70.24
2.0,71.953
1076.0,72.276
1064.0,71.659
1050.0,71.471
1034.0,71.64
1001.0,71.788
997.0,71.328
1032.0,70.621
961.0,71.325
607.0,72.834
164.0,73.259
27.0,73.056
32.0,71.61
52.0,70.322
387.0,69.975
940.0,70.267
1025.0,70.884
1035.0,71.292
1041.0,71.674
1026.0,72.045
959.0,72.113
630.0,71.387
195.0,70.736
126.0,69.654
412.0,69.316
909.0,70.046
1013.0,70.08
1029.0,69.675
1021.0,70.134
1013.0,70.464
1026.0,69.848
1051.0,69.723
1066.0,69.891
1052.0,70.62
1008.0,70.693
1042.0,70.519
1047.0,71.067
1046.0,72.073
1053.0,71.511
1051.0,70.285
1045.0,69.493
1030.0,70.23
1065.0,71.933
1030.0,73.687
986.0,73.323
981.0,71.996
987.0,73.112
979.0,74.05
985.0,69.267
1014.0,59.355
1026.0,50.078
1014.0,44.019
1031.0,41.832
1023.0,38.258
1017.0,44.286
867.0,51.915
529.0,57.09
638.0,62.611
191.0,66.731
7.0,71.053
1142.0,73.27
1067.0,73.574
1050.0,73.235
1056.0,72.77
1030.0,72.84
1002.0,73.473
714.0,72.512
148.0,71.792
20.0,72.082
25.0,73.149
36.0,73.34
29.0,73.212
40.0,71.901
33.0,70.534
13.0,69.429
299.0,70.145
928.0,70.5
1024.0,71.29
1040.0,71.597
1009.0,72.95
1032.0,73.097
997.0,72.823
802.0,71.672
477.0,71.046
566.0,70.02
950.0,69.223
1035.0,68.91
1041.0,69.314
1022.0,69.866
1043.0,70.896
1061.0,70.793
1069.0,70.694
1050.0,70.384
1048.0,70.705
1200.0,70.862
1328.0,71.279
1326.0,71.906
1179.0,73.057
1022.0,72.173
1026.0,70.595
1017.0,69.473
1003.0,69.632
967.0,71.439
953.0,73.243
989.0,72.002
1069.0,70.861
1072.0,71.717
1062.0,73.559
1080.0,69.372
1068.0,59.972
1057.0,51.096
1069.0,45.527
1042.0,43.832
1052.0,40.969
1045.0,44.39
1028.0,52.478
763.0,57.753
435.0,62.933
437.0,67.543
44.0,72.103
1213.0,73.968
1088.0,73.96
1056.0,74.233
1047.0,74.091
927.0,73.844
471.0,74.136
77.0,73.306
23.0,72.622
30.0,72.087
24.0,73.131
3.0,73.224
20.0,73.754
26.0,72.624
24.0,71.271
14.0,70.242
37.0,69.796
173.0,70.053
798.0,70.583
1027.0,71.898
1035.0,72.753
1044.0,72.976
1031.0,72.747
1023.0,72.191
1021.0,72.008
1042.0,71.299
1051.0,70.53
1053.0,69.979
1042.0,70.089
1032.0,70.418
1038.0,71.162
1048.0,71.029
1062.0,70.868
1044.0,70.229
1025.0,70.438
1038.0,70.366
1032.0,70.52
1019.0,71.524
1032.0,73.138
1029.0,72.261
1005.0,71.089
962.0,69.962
1073.0,69.829
1104.0,70.795
962.0,71.335
914.0,70.623
1020.0,68.996
1041.0,70.413
1116.0,72.733
1081.0,69.142
1053.0,60.343
1053.0,52.06
1072.0,47.217
1054.0,46.066
1061.0,43.038
1014.0,44.831
1001.0,52.259
1030.0,56.942
1036.0,61.943
1038.0,66.78
1018.0,71.766
1225.0,73.179
1079.0,74.233
825.0,74.141
196.0,74.233
44.0,74.233
22.0,74.2
10.0,74.027
28.0,72.847
30.0,72.669
19.0,73.17
12.0,73.25
21.0,73.73
35.0,73.432
18.0,72.587
13.0,71.763
28.0,71.237
42.0,71.523
35.0,72.408
70.0,72.82
394.0,73.272
859.0,73.009
1031.0,73.308
1013.0,72.713
1029.0,72.747
1043.0,72.199
1045.0,72.186
1036.0,71.867
1032.0,71.312
1034.0,71.355
1039.0,72.293
1046.0,72.032
1053.0,71.355
1031.0,70.488
1031.0,71.086
1047.0,70.631
1035.0,70.834
1045.0,71.443
1043.0,72.858
992.0,72.819
950.0,72.128
662.0,71.653
283.0,71.394
110.0,71.341
597.0,71.372
969.0,70.135
1016.0,68.883
948.0,70.452
1007.0,73.002
1336.0,69.916
1541.0,62.148
1357.0,54.96
1364.0,50.686
1085.0,49.18
1070.0,45.478
1071.0,44.689
1061.0,52.768
1063.0,57.068
1051.0,61.397
1045.0,66.336
1037.0,70.384
1212.0,73.07
987.0,72.969
517.0,72.986
89.0,72.889
20.0,73.391
27.0,73.672
35.0,73.858
21.0,73.935
18.0,73.674
12.0,73.722
16.0,73.872
36.0,74.233
33.0,73.831
24.0,73.699
28.0,73.092
31.0,72.98
36.0,73.411
39.0,73.759
43.0,74.175
45.0,73.942
89.0,73.564
533.0,73.495
995.0,73.556
1028.0,73.116
1046.0,73.27
1042.0,73.103
1039.0,72.717
1039.0,71.97
1042.0,72.19
1030.0,72.838
1040.0,72.924
1036.0,71.964
1001.0,71.9
1027.0,71.878
1065.0,71.135
1087.0,70.787
995.0,71.437
598.0,72.863
368.0,73.104
803.0,72.926
562.0,72.083
238.0,71.991
39.0,72.002
49.0,72.458
392.0,71.195
987.0,70.315
1004.0,71.624
974.0,73.244
983.0,70.494
1045.0,64.529
1027.0,58.663
1057.0,54.892
1112.0,53.004
1154.0,48.074
1088.0,45.07
1068.0,53.839
1069.0,58.619
1057.0,62.676
1052.0,66.121
1050.0,69.418
1270.0,70.685
1032.0,70.604
517.0,70.83
51.0,71.164
33.0,71.181
34.0,71.975
13.0,73.318
22.0,74.233
24.0,74.233
21.0,74.119
21.0,74.158
23.0,74.004
25.0,74.017
31.0,74.233
25.0,74.033
25.0,74.094
30.0,74.233
28.0,74.159
30.0,73.953
28.0,74.044
39.0,74.211
209.0,74.052
856.0,73.94
1036.0,73.905
1052.0,74.028
1042.0,73.731
1046.0,73.3
1037.0,72.78
1028.0,72.587
1027.0,73.087
1035.0,73.321
1015.0,72.97
991.0,72.466
1094.0,72.381
1044.0,71.99
1014.0,71.639
941.0,72.369
502.0,73.062
669.0,73.223
973.0,73.134
678.0,72.373
37.0,72.51
16.0,72.703
14.0,73.725
214.0,72.838
437.0,71.584
635.0,72.543
931.0,73.349
978.0,70.233
973.0,65.037
1042.0,60.405
1012.0,56.859
1045.0,54.861
1074.0,49.003
1286.0,46.06
1306.0,55.082
1175.0,60.119
1081.0,63.622
1049.0,66.823
998.0,68.883
1452.0,69.336
1111.0,69.213
558.0,69.585
34.0,69.645
4.0,70.315
5.0,71.414
20.0,73.049
23.0,73.992
23.0,73.874
14.0,73.655
25.0,73.382
23.0,73.18
35.0,73.402
44.0,73.894
43.0,73.884
34.0,73.663
31.0,73.433
30.0,73.729
20.0,73.609
20.0,73.875
44.0,73.48
229.0,73.337
857.0,73.708
1050.0,73.998
1044.0,74.233
1038.0,74.092
1030.0,73.71
1019.0,73.072
1025.0,72.749
1046.0,73.639
1008.0,73.77
952.0,73.526
698.0,73.323
743.0,73.308
935.0,72.996
983.0,72.961
973.0,73.31
1003.0,73.894
1025.0,73.629
947.0,73.903
308.0,73.266
303.0,73.456
786.0,73.5
992.0,73.67
1008.0,72.763
1015.0,72.234
965.0,72.735
772.0,72.469
513.0,68.976
263.0,64.24
508.0,60.35
967.0,57.481
1142.0,55.208
1465.0,49.124
1573.0,45.243
1304.0,54.666
1048.0,59.949
898.0,63.606
1463.0,66.567
1091.0,68.107
473.0,68.514
35.0,68.229
20.0,68.727
19.0,69.298
22.0,69.551
28.0,70.249
29.0,71.692
23.0,72.369
27.0,72.325
30.0,71.926
34.0,71.38
43.0,71.675
43.0,72.569
45.0,73.363
33.0,73.512
27.0,72.796
28.0,72.407
34.0,71.569
52.0,71.959
57.0,72.493
115.0,73.12
563.0,72.922
921.0,72.738
987.0,73.172
986.0,73.278
816.0,73.744
657.0,73.464
580.0,73.122
544.0,72.854
271.0,73.488
500.0,73.668
983.0,73.472
1021.0,73.561
990.0,73.28
1017.0,73.452
1038.0,73.737
1020.0,74.233
1008.0,74.153
886.0,73.855
451.0,74.233
111.0,74.222
299.0,73.633
717.0,73.394
982.0,73.575
1037.0,72.311
1012.0,71.661
1007.0,71.83
1051.0,70.394
1086.0,65.843
1042.0,61.428
1013.0,58.519
1055.0,56.317
1246.0,53.444
1711.0,47.61
1946.0,44.235
1363.0,53.484
1007.0,59.082
738.0,62.934
1336.0,66.471
1022.0,68.464
662.0,68.935
175.0,68.62
35.0,69.026
11.0,69.793
30.0,69.907
39.0,70.261
30.0,70.903
20.0,71.043
28.0,70.715
39.0,69.937
33.0,69.665
40.0,70.037
50.0,71.561
55.0,72.696
36.0,72.816
31.0,72.089
32.0,71.217
46.0,70.054
390.0,70.602
942.0,71.874
1032.0,72.518
1042.0,72.396
1036.0,72.415
1051.0,72.491
1044.0,72.898
974.0,73.532
562.0,73.478
291.0,72.622
578.0,72.495
969.0,72.934
1057.0,73.356
1044.0,73.406
1033.0,73.212
1029.0,73.279
1029.0,73.073
1026.0,73.457
1017.0,73.967
986.0,73.934
988.0,73.343
1058.0,73.762
1002.0,73.93
984.0,73.754
962.0,73.499
935.0,72.91
991.0,71.562
1215.0,70.069
1297.0,68.886
1365.0,65.832
1288.0,60.631
1248.0,56.817
1313.0,55.255
1284.0,53.409
1436.0,49.575
1573.0,43.685
1342.0,41.88
1061.0,51.895
988.0,57.802
468.0,62.598
1227.0,66.796
1026.0,68.994
697.0,69.81
181.0,69.799
51.0,70.118
55.0,70.853
28.0,70.797
21.0,70.908
30.0,70.874
33.0,70.189
31.0,69.419
30.0,68.788
36.0,68.673
37.0,69.141
31.0,70.272
29.0,71.463
38.0,71.973
48.0,71.393
213.0,70.176
784.0,69.699
1027.0,69.791
1041.0,71.213
1034.0,71.87
1046.0,71.407
1037.0,70.98
1043.0,71.244
1047.0,72.039
1044.0,72.967
1027.0,73.102
1025.0,72.309
1020.0,72.351
1018.0,72.785
1017.0,73.653
1029.0,73.911
1035.0,73.469
1031.0,73.605
1029.0,73.268
1039.0,73.285
1025.0,73.528
1007.0,73.714
994.0,73.235
997.0,73.402
950.0,73.021
935.0,72.33
984.0,72.008
1082.0,71.053
1104.0,69.136
1087.0,66.106
1059.0,62.912
1067.0,57.353
1065.0,52.528
1026.0,49.913
1050.0,49.432
1074.0,47.529
1080.0,43.704
1074.0,37.805
1050.0,37.584
1035.0,49.121
811.0,56.227
176.0,62.208
1243.0,67.115
1145.0,70.14
1058.0,70.876
1047.0,71.43
936.0,71.964
809.0,72.258
749.0,72.116
522.0,71.77
255.0,71.48
101.0,69.979
99.0,69.263
143.0,68.649
243.0,68.674
301.0,69.084
367.0,69.933
557.0,70.497
906.0,70.794
1007.0,69.826
1019.0,69.199
1019.0,68.88
1039.0,69.354
1036.0,70.316
1033.0,70.746
1029.0,70.51
1033.0,70.411
1043.0,70.732
1047.0,71.98
1044.0,73.089
1044.0,73.174
1030.0,72.347
1019.0,72.529
1014.0,73.596
1020.0,74.177
1033.0,74.109
1038.0,73.584
1048.0,73.038
1033.0,72.765
1030.0,72.936
1031.0,72.956
1005.0,72.946
978.0,71.598
975.0,70.026
952.0,68.287
950.0,66.635
1010.0,65.227
1035.0,63.861
1036.0,61.184
1052.0,57.347
1062.0,53.127
1079.0,47.232
1084.0,32.618
1062.0,45.297
1063.0,54.169
1068.0,60.647
1069.0,66.145
1045.0,70.02
1031.0,71.92
1023.0,72.457
803.0,73.303
178.0,73.669
1294.0,73.331
1248.0,72.805
1037.0,71.863
1035.0,70.181
1034.0,69.613
1026.0,69.179
1023.0,68.848
1022.0,68.649
1009.0,69.143
1006.0,69.363
1015.0,69.685
1012.0,69.437
1028.0,69.004
1031.0,68.809
1011.0,68.744
997.0,69.632
1004.0,69.956
1021.0,70.249
1024.0,70.409
1031.0,71.164
1036.0,72.276
1049.0,73.365
1043.0,72.956
1033.0,71.803
1026.0,71.99
1050.0,73.441
1049.0,73.534
1045.0,72.699
1038.0,71.739
1030.0,70.971
1023.0,70.07
1030.0,68.928
1039.0,68.649
1056.0,66.666
1046.0,64.07
1039.0,61.031
1034.0,58.035
1041.0,55.038
1038.0,28.577
1017.0,41.356
978.0,50.752
983.0,57.194
1006.0,62.844
1034.0,66.819
1057.0,69.582
1056.0,71.788
1056.0,73.603
1056.0,74.233
1062.0,73.953
1062.0,73.485
1065.0,72.63
1055.0,71.461
1050.0,70.171
1053.0,70.047
1038.0,69.41
1023.0,68.78
1031.0,68.784
1024.0,68.933
737.0,69.501
208.0,69.392
1517.0,69.375
1128.0,69.18
1047.0,68.825
1024.0,68.647
1029.0,68.649
1014.0,69.818
1025.0,70.538
1044.0,71.205
1036.0,71.925
1002.0,72.621
995.0,71.158
996.0,69.139
1010.0,68.649
1030.0,69.565
1005.0,68.649
989.0,66.175
1010.0,63.451
1011.0,61.667
1013.0,60.347
1021.0,58.19
1031.0,55.65
1032.0,25.481
1036.0,37.276
1022.0,45.943
1027.0,50.901
1044.0,55.321
1050.0,58.848
1046.0,62.585
1036.0,67.007
1031.0,71.424
1029.0,72.724
1032.0,73.221
1040.0,73.256
1051.0,72.998
1043.0,71.886
1042.0,70.802
1036.0,70.41
1046.0,69.879
1047.0,68.915
1040.0,68.648
1036.0,68.649
1043.0,68.714
1047.0,69.123
1048.0,69.291
1052.0,68.355
1058.0,66.667
1048.0,64.638
1044.0,64.888
1023.0,67.144
1013.0,68.686
1008.0,69.457
987.0,69.644
1000.0,68.649
990.0,66.032
1024.0,62.458
1025.0,61.065
1024.0,60.282
962.0,57.274
677.0,52.253
692.0,23.061
1253.0,33.512
1074.0,40.4
1055.0,44.159
1034.0,47.153
1013.0,50.301
992.0,54.348
960.0,59.22
945.0,63.863
941.0,66.631
953.0,68.326
964.0,70.011
969.0,70.241
978.0,69.399
983.0,68.3
983.0,67.958
992.0,67.688
988.0,67.158
990.0,66.784
989.0,66.35
976.0,66.508
967.0,66.025
989.0,65.454
1013.0,63.213
1019.0,60.066
1033.0,56.683
1039.0,57.075
1050.0,59.542
1040.0,61.377
1042.0,61.419
1036.0,60.821
1026.0,59.248
1032.0,20.766
1044.0,30.022
1052.0,35.531
1041.0,39.418
1044.0,42.781
1053.0,46.443
1040.0,48.924
1031.0,52.339
1026.0,55.396
1024.0,58.509
1018.0,60.962
1011.0,63.434
1001.0,64.456
1006.0,63.182
1016.0,61.292
994.0,60.893
980.0,60.712
986.0,60.598
984.0,60.31
1000.0,59.761
1003.0,58.724
1018.0,56.861
1048.0,54.826
1033.0,51.562
1014.0,48.064
1015.0,45.437
934.0,45.13
541.0,47.654
164.0,18.182
1908.0,26.764
1255.0,32.146
1088.0,36.133
1030.0,40.072
1023.0,44.118
1005.0,47.062
1017.0,48.72
1022.0,50.736
1002.0,52.37
943.0,54.082
954.0,55.559
988.0,55.794
1002.0,54.529
1005.0,52.573
1032.0,51.357
1038.0,51.175
1040.0,50.816
1018.0,49.409
1009.0,47.138
981.0,44.582
983.0,42.727
1015.0,40.796
1033.0,38.574
1038.0,35.576
1033.0,15.291
1043.0,23.058
1044.0,28.376
1044.0,32.715
1050.0,37.694
1053.0,41.771
1038.0,45.075
1043.0,46.781
1057.0,47.763
1075.0,48.385
1066.0,48.995
1048.0,49.063
1038.0,48.99
1036.0,47.767
1039.0,45.409
1044.0,43.339
1046.0,41.151
1053.0,39.182
1042.0,36.705
995.0,33.857
995.0,31.102
1002.0,11.929
971.0,18.293
976.0,23.616
982.0,28.25
1008.0,32.92
1028.0,38.122
1006.0,41.86
990.0,44.042
1013.0,45.115
938.0,45.516
945.0,44.892
591.0,44.782
337.0,44.188
105.0,42.828
20.0,39.704
1824.0,36.488
1873.0,31.327
1400.0,35.396
1041.0,38.099
1039.0,39.258
1036.0,38.354
1041.0,39.95
1039.0,16.802
1034.0,26.382
1010.0,46.206
996.0,44.625
968.0,9.178
973.0,15.536
1023.0,22.809
1040.0,31.424
1035.0,50.22
1042.0,49.949
1041.0,48.839
1026.0,12.304
1040.0,20.76
1049.0,28.301
1053.0,35.034
1043.0,42.047
1027.0,50.898
1018.0,52.09
1036.0,51.622
1044.0,51.261
1044.0,49.906
1040.0,15.315
1047.0,25.196
1048.0,33.245
1047.0,39.032
1059.0,45.05
1049.0,49.889
1040.0,51.979
1044.0,52.413
1044.0,52.403
1046.0,51.935
1048.0,51.581
1049.0,49.67
1050.0,44.847
1052.0,37.288
1046.0,30.314
1020.0,29.405
1034.0,32.732
1038.0,17.98
1024.0,29.531
1034.0,37.969
1038.0,43.404
1018.0,47.925
1013.0,51.509
1007.0,52.684
977.0,52.844
716.0,52.682
238.0,53.141
39.0,52.549
3.0,51.476
2236.0,47.008
1991.0,40.07
1226.0,33.979
1045.0,33.999
1032.0,39.097
1045.0,43.326
1031.0,45.268
1044.0,46.653
1042.0,47.375
1016.0,20.898
997.0,33.19
1017.0,42.785
998.0,48.035
1019.0,51.267
1036.0,52.875
1054.0,52.987
1068.0,53.188
1039.0,53.938
1041.0,54.748
1060.0,55.99
1044.0,55.233
1041.0,51.366
1033.0,44.927
1029.0,39.159
1040.0,39.994
1046.0,45.332
1044.0,49.831
1037.0,52.575
1039.0,54.068
1040.0,55.27
1044.0,55.211
1049.0,53.848
1057.0,52.608
1054.0,23.671
1051.0,36.671
1052.0,46.296
1045.0,51.666
1045.0,54.568
1052.0,55.223
1050.0,54.653
1052.0,55.216
1051.0,57.611
1039.0,59.792
1018.0,61.52
1021.0,61.605
1012.0,57.783
1003.0,51.941
993.0,46.888
1012.0,47.127
984.0,51.676
703.0,56.624
370.0,59.529
82.0,61.041
16.0,61.699
1779.0,61.352
1831.0,59.476
1564.0,58.315
1058.0,57.399
1044.0,57.09
1055.0,57.411
1054.0,57.604
1056.0,57.209
1044.0,56.084
1017.0,27.197
1008.0,40.772
1034.0,50.195
1000.0,55.497
977.0,58.175
996.0,58.658
1048.0,58.343
1093.0,60.089
1372.0,62.759
1808.0,65.323
1652.0,67.019
1490.0,66.597
1222.0,62.723
1118.0,57.23
1261.0,53.277
1443.0,54.031
1135.0,57.905
1072.0,61.433
1070.0,63.484
1049.0,64.718
1045.0,65.609
1030.0,65.296
1044.0,64.396
1055.0,63.427
1047.0,63.227
1042.0,63.358
1055.0,63.727
1048.0,64.187
1035.0,63.965
1035.0,63.947
1032.0,63.301
1041.0,62.762
1037.0,62.298
994.0,61.113
985.0,31.49
1013.0,44.229
975.0,53.469
715.0,59.137
380.0,62.966
146.0,64.262
111.0,64.338
1.0,65.937
1526.0,68.03
1910.0,70.373
1497.0,71.069
1058.0,70.296
1028.0,67.551
1039.0,63.059
1055.0,60.205
1060.0,60.847
1038.0,63.601
1063.0,65.521
1019.0,65.965
990.0,66.753
1059.0,67.529
1055.0,68.101
1135.0,67.703
1624.0,66.769
1958.0,66.817
1667.0,67.374
1610.0,67.261
1855.0,67.216
2207.0,67.392
2188.0,67.562
1930.0,68.052
2126.0,68.765
2231.0,68.797
1609.0,67.418
1093.0,65.742
1041.0,63.104
1045.0,58.953
1031.0,54.006
1025.0,34.141
1023.0,46.833
1027.0,55.417
1026.0,61.784
1001.0,66.144
995.0,68.369
1003.0,68.387
1020.0,69.372
1013.0,70.627
996.0,71.784
1003.0,72.829
993.0,72.706
904.0,71.262
789.0,68.608
513.0,67.322
151.0,68.242
77.0,69.132
4.0,68.926
5.0,68.733
1527.0,68.662
1851.0,69.733
1387.0,69.768
1050.0,69.351
1043.0,68.678
1043.0,68.831
1044.0,69.483
1084.0,69.504
1596.0,69.184
2351.0,69.014
2352.0,68.776
1843.0,69.415
1580.0,70.299
1620.0,70.422
1985.0,69.706
2482.0,68.511
2547.0,66.946
2197.0,63.875
1633.0,60.789
1187.0,58.32
1065.0,57.922
1093.0,58.167
1067.0,58.455
1061.0,58.704
1063.0,58.573
1058.0,57.795
1028.0,55.644
996.0,53.301
966.0,51.095
948.0,48.832
972.0,47.022
1016.0,46.616
1043.0,36.849
1024.0,48.963
991.0,56.987
993.0,62.889
1011.0,67.186
977.0,69.204
868.0,69.798
700.0,70.281
606.0,71.136
626.0,72.269
260.0,73.397
11.0,73.545
6.0,73.299
2096.0,72.405
1971.0,71.746
1558.0,72.433
1059.0,72.263
997.0,71.372
961.0,70.538
1229.0,70.573
2102.0,71.23
1745.0,71.442
1302.0,71.01
1248.0,70.082
1196.0,70.232
1107.0,70.585
1069.0,70.703
1099.0,70.467
1082.0,69.916
1075.0,69.653
1064.0,70.147
1065.0,70.924
1075.0,71.007
1073.0,70.575
1068.0,69.772
1057.0,68.927
1052.0,67.211
1060.0,65.444
1068.0,63.778
1041.0,63.698
979.0,64.179
934.0,64.583
961.0,64.806
986.0,64.376
1008.0,63.34
893.0,61.924
648.0,60.573
540.0,59.452
709.0,57.821
869.0,56.195
618.0,56.365
259.0,56.313
14.0,55.476
1618.0,54.33
2145.0,51.548
1908.0,48.862
1281.0,47.293
1031.0,44.22
987.0,38.952
1010.0,50.667
1045.0,57.595
1043.0,63.191
1049.0,67.332
1087.0,69.404
1091.0,69.976
1093.0,70.26
1094.0,70.75
1077.0,71.429
1074.0,72.98
1059.0,73.461
1054.0,73.306
1059.0,72.901
1067.0,72.446
1072.0,72.697
1049.0,72.285
1013.0,71.513
982.0,71.195
994.0,71.329
857.0,71.914
572.0,72.163
293.0,71.805
196.0,71.578
340.0,71.277
394.0,71.376
562.0,71.616
77.0,71.172
68.0,70.692
25.0,69.773
8.0,70.074
10.0,70.941
1300.0,71.152
1824.0,70.611
1825.0,70.18
1862.0,69.628
1174.0,68.874
1065.0,67.586
1007.0,66.219
978.0,66.184
957.0,66.829
964.0,67.348
969.0,67.614
978.0,67.359
987.0,66.65
988.0,66.031
986.0,65.678
985.0,65.621
968.0,64.716
970.0,63.393
959.0,63.493
937.0,63.712
775.0,63.866
450.0,63.522
152.0,60.645
60.0,57.247
108.0,55.352
329.0,53.13
597.0,48.105
285.0,38.98
124.0,40.385
17.0,51.616
9.0,58.803
10.0,63.582
6.0,67.683
1558.0,69.781
2030.0,70.005
1652.0,69.758
1148.0,70.277
1008.0,71.064
957.0,72.408
952.0,72.832
987.0,72.669
1015.0,71.835
967.0,71.806
903.0,71.714
847.0,71.763
755.0,71.198
581.0,70.997
442.0,71.456
393.0,72.344
233.0,72.569
93.0,72.69
46.0,72.393
70.0,71.856
119.0,72.144
480.0,71.936
206.0,71.438
22.0,71.01
24.0,69.715
24.0,70.06
12.0,70.851
1043.0,70.734
1047.0,70.307
1034.0,69.938
1004.0,69.52
1019.0,69.081
1040.0,68.299
947.0,67.785
459.0,67.906
98.0,68.384
44.0,68.649
33.0,68.83
32.0,68.649
46.0,68.486
41.0,68.163
39.0,68.454
49.0,68.698
57.0,68.595
399.0,67.373
239.0,67.076
30.0,66.885
2.0,67.66
206.0,68.317
86.0,65.449
93.0,61.348
110.0,58.642
78.0,57.236
39.0,52.842
20.0,43.67
30.0,41.196
41.0,51.739
40.0,58.487
79.0,63.518
131.0,67.385
164.0,69.636
430.0,70.281
117.0,69.958
18.0,69.958
4.0,70.576
7.0,71.852
3.0,72.751
4.0,73.261
755.0,71.767
259.0,71.478
174.0,71.366
640.0,71.046
695.0,71.388
262.0,71.283
220.0,72.591
616.0,73.039
459.0,73.535
34.0,73.327
10.0,72.724
7.0,72.368
4.0,71.901
21.0,71.66
390.0,71.477
246.0,70.727
96.0,69.695
91.0,69.66
150.0,70.416
102.0,70.25
43.0,69.751
682.0,69.677
477.0,69.593
416.0,69.62
551.0,69.055
408.0,68.997
181.0,69.62
141.0,69.67
185.0,69.987
81.0,69.658
177.0,69.392
1007.0,68.837
984.0,68.785
991.0,69.422
1005.0,70.338
1002.0,70.512
1009.0,69.355
927.0,68.148
324.0,68.018
49.0,68.819
33.0,70.794
34.0,68.691
41.0,62.949
35.0,59.608
57.0,58.521
1030.0,54.919
976.0,45.552
989.0,41.634
979.0,51.763
976.0,58.344
959.0,62.523
957.0,66.842
983.0,69.226
929.0,70.084
586.0,70.425
398.0,70.261
207.0,70.597
58.0,72.169
37.0,72.915
17.0,73.034
10.0,72.352
32.0,71.64
24.0,70.857
1672.0,70.869
1410.0,71.504
1273.0,72.047
1300.0,73.382
1474.0,73.785
1215.0,74.233
1102.0,73.944
1093.0,73.524
1079.0,72.804
1058.0,71.807
1018.0,71.81
1000.0,71.335
1029.0,70.424
935.0,69.783
423.0,69.596
45.0,70.556
12.0,70.355
13.0,70.045
8.0,69.92
1332.0,70.351
1195.0,70.705
1095.0,70.581
1050.0,70.603
1064.0,71.626
1247.0,71.826
1743.0,71.815
1266.0,71.254
1086.0,70.231
1054.0,69.506
1035.0,69.376
1044.0,70.23
1048.0,72.246
999.0,72.82
965.0,71.943
960.0,69.901
795.0,68.649
292.0,69.767
50.0,71.698
25.0,68.649
8.0,62.613
9.0,58.734
12.0,57.675
1384.0,55.063
1186.0,46.071
1131.0,42.277
1124.0,51.39
1131.0,57.666
1085.0,62.088
1111.0,65.726
1620.0,68.894
2019.0,70.74
1340.0,71.343
1054.0,71.16
1008.0,71.402
1013.0,71.771
1030.0,72.613
1021.0,72.644
1017.0,71.999
1019.0,70.959
1008.0,70.076
1004.0,70.247
901.0,71.858
590.0,72.746
118.0,73.912
23.0,74.233
1.0,74.233
7.0,74.206
1415.0,73.153
1135.0,72.336
1064.0,71.466
1106.0,71.054
1095.0,70.873
1083.0,70.122
1273.0,69.37
1951.0,69.602
1456.0,70.65
1028.0,70.884
1010.0,70.431
1036.0,70.325
1078.0,70.82
1077.0,71.575
1082.0,71.685
1065.0,71.289
1048.0,72.119
1048.0,72.444
1046.0,72.355
1047.0,71.703
1044.0,70.649
1015.0,69.973
939.0,69.261
379.0,70.958
39.0,72.91
19.0,73.903
18.0,73.321
25.0,71.51
24.0,69.164
16.0,70.425
30.0,72.096
29.0,69.208
1525.0,61.966
1623.0,57.445
1675.0,56.34
1711.0,54.821
1661.0,46.862
1694.0,41.956
1235.0,50.728
1054.0,56.568
1047.0,60.743
1018.0,64.865
1010.0,68.607
1034.0,71.234
1042.0,72.505
1034.0,72.787
1028.0,72.716
1042.0,72.77
1049.0,73.412
1055.0,72.318
1049.0,70.766
1042.0,69.291
1047.0,68.649
1050.0,69.746
1052.0,71.709
1037.0,72.709
1017.0,73.513
556.0,74.233
81.0,73.736
49.0,73.514
51.0,72.929
37.0,71.993
31.0,71.34
34.0,70.622
16.0,70.239
12.0,69.696
19.0,69.415
33.0,70.186
26.0,72.037
8.0,72.085
10.0,71.426
111.0,70.951
110.0,71.817
450.0,71.993
316.0,71.568
196.0,71.058
84.0,71.385
6.0,71.659
2070.0,72.07
1431.0,71.637
1087.0,71.416
1045.0,70.58
1040.0,70.225
1029.0,70.99
1010.0,72.683
1007.0,73.927
1006.0,73.374
1014.0,71.5
1003.0,69.722
1017.0,71.049
1025.0,72.626
1034.0,69.688
1045.0,61.617
1037.0,56.427
1028.0,55.131
1037.0,54.097
1039.0,47.482
1040.0,39.875
1048.0,47.725
1056.0,53.325
1060.0,58.498
1056.0,62.769
1045.0,67.659
1020.0,71.015
988.0,73.455
970.0,73.436
980.0,73.445
921.0,73.525
848.0,73.79
735.0,72.075
464.0,69.528
290.0,68.527
299.0,68.082
184.0,69.508
37.0,71.758
15.0,73.077
14.0,73.792
20.0,73.95
20.0,73.252
27.0,72.647
38.0,72.229
76.0,71.313
366.0,70.541
866.0,70.296
709.0,69.916
193.0,69.784
6.0,70.053
1960.0,71.045
1783.0,73.344
1140.0,73.056
1040.0,72.13
1030.0,71.669
1022.0,72.1
1025.0,71.603
989.0,70.5
1001.0,70.482
1013.0,70.867
1015.0,71.159
1026.0,70.432
1031.0,70.713
1017.0,71.096
1041.0,70.747
1051.0,70.383
1049.0,70.449
1038.0,72.018
1041.0,73.134
1033.0,72.61
1034.0,71.271
1037.0,70.165
1043.0,71.424
1052.0,73.11
1046.0,69.606
1042.0,61.192
1051.0,55.264
1013.0,54.296
972.0,53.339
983.0,47.027
1025.0,36.839
1041.0,44.229
1021.0,49.675
1013.0,55.264
1016.0,61.001
1026.0,66.067
1027.0,70.262
1039.0,72.846
956.0,73.262
821.0,73.318
716.0,73.164
808.0,73.121
1028.0,71.275
1014.0,69.207
1001.0,67.707
921.0,67.814
877.0,69.737
569.0,71.707
295.0,72.605
609.0,73.315
333.0,72.945
53.0,72.286
7.0,72.39
1.0,71.94
1699.0,71.628
1521.0,70.584
1158.0,70.217
1108.0,70.303
1022.0,70.257
987.0,70.679
997.0,71.904
958.0,73.831
961.0,73.231
1013.0,71.774
1026.0,71.319
1010.0,72.043
1015.0,71.321
1014.0,69.89
1006.0,70.015
983.0,70.542
973.0,70.817
999.0,69.394
994.0,69.515
1013.0,69.798
1021.0,70.18
1027.0,69.728
1044.0,69.857
1059.0,71.026
1050.0,71.742
1047.0,72.592
1048.0,71.158
1052.0,70.296
1050.0,71.409
1041.0,73.335
1013.0,68.923
1014.0,60.055
1019.0,53.906
1014.0,52.797
1030.0,51.72
1028.0,45.417
1025.0,34.643
1014.0,42.645
1004.0,48.806
993.0,54.252
1001.0,60.277
1005.0,66.12
970.0,69.461
996.0,71.634
1006.0,72.515
1010.0,72.812
1021.0,73.08
1039.0,72.783
1035.0,70.948
1014.0,68.649
999.0,68.249
820.0,69.19
378.0,70.377
195.0,71.564
346.0,72.37
55.0,72.209
7.0,72.106
13.0,71.939
7.0,71.903
1575.0,72.229
1161.0,71.684
1022.0,70.93
1028.0,70.662
978.0,70.198
988.0,69.794
1030.0,70.549
1037.0,71.243
1033.0,73.049
982.0,72.78
947.0,71.434
954.0,70.688
927.0,71.303
930.0,70.584
937.0,68.997
993.0,69.099
1009.0,70.341
1002.0,70.206
1005.0,69.324
1019.0,69.314
1009.0,70.082
999.0,70.13
1028.0,69.371
1058.0,68.839
1035.0,70.136
1006.0,71.371
1032.0,72.56
1046.0,71.732
1032.0,70.793
1039.0,71.86
1052.0,73.668
1068.0,69.456
1048.0,59.881
1027.0,53.574
1040.0,51.523
1041.0,50.129
1046.0,44.386
1050.0,33.282
1053.0,41.239
1039.0,47.604
1011.0,54.113
1017.0,59.679
1013.0,65.42
1021.0,69.055
1044.0,70.923
1052.0,72.094
1045.0,73.003
1050.0,73.506
1051.0,72.966
1050.0,71.675
1060.0,69.476
1053.0,68.578
1033.0,69.619
1030.0,70.997
990.0,72.189
940.0,72.085
788.0,71.696
139.0,71.704
149.0,71.523
78.0,72.224
1155.0,72.81
1035.0,72.903
1033.0,72.798
992.0,72.336
1012.0,71.765
1020.0,71.014
676.0,70.46
161.0,70.897
35.0,72.349
37.0,71.889
42.0,71.435
87.0,71.132
407.0,71.63
875.0,71.072
983.0,69.878
950.0,69.969
969.0,70.533
1026.0,70.316
1024.0,70.326
997.0,70.786
1017.0,72.158
1021.0,71.943
1016.0,69.745
1028.0,69.008
1012.0,69.315
1013.0,71.695
1044.0,73.172
1034.0,72.687
1028.0,71.462
1038.0,72.377
1045.0,73.67
1060.0,69.853
1049.0,61.381
1026.0,54.323
1029.0,51.173
1040.0,49.317
1044.0,44.007
1047.0,32.961
1043.0,41.058
1055.0,47.71
1051.0,54.374
1041.0,59.965
1009.0,65.609
979.0,69.132
1009.0,71.501
1009.0,72.686
1019.0,74.111
1041.0,74.233
1051.0,73.797
1055.0,72.059
1069.0,70.638
1064.0,69.88
1045.0,69.937
1044.0,70.965
1042.0,71.886
1058.0,72.16
1045.0,71.537
1023.0,70.922
980.0,71.04
770.0,71.423
1129.0,72.335
1072.0,73.223
1075.0,74.195
1044.0,74.085
687.0,73.778
91.0,72.679
19.0,71.486
19.0,71.27
8.0,71.332
23.0,71.292
31.0,71.077
45.0,71.251
53.0,71.729
187.0,71.341
577.0,71.069
876.0,70.814
1002.0,70.7
1032.0,70.538
1029.0,70.644
1023.0,71.688
1032.0,73.266
1040.0,72.625
1033.0,70.621
1011.0,69.698
1002.0,69.713
1018.0,71.74
1033.0,73.59
1029.0,72.663
1017.0,70.836
1041.0,71.577
1059.0,73.537
1069.0,70.295
1056.0,62.086
1026.0,54.736
1024.0,51.389
1022.0,49.955
1023.0,45.44
1025.0,35.226
1029.0,43.349
1044.0,50.338
1052.0,56.478
1079.0,61.895
1033.0,67.123
978.0,70.295
941.0,71.498
838.0,73.191
1016.0,74.169
1114.0,74.162
1080.0,74.017
1068.0,72.891
1067.0,70.994
1075.0,70.367
1064.0,70.8
1052.0,71.485
1004.0,72.601
1009.0,72.854
1040.0,71.997
1042.0,71.518
1023.0,70.974
998.0,71.307
1174.0,72.388
1086.0,73.3
1039.0,74.233
576.0,74.233
65.0,74.202
28.0,73.933
23.0,73.551
24.0,72.841
25.0,71.647
11.0,71.141
14.0,70.993
33.0,71.475
104.0,72.276
252.0,71.911
333.0,71.305
579.0,70.599
991.0,70.464
1059.0,70.136
1025.0,70.244
1025.0,71.482
1041.0,73.205
1034.0,72.592
1026.0,71.25
1017.0,70.001
1025.0,69.67
1033.0,71.295
1034.0,73.005
1028.0,71.424
1027.0,69.397
1043.0,70.076
1046.0,71.925
1058.0,69.423
1043.0,61.788
1035.0,54.968
1023.0,52.348
1024.0,51.818
1027.0,47.983
1023.0,38.753
1019.0,46.908
1036.0,52.476
1089.0,57.886
1139.0,62.734
989.0,67.367
906.0,69.695
916.0,71.039
936.0,71.776
966.0,73.102
1036.0,73.099
1135.0,73.045
1130.0,72.397
1144.0,71.733
1157.0,71.2
1075.0,71.746
1071.0,72.36
1072.0,72.822
1059.0,72.866
1038.0,72.523
1034.0,72.15
1040.0,71.739
1060.0,71.948
1170.0,72.704
1104.0,73.365
1065.0,74.106
999.0,74.233
659.0,74.042
399.0,74.233
294.0,73.981
247.0,73.51
222.0,73.024
241.0,72.391
257.0,71.627
389.0,71.898
470.0,72.713
620.0,72.715
759.0,71.642
638.0,71.154
643.0,70.9
833.0,70.379
988.0,70.252
1024.0,71.211
1038.0,72.684
1046.0,72.73
1036.0,71.924
1030.0,70.855
1044.0,70.474
1046.0,71.37
1032.0,71.614
1037.0,70.43
1032.0,68.649
1038.0,69.623
1040.0,71.601
1054.0,69.492
1026.0,62.966
1039.0,57.03
1049.0,54.661
1053.0,54.158
1063.0,49.874
1038.0,42.326
1037.0,50.322
1049.0,55.579
1038.0,59.989
402.0,64.264
58.0,68.128
36.0,69.74
241.0,69.856
822.0,70.238
974.0,71.125
1021.0,71.639
1043.0,71.694
1076.0,72.022
1032.0,72.395
1121.0,72.133
1128.0,72.647
1098.0,72.239
1070.0,72.651
1076.0,72.823
1067.0,72.891
1054.0,72.7
1048.0,72.791
1063.0,72.877
1283.0,73.232
1097.0,73.682
1065.0,73.924
1048.0,73.788
1041.0,74.076
1013.0,74.169
871.0,74.229
512.0,73.884
330.0,74.13
297.0,73.48
310.0,72.974
341.0,73.256
479.0,73.456
543.0,73.489
594.0,72.312
474.0,71.742
324.0,71.181
315.0,70.806
481.0,70.723
630.0,71.346
912.0,72.498
1028.0,72.514
1034.0,72.268
1035.0,71.731
1040.0,71.325
1043.0,71.736
1053.0,71.804
1043.0,70.478
1032.0,69.897
1026.0,71.229
1040.0,72.527
1045.0,70.476
1032.0,65.317
1050.0,60.239
1063.0,58.02
1069.0,57.672
1045.0,51.784
1030.0,44.354
1037.0,53.274
984.0,58.847
787.0,62.564
194.0,66.142
28.0,69.103
7.0,69.391
23.0,69.135
38.0,69.62
406.0,70.498
972.0,70.789
1020.0,71.048
1033.0,71.976
1025.0,72.314
1105.0,72.411
1032.0,72.368
1067.0,72.27
1115.0,71.912
1257.0,72.374
1184.0,72.702
1067.0,72.748
1060.0,73.142
1055.0,73.165
1209.0,72.925
1419.0,72.989
1175.0,73.576
1063.0,73.452
972.0,74.233
790.0,73.902
483.0,74.233
162.0,74.23
93.0,74.233
54.0,74.176
63.0,73.665
68.0,73.779
76.0,73.622
130.0,73.716
128.0,73.529
106.0,73.03
92.0,72.306
49.0,71.571
39.0,71.082
44.0,72.105
237.0,72.821
719.0,72.892
1014.0,72.803
1050.0,72.475
1047.0,72.312
1047.0,72.529
1046.0,72.865
1042.0,72.239
1030.0,71.4
1028.0,72.814
1035.0,73.544
1042.0,71.283
1006.0,66.494
998.0,62.398
994.0,60.588
1008.0,59.942
1040.0,53.732
1039.0,45.732
1038.0,55.381
782.0,60.944
512.0,64.47
267.0,67.277
51.0,69.51
5.0,69.749
7.0,69.755
26.0,69.831
35.0,70.613
177.0,70.694
600.0,71.575
315.0,71.585
65.0,71.869
458.0,71.593
1013.0,71.427
1076.0,71.113
1333.0,71.061
1295.0,71.339
1357.0,71.762
1106.0,71.919
1041.0,72.047
1234.0,72.021
1337.0,71.775
1062.0,71.89
932.0,72.069
535.0,72.164
178.0,72.311
57.0,72.651
56.0,72.895
37.0,73.442
17.0,74.104
30.0,74.228
50.0,73.613
64.0,73.654
133.0,73.693
261.0,74.233
259.0,73.934
166.0,73.34
105.0,73.185
106.0,72.562
148.0,72.88
196.0,73.063
228.0,73.4
632.0,73.325
1042.0,73.275
1044.0,73.036
1036.0,73.03
1043.0,73.282
1040.0,73.996
1030.0,73.304
1030.0,72.667
1037.0,73.423
1017.0,73.47
977.0,71.157
962.0,67.382
1005.0,63.759
1022.0,62.155
1027.0,61.784
874.0,55.665
576.0,46.007
960.0,55.386
996.0,61.451
846.0,64.891
174.0,67.687
5.0,69.524
37.0,69.468
39.0,69.198
38.0,69.81
35.0,70.056
54.0,70.838
75.0,70.966
56.0,71.264
26.0,70.767
38.0,70.516
236.0,70.268
613.0,69.853
982.0,70.146
1076.0,70.751
1114.0,71.288
1031.0,71.451
1008.0,71.182
1157.0,70.565
1632.0,70.462
1506.0,70.472
1024.0,70.981
799.0,70.853
706.0,70.756
434.0,70.897
241.0,71.223
147.0,72.31
132.0,73.387
201.0,73.446
262.0,72.881
348.0,72.66
418.0,72.822
453.0,73.487
471.0,73.67
551.0,73.664
706.0,73.408
919.0,73.435
977.0,73.762
1021.0,74.233
1027.0,73.99
1032.0,73.385
1020.0,73.551
1030.0,73.719
1039.0,73.648
1055.0,73.758
1040.0,73.882
1027.0,73.36
1028.0,73.026
1041.0,73.668
764.0,72.972
461.0,69.958
620.0,66.442
777.0,64.003
828.0,62.842
669.0,61.784
824.0,55.553
1002.0,44.814
1026.0,54.549
965.0,60.91
871.0,64.854
401.0,67.746
24.0,69.1
166.0,69.349
546.0,69.086
933.0,69.541
1012.0,69.902
1008.0,70.211
1057.0,70.713
1047.0,70.939
989.0,70.177
837.0,69.752
438.0,69.301
300.0,69.783
253.0,69.641
395.0,70.537
887.0,71.246
1078.0,71.266
992.0,70.727
1202.0,70.353
1331.0,69.462
1127.0,70.06
1073.0,70.055
1056.0,70.185
1044.0,69.861
1050.0,69.754
1009.0,70.023
921.0,71.17
827.0,72.41
783.0,72.432
730.0,71.547
705.0,71.314
738.0,72.172
733.0,73.096
716.0,73.697
767.0,73.795
922.0,73.673
997.0,73.209
1014.0,73.298
1026.0,73.428
1030.0,73.399
1041.0,73.068
1034.0,73.338
1037.0,73.79
1032.0,73.326
1035.0,73.542
1039.0,73.914
1044.0,73.035
1029.0,72.588
965.0,72.395
917.0,70.784
935.0,67.429
1037.0,64.075
1026.0,61.948
1029.0,60.879
1021.0,59.182
1039.0,52.132
1034.0,42.377
1015.0,52.678
987.0,59.224
997.0,63.998
1056.0,67.669
972.0,69.528
982.0,69.645
1016.0,69.46
1015.0,69.847
1037.0,70.496
1036.0,71.146
1068.0,71.036
1075.0,70.803
1043.0,69.971
1051.0,69.662
1170.0,69.441
1364.0,69.11
1402.0,69.549
1251.0,70.463
1066.0,70.619
1042.0,70.425
1037.0,70.665
1216.0,69.916
1080.0,69.576
1074.0,69.442
1072.0,69.198
1059.0,69.265
1036.0,69.282
1014.0,69.167
922.0,69.677
751.0,70.503
684.0,71.963
681.0,71.924
691.0,70.796
763.0,70.661
793.0,72.106
843.0,73.303
931.0,73.852
995.0,73.599
1036.0,73.565
1019.0,72.719
1030.0,72.54
1028.0,72.938
1036.0,72.873
1043.0,72.586
1044.0,72.979
1046.0,73.106
1043.0,72.692
1040.0,72.853
1026.0,72.798
1018.0,71.746
1034.0,70.2
1037.0,68.649
1002.0,65.067
1033.0,60.82
1029.0,58.16
1041.0,57.209
1040.0,55.833
1043.0,52.77
1041.0,45.233
1039.0,38.282
1028.0,49.652
1007.0,57.375
1028.0,62.772
1004.0,67.606
938.0,69.86
984.0,70.516
1006.0,70.19
1158.0,71.097
1226.0,71.348
1074.0,71.337
1141.0,71.443
1177.0,71.567
1160.0,70.639
1240.0,69.66
1350.0,69.666
1350.0,69.616
1462.0,69.789
1338.0,69.93
1071.0,70.096
1043.0,70.339
1015.0,69.869
1299.0,69.809
1088.0,69.069
1042.0,68.649
1042.0,68.692
698.0,68.785
355.0,68.988
237.0,69.134
98.0,69.468
76.0,70.564
76.0,71.998
121.0,71.646
217.0,70.796
360.0,71.21
595.0,72.822
871.0,73.967
1016.0,73.925
1020.0,73.907
1028.0,73.36
1016.0,72.678
1030.0,72.1
1036.0,72.506
1042.0,72.576
1043.0,72.1
1043.0,71.521
1034.0,70.22
1045.0,69.013
1050.0,68.649
1042.0,68.165
1043.0,66.267
1043.0,63.333
1030.0,59.113
1017.0,54.851
1076.0,50.412
1103.0,48.88
1033.0,32.083
1031.0,44.667
1031.0,53.89
1041.0,60.161
1038.0,65.616
1036.0,69.129
1018.0,70.662
1003.0,71.167
994.0,71.936
951.0,71.89
1109.0,71.816
1139.0,71.941
1119.0,71.676
1098.0,70.721
1064.0,69.759
1067.0,69.359
1081.0,68.935
1063.0,68.649
1064.0,68.781
1070.0,68.844
1075.0,68.649
1077.0,69.22
1071.0,69.242
1058.0,68.807
1030.0,68.273
1020.0,68.649
1464.0,68.839
1168.0,69.417
1073.0,69.347
1065.0,69.809
1024.0,70.767
851.0,71.767
472.0,71.805
430.0,70.676
498.0,70.931
651.0,72.446
736.0,73.056
822.0,72.332
982.0,71.639
1040.0,71.12
1027.0,70.154
1020.0,69.096
1021.0,68.805
1013.0,68.751
1024.0,67.272
1033.0,64.902
1035.0,61.896
1048.0,59.253
1040.0,57.969
1034.0,56.914
1038.0,27.736
1046.0,40.749
1050.0,50.154
1053.0,55.94
1043.0,60.891
1034.0,65.064
1029.0,67.545
1050.0,69.937
1083.0,72.046
1046.0,72.746
1044.0,71.686
1044.0,71.656
1039.0,71.571
1039.0,70.699
1044.0,69.908
1043.0,69.898
1035.0,69.583
1024.0,68.649
996.0,68.046
1009.0,67.697
1045.0,68.028
1040.0,68.649
1045.0,69.148
1060.0,69.237
1065.0,68.852
1075.0,68.747
1076.0,69.512
1063.0,69.837
1054.0,70.464
1062.0,70.763
1063.0,71.247
1061.0,71.433
1065.0,70.641
1043.0,69.224
1019.0,68.856
998.0,69.548
1586.0,69.285
1135.0,67.819
1051.0,65.979
1034.0,64.339
1036.0,62.314
1022.0,59.665
1032.0,57.215
1036.0,55.23
1021.0,53.651
1016.0,24.906
1004.0,36.547
1017.0,44.844
1024.0,49.241
1023.0,52.892
1017.0,56.118
1012.0,60.057
1017.0,64.65
1023.0,68.921
1025.0,70.271
1035.0,70.391
1037.0,70.523
1046.0,70.809
1049.0,69.876
1021.0,69.304
1030.0,69.481
1042.0,69.429
1050.0,68.706
1048.0,67.605
1033.0,67.11
1034.0,67.432
1042.0,68.473
1036.0,69.079
1039.0,68.674
1051.0,67.713
1037.0,66.891
1037.0,67.186
1040.0,68.649
1047.0,69.572
1044.0,69.96
1038.0,70.142
1025.0,69.301
1017.0,67.267
1022.0,63.987
1036.0,61.841
1047.0,60.839
1051.0,58.9
1051.0,55.274
1056.0,51.725
1060.0,49.049
1069.0,22.12
1066.0,31.685
1033.0,37.352
1009.0,40.909
1002.0,44.66
1007.0,48.219
996.0,52.23
995.0,56.752
1007.0,61.267
1003.0,63.375
1019.0,64.844
1101.0,66.001
1071.0,66.999
1060.0,66.144
1023.0,65.5
968.0,66.168
965.0,66.63
1013.0,66.321
1031.0,65.54
993.0,65.146
967.0,65.27
979.0,66.169
996.0,66.725
1007.0,65.274
998.0,62.63
1001.0,60.026
1008.0,60.405
1010.0,63.1
1014.0,64.728
1023.0,65.109
1032.0,64.13
1044.0,62.534
1043.0,59.919
1038.0,20.234
1023.0,28.724
1027.0,33.073
1038.0,36.256
1050.0,40.274
1050.0,43.883
1050.0,47.122
1039.0,50.218
1034.0,53.084
1036.0,55.264
1046.0,56.71
1051.0,59.241
1043.0,61.26
1044.0,60.78
1041.0,59.418
1033.0,58.749
1028.0,59.139
1015.0,59.823
1020.0,59.944
1033.0,59.965
1024.0,59.393
1028.0,58.581
1032.0,57.287
1027.0,54.551
1018.0,50.984
1017.0,48.618
1013.0,49.049
1000.0,51.553
991.0,53.279
982.0,18.517
1007.0,26.468
1012.0,30.819
1006.0,33.107
1015.0,36.836
1028.0,41.08
1034.0,44.158
1049.0,46.459
1073.0,48.384
1663.0,49.05
1387.0,49.851
1168.0,51.396
1054.0,53.438
983.0,53.3
1006.0,51.811
1021.0,50.217
994.0,49.743
963.0,50.506
923.0,50.235
940.0,48.958
966.0,46.943
980.0,44.927
1042.0,43.011
1052.0,40.067
1041.0,37.633
1038.0,37.003
1023.0,16.345
1018.0,23.936
1013.0,28.027
1032.0,30.533
1034.0,33.982
1021.0,37.92
1018.0,41.319
1030.0,43.838
1039.0,45.668
1031.0,46.303
1041.0,46.112
1046.0,46.915
1040.0,48.348
1041.0,48.28
1052.0,46.335
1076.0,44.115
1061.0,42.138
1037.0,41.386
1032.0,39.163
1039.0,36.255
1038.0,33.615
1034.0,32.342
1031.0,13.174
1032.0,19.914
1040.0,23.687
1009.0,26.214
980.0,29.766
985.0,34.498
985.0,38.245
994.0,41.481
1008.0,43.034
1039.0,43.978
1053.0,43.582
1042.0,43.935
1018.0,44.854
1014.0,44.502
1032.0,41.574
1034.0,38.421
1026.0,35.142
1029.0,32.05
1033.0,20.148
1032.0,23.965
975.0,28.896
1778.0,33.255
1649.0,36.631
1523.0,39.612
1426.0,39.911
1029.0,39.763
1003.0,39.558
1018.0,38.267
1016.0,32.605
992.0,33.118
964.0,38.281
959.0,23.885
1001.0,30.29
1027.0,42.464
1028.0,42.17
1037.0,12.128
1040.0,20.495
1031.0,27.84
1031.0,33.137
1031.0,44.907
1044.0,45.205
1043.0,44.957
1038.0,13.87
1017.0,22.516
1021.0,30.199
1037.0,35.892
1041.0,40.308
1039.0,46.245
1039.0,46.96
1043.0,46.953
1046.0,46.986
1049.0,46.442
1049.0,16.054
1050.0,25.877
1034.0,33.802
1015.0,39.034
1039.0,43.265
1046.0,46.663
1042.0,48.163
1046.0,48.397
1046.0,48.321
1047.0,48.074
1049.0,47.872
1032.0,46.477
998.0,41.363
1020.0,34.985
1050.0,29.579
1043.0,29.713
1015.0,33.463
1014.0,35.975
1045.0,18.372
1032.0,29.822
1012.0,38.887
994.0,44.157
995.0,46.988
1026.0,48.709
923.0,49.378
423.0,49.16
199.0,49.385
318.0,49.488
156.0,49.627
1644.0,48.272
2125.0,44.056
2129.0,38.42
1408.0,34.248
1025.0,35.218
1044.0,40.105
1055.0,43.191
1044.0,44.034
1030.0,45.61
1010.0,47.492
992.0,47.732
1017.0,20.692
1049.0,33.17
1046.0,42.809
1048.0,48.599
1040.0,51.17
1019.0,51.842
1010.0,51.152
1022.0,50.727
1026.0,50.297
1033.0,51.639
1040.0,52.832
1037.0,52.905
1026.0,49.236
1037.0,44.389
1048.0,40.926
1044.0,41.747
1045.0,46.186
1034.0,49.32
1042.0,51.129
1043.0,53.537
1034.0,55.456
1029.0,55.863
1033.0,54.447
1040.0,52.298
1044.0,50.401
1042.0,48.221
1043.0,47.044
1051.0,22.832
1053.0,35.567
1051.0,45.646
1032.0,51.415
1003.0,54.067
990.0,54.464
983.0,53.62
990.0,53.326
999.0,54.464
1036.0,56.463
1040.0,58.131
1026.0,58.667
1009.0,55.756
972.0,51.263
864.0,48.223
414.0,48.766
30.0,52.292
3.0,55.097
10.0,56.899
9.0,59.104
1517.0,60.995
1790.0,61.18
1911.0,59.802
1226.0,58.401
1067.0,57.023
1052.0,56.208
1049.0,55.714
1052.0,55.888
1044.0,56.134
1046.0,55.986
1039.0,54.194
1020.0,51.377
1042.0,50.4
1044.0,25.357
1046.0,38.358
1049.0,48.312
1023.0,53.376
1035.0,56.407
1020.0,57.236
1041.0,57.299
1053.0,58.609
1033.0,60.931
1027.0,62.965
1037.0,64.115
1054.0,63.46
1061.0,60.319
1066.0,56.119
1059.0,54.028
1064.0,54.919
1057.0,57.684
1053.0,59.333
1042.0,60.301
1028.0,62.124
1037.0,64.198
1047.0,64.763
1050.0,63.914
1050.0,62.471
1045.0,61.277
1041.0,60.406
1034.0,60.379
1002.0,61.101
1002.0,62.018
1029.0,62.957
1011.0,62.928
1001.0,62.54
1015.0,61.895
1015.0,61.091
917.0,59.399
753.0,56.026
503.0,51.787
471.0,46.973
72.0,28.688
21.0,41.545
19.0,50.986
2.0,57.035
1540.0,60.954
1890.0,62.844
1583.0,63.762
1075.0,65.103
1061.0,67.022
1056.0,68.896
1049.0,69.641
1064.0,68.649
1059.0,65.27
1049.0,61.501
1076.0,59.666
1057.0,60.283
1047.0,62.034
1055.0,62.642
1062.0,62.923
1205.0,64.246
1193.0,65.914
1106.0,66.626
1066.0,65.615
1057.0,64.345
1092.0,63.108
1073.0,62.673
1035.0,62.725
1054.0,63.245
1067.0,64.457
1034.0,65.863
1034.0,66.67
1044.0,67.07
1042.0,67.279
1042.0,66.837
1045.0,66.125
1040.0,63.474
1034.0,59.547
1005.0,55.093
995.0,52.65
996.0,52.986
995.0,53.41
1010.0,53.757
1038.0,53.931
1027.0,53.279
1000.0,52.125
994.0,50.16
1024.0,48.82
965.0,32.45
827.0,44.735
587.0,54.188
568.0,60.681
361.0,65.652
21.0,67.82
2.0,69.144
1676.0,69.554
1954.0,70.195
1284.0,71.379
1076.0,72.392
1061.0,71.325
1060.0,68.649
1084.0,65.68
1186.0,64.246
2011.0,64.692
2217.0,65.511
2120.0,65.607
2117.0,65.433
2224.0,66.256
2517.0,67.71
2454.0,68.085
1689.0,67.066
1147.0,65.84
1017.0,64.866
1026.0,64.378
1020.0,64.349
1040.0,65.113
1067.0,65.702
1068.0,67.214
1055.0,67.987
1044.0,68.665
1047.0,68.982
1027.0,69.01
1000.0,68.278
982.0,66.396
1014.0,64.146
1030.0,60.57
1044.0,59.144
1023.0,59.39
983.0,60.31
984.0,61.225
991.0,61.877
990.0,61.515
1018.0,60.617
1001.0,59.407
929.0,58.257
642.0,57.377
552.0,56.451
740.0,54.538
335.0,53.091
115.0,51.832
13.0,49.79
1514.0,48.463
1748.0,35.112
1162.0,47.183
1050.0,55.912
1068.0,62.404
1250.0,67.708
1919.0,69.915
1710.0,70.937
1457.0,70.684
1386.0,71.11
1695.0,71.991
2303.0,72.891
1965.0,72.544
1297.0,70.911
1106.0,68.723
1093.0,68.019
1085.0,68.649
1073.0,68.788
1058.0,68.071
1055.0,67.659
1062.0,68.211
1060.0,69.677
1058.0,69.872
1052.0,68.718
1057.0,66.924
1051.0,66.235
1038.0,66.19
1013.0,66.167
996.0,66.381
981.0,66.791
1006.0,67.713
1014.0,68.838
1004.0,69.893
850.0,70.068
674.0,70.122
484.0,69.213
558.0,68.101
709.0,66.515
283.0,64.768
59.0,63.84
45.0,64.268
12.0,65.079
4.0,66.14
2209.0,66.26
1847.0,65.986
1410.0,65.169
1108.0,64.819
1479.0,64.612
2302.0,65.155
2370.0,64.513
1982.0,63.178
1423.0,62.577
1068.0,61.705
1083.0,60.772
1094.0,59.382
1094.0,56.845
1089.0,54.233
1091.0,53.453
1088.0,53.031
1067.0,49.344
1056.0,39.999
1051.0,36.66
1055.0,48.316
1039.0,56.489
1036.0,62.851
1034.0,67.71
1040.0,70.414
1030.0,70.678
1001.0,70.56
970.0,70.566
901.0,71.385
630.0,72.654
359.0,72.603
355.0,71.577
556.0,69.834
829.0,69.405
646.0,69.761
253.0,69.522
53.0,69.233
1.0,68.575
1611.0,69.364
2215.0,70.347
1991.0,71.081
1272.0,69.771
1284.0,68.023
1181.0,67.405
1105.0,67.688
1057.0,67.516
1031.0,67.505
1039.0,67.847
1058.0,68.481
1077.0,69.582
1071.0,70.491
1082.0,70.898
1070.0,70.611
1055.0,69.882
1047.0,69.059
1035.0,67.923
1014.0,66.601
996.0,66.18
969.0,66.307
1003.0,67.173
994.0,68.03
802.0,68.187
343.0,67.95
148.0,67.766
139.0,67.661
25.0,68.062
76.0,68.649
117.0,68.662
11.0,67.468
23.0,66.625
19.0,66.534
6.0,66.475
8.0,66.037
6.0,63.944
1385.0,60.107
1725.0,58.628
1200.0,58.453
1045.0,55.01
999.0,45.559
967.0,37.966
968.0,48.844
976.0,56.911
973.0,62.963
967.0,67.559
956.0,69.753
983.0,70.515
998.0,69.681
980.0,70.283
972.0,70.789
989.0,72.069
1035.0,72.108
1015.0,70.497
927.0,68.975
623.0,68.387
251.0,69.403
171.0,69.25
632.0,68.664
679.0,68.776
192.0,69.533
13.0,70.923
4.0,71.548
4.0,70.58
1045.0,69.182
1058.0,68.649
1038.0,68.649
1027.0,68.649
1018.0,68.922
1016.0,68.794
1013.0,69.012
1056.0,69.709
1047.0,70.726
914.0,71.566
620.0,70.729
326.0,70.129
192.0,69.535
208.0,68.53
215.0,67.585
152.0,67.138
134.0,67.386
311.0,68.302
195.0,68.924
297.0,68.733
67.0,68.731
15.0,68.75
10.0,68.461
5.0,69.278
12.0,70.224
6.0,69.97
370.0,69.291
381.0,68.314
349.0,68.342
226.0,68.926
115.0,69.194
74.0,67.06
48.0,62.549
22.0,60.352
29.0,60.256
35.0,57.408
41.0,47.52
31.0,39.032
134.0,49.403
132.0,57.032
62.0,62.869
215.0,67.016
56.0,69.209
4.0,69.792
1.0,69.712
55.0,69.785
83.0,70.384
49.0,71.149
47.0,71.469
29.0,70.108
24.0,68.649
34.0,68.057
141.0,68.337
288.0,68.649
213.0,68.211
160.0,68.649
297.0,69.599
55.0,71.092
15.0,72.095
6.0,71.327
1.0,70.366
1.0,69.797
34.0,69.607
28.0,69.691
23.0,69.971
18.0,69.48
14.0,69.405
17.0,69.809
14.0,70.757
22.0,71.014
5.0,70.65
10.0,70.232
3.0,69.689
20.0,69.55
17.0,68.268
20.0,67.956
9.0,68.649
61.0,69.31
33.0,69.605
376.0,69.169
632.0,69.24
459.0,68.908
167.0,68.649
451.0,69.273
279.0,70.034
393.0,70.167
351.0,69.592
692.0,68.821
573.0,68.649
1061.0,70.168
1040.0,71.338
1041.0,69.02
886.0,63.477
819.0,60.77
940.0,60.468
820.0,57.965
536.0,48.273
281.0,39.73
104.0,49.177
59.0,56.223
159.0,62.129
333.0,66.305
110.0,68.472
100.0,69.229
994.0,69.316
968.0,69.242
990.0,69.78
1034.0,70.891
1045.0,71.145
996.0,69.718
875.0,68.152
454.0,67.248
101.0,67.409
11.0,67.804
8.0,68.066
14.0,68.649
27.0,70.278
37.0,71.805
34.0,72.533
312.0,72.289
297.0,71.412
77.0,70.296
999.0,69.915
995.0,70.2
984.0,70.359
987.0,70.224
995.0,69.848
1001.0,70.017
1043.0,71.127
1047.0,71.493
1012.0,70.638
608.0,70.244
136.0,70.181
35.0,69.786
35.0,68.994
34.0,68.935
29.0,69.789
14.0,70.464
7.0,70.816
9.0,70.176
4.0,69.584
114.0,68.649
571.0,69.233
1082.0,69.934
1097.0,70.921
1078.0,71.41
1065.0,70.762
1034.0,69.818
1046.0,69.274
1066.0,70.807
1039.0,72.567
1053.0,69.493
1041.0,62.966
1017.0,59.547
998.0,59.734
701.0,57.513
295.0,48.373
108.0,39.046
28.0,48.64
24.0,55.208
39.0,60.381
18.0,64.398
7.0,67.305
13.0,68.649
17.0,68.596
225.0,69.212
1108.0,68.99
1217.0,69.336
1305.0,70.068
1357.0,68.649
1251.0,67.21
1101.0,65.753
1075.0,65.241
1037.0,65.849
1010.0,67.257
1033.0,68.482
1028.0,70.679
1021.0,72.124
1017.0,72.751
1004.0,72.792
967.0,71.747
790.0,70.709
442.0,70.388
99.0,70.133
15.0,70.456
9.0,69.657
10.0,69.34
12.0,69.619
13.0,71.008
186.0,71.138
343.0,70.413
1417.0,69.981
1252.0,70.539
1125.0,70.571
1090.0,69.727
1133.0,70.129
1339.0,70.896
1303.0,71.663
1040.0,72.141
1049.0,71.357
1023.0,70.312
1019.0,69.422
1020.0,69.464
1040.0,70.352
1026.0,72.509
1025.0,73.369
1043.0,72.749
1017.0,71.322
988.0,69.658
979.0,70.521
738.0,72.327
322.0,69.121
63.0,61.942
20.0,57.636
7.0,57.584
12.0,56.501
20.0,48.379
19.0,37.093
28.0,45.867
13.0,52.638
49.0,57.209
472.0,61.597
711.0,65.16
811.0,67.208
496.0,68.011
1406.0,68.401
1164.0,68.863
1075.0,69.069
1046.0,69.297
1049.0,68.161
1263.0,65.863
1497.0,64.34
1018.0,63.74
992.0,64.659
996.0,66.927
1025.0,68.64
1053.0,71.205
1061.0,72.791
1065.0,73.865
1065.0,73.035
1059.0,72.143
1057.0,70.874
1042.0,69.88
1051.0,69.683
1056.0,69.685
1045.0,69.104
1027.0,69.046
953.0,69.713
529.0,71.447
111.0,71.529
39.0,70.667
28.0,70.296
36.0,70.806
32.0,70.43
25.0,70.118
39.0,70.482
33.0,70.717
25.0,71.527
32.0,71.864
92.0,71.812
199.0,71.606
142.0,70.563
373.0,70.177
14.0,70.988
1382.0,72.789
1226.0,74.233
1039.0,74.233
1047.0,72.092
1087.0,70.142
1375.0,71.363
1010.0,72.767
1007.0,69.298
1036.0,61.079
1056.0,56.393
1045.0,56.079
1043.0,56.005
1062.0,48.632
1060.0,32.434
1062.0,40.051
1061.0,46.108
1062.0,51.516
1062.0,56.442
1057.0,61.392
1057.0,65.119
1058.0,66.932
1055.0,67.896
1066.0,68.501
1052.0,68.537
1008.0,68.815
804.0,67.256
364.0,64.768
105.0,63.117
59.0,62.356
44.0,63.609
34.0,66.255
21.0,68.715
11.0,71.3
10.0,72.775
21.0,73.567
32.0,73.029
25.0,71.9
3.0,70.583
10.0,69.473
21.0,68.958
26.0,69.062
195.0,68.778
408.0,68.784
750.0,70.555
459.0,72.311
240.0,72.315
43.0,70.926
4.0,70.278
1924.0,70.731
1374.0,70.623
1128.0,70.373
1086.0,70.017
1055.0,70.793
1036.0,71.138
1032.0,71.37
1000.0,71.344
1029.0,71.182
1036.0,71.001
1028.0,70.405
1036.0,70.877
1038.0,72.481
1040.0,73.679
1038.0,73.549
1048.0,71.865
1055.0,70.508
1056.0,71.22
1049.0,72.945
1037.0,68.841
1047.0,60.577
1054.0,55.348
1061.0,55.345
1063.0,54.914
1051.0,48.823
1057.0,27.393
1043.0,34.032
1009.0,39.82
989.0,45.745
970.0,51.681
956.0,58.293
967.0,62.492
826.0,66.039
453.0,67.36
334.0,68.601
266.0,68.731
93.0,68.649
21.0,66.388
23.0,64.008
32.0,61.959
58.0,61.894
184.0,63.022
160.0,65.838
182.0,68.649
139.0,70.644
252.0,72.542
556.0,73.009
492.0,72.699
145.0,71.531
115.0,70.074
31.0,69.002
6.0,68.854
8.0,68.649
2042.0,68.888
1878.0,69.603
1563.0,70.932
1054.0,73.165
981.0,72.903
928.0,70.936
922.0,70.304
990.0,70.735
1022.0,70.801
1025.0,69.993
1033.0,69.635
1042.0,70.76
1038.0,70.62
1044.0,70.055
1043.0,69.901
1038.0,70.082
1044.0,70.271
1037.0,69.99
1042.0,70.132
1041.0,71.44
1047.0,72.645
1045.0,72.778
1043.0,71.349
1043.0,69.983
1031.0,70.781
1043.0,72.729
1044.0,68.649
1011.0,59.878
980.0,54.919
979.0,54.194
1000.0,53.934
1013.0,47.905
1016.0,24.19
990.0,30.385
1009.0,35.939
1006.0,41.998
986.0,48.677
999.0,55.874
1004.0,61.012
981.0,64.492
1011.0,66.132
1008.0,67.907
1011.0,68.649
1020.0,68.238
1017.0,66.39
1024.0,64.442
1025.0,62.344
999.0,61.907
999.0,63.415
996.0,66.283
621.0,68.472
662.0,70.078
567.0,71.497
236.0,72.313
147.0,72.355
1.0,71.436
4.0,70.232
11.0,69.508
1644.0,68.649
1933.0,68.712
1817.0,68.649
1250.0,69.419
957.0,71.073
912.0,73.37
944.0,73.334
951.0,71.565
1007.0,70.809
1012.0,70.916
989.0,70.634
982.0,70.013
1011.0,69.667
1033.0,70.419
1037.0,70.318
1036.0,69.54
1048.0,69.496
1052.0,70.336
1049.0,70.274
1048.0,69.754
1044.0,69.769
1037.0,70.592
1048.0,71.475
1063.0,71.87
1058.0,71.142
1048.0,69.881
1053.0,71.055
1059.0,72.534
1045.0,69.206
1044.0,60.638
1056.0,55.276
1075.0,54.471
1068.0,53.46
1030.0,46.983
1024.0,22.812
1010.0,29.527
994.0,35.884
990.0,42.042
984.0,48.34
976.0,55.381
998.0,60.307
1027.0,63.732
1017.0,66.278
1015.0,67.948
1027.0,68.936
1040.0,69.039
1046.0,67.305
1054.0,65.228
1063.0,63.908
1051.0,63.177
1066.0,64.224
1036.0,66.8
1036.0,68.649
1024.0,69.539
1040.0,70.539
1054.0,71.436
1022.0,71.913
854.0,71.945
537.0,71.545
216.0,71.09
1087.0,70.79
988.0,70.324
965.0,70.056
1012.0,69.67
1029.0,70.672
1042.0,72.711
1036.0,73.241
1004.0,72.421
962.0,71.795
975.0,71.457
996.0,71.107
1009.0,70.601
1016.0,70.405
1012.0,70.527
1018.0,70.284
1021.0,70.16
1045.0,70.596
1043.0,71.602
1043.0,71.099
1051.0,69.837
1045.0,69.113
1031.0,70.116
1021.0,71.264
1057.0,72.515
1056.0,71.475
1048.0,70.076
1041.0,71.131
1033.0,72.982
1033.0,69.932
1022.0,61.939
1036.0,56.43
1057.0,54.202
1043.0,53.084
1030.0,47.043
1042.0,23.837
1038.0,31.568
1044.0,38.25
1027.0,44.589
994.0,50.872
993.0,56.762
1036.0,60.838
1064.0,64.3
1050.0,66.36
1029.0,68.625
1016.0,69.988
975.0,69.633
964.0,68.328
1008.0,66.833
1046.0,65.837
1065.0,65.214
1085.0,66.097
1066.0,67.625
1055.0,68.911
1055.0,69.309
1050.0,69.907
1062.0,70.494
1046.0,71.371
1034.0,71.863
1030.0,72.619
1017.0,72.962
1159.0,72.953
1109.0,72.658
1025.0,72.099
1015.0,71.273
1044.0,71.759
1035.0,72.894
1008.0,73.771
892.0,73.634
794.0,73.264
898.0,73.281
1006.0,73.135
1006.0,72.393
1001.0,71.907
1008.0,71.362
1006.0,70.89
1016.0,70.614
1043.0,71.652
1050.0,73.421
1038.0,72.979
1014.0,70.963
1034.0,69.707
1038.0,69.771
1036.0,71.649
1023.0,73.507
1030.0,72.482
1035.0,70.269
1032.0,70.599
1039.0,72.521
1051.0,69.953
1045.0,62.806
1041.0,57.192
1038.0,55.067
1025.0,53.84
1023.0,48.021
1031.0,27.237
1019.0,36.12
1030.0,43.605
1037.0,49.985
1017.0,55.177
1015.0,59.921
1050.0,63.389
1062.0,65.605
1035.0,67.536
991.0,70.108
1007.0,70.494
1031.0,70.275
1061.0,69.067
1077.0,67.632
1057.0,66.896
1080.0,66.704
1096.0,67.896
1067.0,68.365
1054.0,68.939
1054.0,69.222
1055.0,69.564
1054.0,69.619
1053.0,70.09
1058.0,70.817
1044.0,72.111
1054.0,73.613
1468.0,73.96
1354.0,73.953
1075.0,73.155
1046.0,73.039
941.0,72.835
432.0,73.478
181.0,73.468
210.0,73.488
353.0,73.577
654.0,73.899
948.0,73.573
1019.0,73.112
1008.0,72.2
1006.0,71.725
999.0,70.565
1022.0,70.785
1056.0,71.899
1053.0,73.431
1023.0,73.458
1005.0,71.123
1017.0,69.588
1026.0,69.444
1023.0,71.38
1011.0,73.102
1007.0,72.265
1014.0,69.863
1028.0,69.932
1020.0,71.482
1021.0,69.089
1047.0,63.02
1047.0,57.983
1049.0,56.141
1042.0,55.763
1025.0,50.085
1035.0,33.202
1011.0,42.44
1012.0,49.668
1030.0,55.239
1043.0,59.753
1050.0,63.454
1072.0,66.057
1075.0,66.894
989.0,68.83
378.0,70.111
66.0,70.58
46.0,70.258
130.0,69.068
1089.0,67.846
1344.0,67.146
1120.0,67.563
1121.0,68.649
1110.0,68.649
1072.0,68.974
1065.0,69.165
1062.0,68.649
1068.0,68.765
1066.0,68.961
1047.0,69.94
1046.0,71.457
1042.0,72.98
1209.0,73.832
1111.0,73.602
1084.0,73.08
1047.0,73.028
906.0,73.237
905.0,73.65
982.0,74.054
1022.0,74.039
1036.0,73.977
1031.0,74.232
1044.0,73.784
1066.0,73.188
1084.0,71.983
1064.0,71.506
1042.0,70.546
1056.0,70.353
1084.0,71.216
1079.0,72.891
1058.0,72.966
1024.0,71.859
998.0,70.455
1019.0,70.158
1029.0,70.77
1022.0,71.569
1021.0,70.341
1031.0,68.836
1030.0,70.148
1030.0,71.926
1030.0,69.675
1038.0,64.688
1046.0,59.748
1061.0,59.018
1096.0,58.499
1421.0,52.726
1428.0,39.242
1100.0,48.481
1043.0,54.95
1038.0,59.73
1031.0,63.324
1046.0,66.355
1100.0,68.217
1090.0,68.554
995.0,69.343
960.0,70.179
1004.0,70.689
983.0,70.597
982.0,69.535
895.0,68.212
801.0,67.72
931.0,68.194
956.0,68.303
1136.0,68.649
1128.0,68.819
1096.0,68.919
1067.0,68.649
1062.0,68.649
1059.0,68.733
1037.0,69.894
1043.0,71.207
1063.0,72.895
1070.0,72.845
1092.0,72.628
1062.0,72.641
1079.0,72.48
1072.0,72.943
1047.0,74.008
1051.0,74.233
1055.0,74.233
1058.0,73.761
1046.0,74.145
1044.0,73.837
1069.0,73.536
1065.0,72.499
1062.0,72.142
1054.0,71.341
1055.0,70.526
1064.0,71.328
1070.0,72.627
1048.0,72.62
1049.0,72.532
1044.0,71.782
1038.0,71.328
1025.0,71.11
1023.0,70.958
1026.0,69.792
1030.0,69.594
1028.0,71.229
1031.0,72.818
1036.0,71.69
1039.0,67.706
1050.0,63.754
1043.0,62.513
1039.0,62.168
1049.0,55.767
1060.0,42.199
1052.0,51.923
1041.0,57.53
1036.0,61.784
1036.0,65.682
1051.0,68.05
1108.0,69.531
1054.0,69.327
515.0,70.165
92.0,70.201
41.0,70.944
288.0,71.036
857.0,70.289
1010.0,69.436
1030.0,68.649
1069.0,68.649
1031.0,68.776
1007.0,68.591
1043.0,68.647
1119.0,68.649
1128.0,68.889
1119.0,69.217
1108.0,69.363
1055.0,70.238
1055.0,71.328
1068.0,71.825
1275.0,72.322
1519.0,72.296
1249.0,71.856
1064.0,72.259
1046.0,72.858
1046.0,73.773
1043.0,74.122
1059.0,73.557
1062.0,73.273
1056.0,73.425
1048.0,73.485
1052.0,73.659
1058.0,73.416
1069.0,72.789
1066.0,71.613
1075.0,70.99
1068.0,71.678
1048.0,72.66
1051.0,73.007
1027.0,72.997
1022.0,72.593
1030.0,72.146
1030.0,71.989
1020.0,72.448
1039.0,71.912
1036.0,71.717
1038.0,72.856
1039.0,73.81
1027.0,72.352
1036.0,68.649
1040.0,65.283
1043.0,64.627
1025.0,64.51
1020.0,57.864
1033.0,44.163
1043.0,53.337
1042.0,59.47
1040.0,63.038
1046.0,66.527
1057.0,68.796
1028.0,70.265
363.0,70.106
34.0,70.524
17.0,70.753
30.0,71.101
26.0,71.537
31.0,71.055
232.0,70.481
867.0,69.461
1016.0,69.242
953.0,68.692
849.0,68.649
1000.0,68.71
1034.0,68.649
1053.0,68.816
1203.0,69.593
1230.0,69.799
1282.0,70.722
1172.0,70.736
1038.0,70.745
1185.0,70.808
1316.0,70.606
1822.0,70.816
1684.0,70.878
1069.0,71.791
1032.0,72.697
1041.0,72.693
1060.0,72.266
1061.0,71.747
1055.0,72.137
1048.0,72.842
1044.0,73.799
1046.0,73.868
1063.0,73.849
1186.0,72.801
1316.0,72.46
1152.0,72.39
1051.0,72.967
1027.0,73.172
1020.0,73.36
1034.0,73.457
1036.0,72.866
1027.0,73.23
1043.0,73.689
1040.0,73.247
1037.0,72.57
1033.0,73.28
1035.0,73.855
1024.0,72.197
1017.0,69.352
1019.0,66.121
1028.0,65.989
1011.0,66.371
1010.0,60.195
1023.0,44.66
1028.0,54.016
1043.0,59.949
1042.0,63.857
1019.0,67.142
1018.0,69.108
672.0,70.305
76.0,70.278
4.0,70.587
9.0,70.781
22.0,71.042
48.0,71.73
36.0,71.593
23.0,70.79
32.0,69.92
40.0,69.594
36.0,68.889
185.0,68.997
687.0,68.649
1044.0,68.649
1044.0,69.19
1039.0,69.61
1043.0,70.324
1047.0,70.689
1024.0,70.601
1030.0,69.585
1082.0,68.938
1227.0,68.917
1454.0,69.001
1702.0,69.256
1269.0,70.166
1080.0,71.291
1071.0,71.349
1066.0,70.415
1048.0,70.149
1037.0,70.757
1038.0,71.777
1054.0,73.073
1075.0,73.699
1177.0,74.233
1652.0,73.618
1908.0,73.163
1484.0,73.123
1105.0,73.143
1044.0,73.237
1041.0,73.506
1066.0,73.513
1042.0,73.472
1043.0,73.772
1045.0,74.205
1036.0,73.774
1043.0,73.493
1040.0,73.761
1025.0,73.967
1027.0,72.431
1039.0,69.59
1040.0,67.091
1022.0,67.193
1001.0,67.318
993.0,60.671
1018.0,44.001
1033.0,53.713
1034.0,60.256
1050.0,64.399
1034.0,67.108
985.0,69.649
929.0,70.196
980.0,70.045
988.0,70.482
965.0,70.57
955.0,70.56
900.0,71.453
563.0,71.206
83.0,70.848
19.0,70.295
63.0,69.83
17.0,69.136
22.0,69.303
25.0,69.094
37.0,69.29
46.0,69.094
199.0,69.56
438.0,70.722
630.0,70.788
829.0,70.486
956.0,69.314
1127.0,68.722
1138.0,68.649
1395.0,68.511
1911.0,68.649
1277.0,69.631
1042.0,70.384
1048.0,70.195
1054.0,69.561
1061.0,69.455
1043.0,70.435
1044.0,71.464
1048.0,72.425
1058.0,73.074
1076.0,73.64
1084.0,73.146
1133.0,72.996
1075.0,72.738
1058.0,72.956
1042.0,73.285
1043.0,73.725
1047.0,73.76
1047.0,73.104
1042.0,73.198
1044.0,73.967
1032.0,73.645
1041.0,73.526
1041.0,73.828
1030.0,73.519
1034.0,71.443
1033.0,68.649
1036.0,66.884
1015.0,67.194
987.0,66.839
1009.0,58.681
1036.0,42.082
1030.0,52.752
1031.0,59.497
1011.0,64.046
1021.0,67.179
896.0,68.841
876.0,69.997
966.0,69.805
998.0,70.601
1033.0,70.538
995.0,70.5
887.0,71.092
454.0,71.48
486.0,70.612
862.0,70.372
582.0,69.921
148.0,69.376
67.0,69.454
40.0,69.342
33.0,69.24
34.0,68.922
51.0,69.642
45.0,70.511
41.0,70.981
46.0,70.481
247.0,69.498
1166.0,68.712
1214.0,68.783
1644.0,68.689
1467.0,68.981
1070.0,69.472
1063.0,70.088
1052.0,69.669
1060.0,69.039
1062.0,69.396
1057.0,71.53
1052.0,71.944
1062.0,72.381
1062.0,72.696
1065.0,73.26
1089.0,72.626
1085.0,71.638
1061.0,72.371
1065.0,73.141
1051.0,73.485
1043.0,73.565
1033.0,73.361
1036.0,72.895
1037.0,72.925
1025.0,73.249
1038.0,72.65
1032.0,72.446
1039.0,72.001
1040.0,70.507
1037.0,67.89
1038.0,65.384
1031.0,64.205
990.0,64.325
957.0,63.285
1011.0,54.277
870.0,37.732
644.0,49.651
726.0,57.012
989.0,61.784
1052.0,65.837
1024.0,68.062
980.0,69.042
997.0,69.209
1043.0,70.143
1047.0,70.38
1040.0,70.684
1033.0,71.379
1002.0,72.193
1000.0,71.284
1004.0,70.763
1063.0,69.938
1059.0,69.66
1017.0,69.402
1008.0,69.298
1005.0,68.833
1030.0,68.649
1056.0,69.1
933.0,69.577
639.0,70.046
642.0,69.646
948.0,68.782
1279.0,68.683
1363.0,68.655
1163.0,68.698
1090.0,68.649
1082.0,69.478
1065.0,69.959
1072.0,70.073
1065.0,69.336
1053.0,69.996
1058.0,71.521
1046.0,72.2
1044.0,71.964
1066.0,72.2
1066.0,72.553
1068.0,72.011
1064.0,71.001
1054.0,71.404
1053.0,73.059
1058.0,73.577
1059.0,73.01
1050.0,72.433
1051.0,71.356
1033.0,71.151
1020.0,70.79
1032.0,69.372
1034.0,67.205
1047.0,64.468
1036.0,61.411
1026.0,58.678
1021.0,57.232
1031.0,56.797
1013.0,55.798
1028.0,31.801
1009.0,44.15
970.0,52.502
989.0,57.541
1011.0,61.494
1037.0,64.621
1048.0,66.62
1036.0,68.554
1016.0,69.871
1012.0,70.237
1039.0,70.396
993.0,71.134
987.0,72.014
990.0,71.326
999.0,70.484
1024.0,70.017
1033.0,69.568
1052.0,69.286
1057.0,68.649
1049.0,68.112
1148.0,67.813
1311.0,68.386
1299.0,68.811
1224.0,68.821
1104.0,68.29
1038.0,68.308
1035.0,69.028
1050.0,69.377
1047.0,69.574
1073.0,69.569
1058.0,69.694
1066.0,70.205
1084.0,69.963
1093.0,69.625
1057.0,70.048
1036.0,71.271
1043.0,71.91
1047.0,71.849
1059.0,71.963
1062.0,71.411
1046.0,70.1
1062.0,68.649
1059.0,68.785
1062.0,70.029
1052.0,69.756
1049.0,68.649
1041.0,66.441
1050.0,64.155
1056.0,63.027
1032.0,61.443
1041.0,58.777
1039.0,27.134
1036.0,38.768
1037.0,47.162
1036.0,51.388
1038.0,55.003
1038.0,58.648
1042.0,61.422
1035.0,65.303
1020.0,68.744
1034.0,69.508
1038.0,69.529
955.0,70.15
987.0,70.785
1032.0,69.834
1038.0,69.523
1047.0,69.244
1043.0,69.22
1032.0,69.166
1041.0,68.328
1031.0,67.351
983.0,67.131
1000.0,67.831
1049.0,68.385
1091.0,67.876
1107.0,67.667
1126.0,68.189
1129.0,69.128
1138.0,69.813
1117.0,70.244
1142.0,70.345
1312.0,70.824
1283.0,71.01
1267.0,70.145
1115.0,68.859
1052.0,68.715
1056.0,69.042
1048.0,69.099
1268.0,68.74
1311.0,67.642
1118.0,65.56
1096.0,63.056
1076.0,60.343
1045.0,58.943
997.0,58.398
956.0,57.301
899.0,55.558
1029.0,23.63
1068.0,33.626
1023.0,40.214
1006.0,43.817
1016.0,47.503
1012.0,51.061
1031.0,54.675
1026.0,59.408
1029.0,64.038
1044.0,66.425
1037.0,66.962
1040.0,67.496
1045.0,67.769
1036.0,66.693
1028.0,66.195
1031.0,67.319
1039.0,68.489
1044.0,68.649
1045.0,68.133
1043.0,67.042
1050.0,66.854
1034.0,67.175
1029.0,67.328
1028.0,66.662
1045.0,66.159
1043.0,66.692
1038.0,67.991
1041.0,69.308
1039.0,70.182
1047.0,70.571
1041.0,70.816
1028.0,70.591
1039.0,69.189
1048.0,66.293
1075.0,64.116
1387.0,62.051
1167.0,59.867
1085.0,57.549
1073.0,54.609
1062.0,51.743
1067.0,20.657
1075.0,28.743
1065.0,32.433
1057.0,34.846
1061.0,39.013
1048.0,43.132
1046.0,47.245
1062.0,52.665
1059.0,57.382
1043.0,60.057
1037.0,61.556
1469.0,62.273
1575.0,63.297
1368.0,62.12
1115.0,61.869
1087.0,62.907
1067.0,64.719
1043.0,66.199
1037.0,66.589
1038.0,65.956
1030.0,65.576
1020.0,65.101
1031.0,64.698
1042.0,62.908
1042.0,61.425
1032.0,61.314
1030.0,62.816
1014.0,65.416
1020.0,67.039
1031.0,66.632
1033.0,65.774
1035.0,64.754
1033.0,62.046
1027.0,18.582
1029.0,25.473
1029.0,28.069
1045.0,29.729
1048.0,33.17
1044.0,37.661
1034.0,41.646
1038.0,46.034
1038.0,49.861
1034.0,51.858
1026.0,53.219
1036.0,55.559
1030.0,57.761
1041.0,57.597
1040.0,56.35
1045.0,55.866
1050.0,56.851
1047.0,59.383
1038.0,61.241
1036.0,61.759
1047.0,60.878
1043.0,59.141
1048.0,56.726
1042.0,53.252
1046.0,50.793
1053.0,50.462
1057.0,52.267
1059.0,54.775
1062.0,56.678
1056.0,17.533
1047.0,24.259
1047.0,26.275
1036.0,26.969
1015.0,29.175
1009.0,33.055
1012.0,36.904
1016.0,40.614
1020.0,44.085
1497.0,45.906
1152.0,46.858
1064.0,49.317
1042.0,51.433
1047.0,51.655
1047.0,50.014
1035.0,47.938
1037.0,48.01
1033.0,50.781
1026.0,52.933
1019.0,53.013
1029.0,51.417
1031.0,48.167
1021.0,44.497
1024.0,39.971
1033.0,37.386
1032.0,37.502
1028.0,16.159
1024.0,22.546
1035.0,25.11
1032.0,25.087
1028.0,27.044
1018.0,30.196
1019.0,33.726
1030.0,36.925
1039.0,40.37
1044.0,42.287
1043.0,43.441
1042.0,44.724
1044.0,46.138
1043.0,46.173
1035.0,43.961
1042.0,41.751
1049.0,41.237
1041.0,42.308
1048.0,41.997
1041.0,40.29
1028.0,37.254
1043.0,34.245
1043.0,31.241
1007.0,14.236
1013.0,20.389
1022.0,22.831
1025.0,22.813
1036.0,25.045
1034.0,28.482
1036.0,31.971
1051.0,34.63
1037.0,37.426
1032.0,39.295
1035.0,40.967
1042.0,42.283
1050.0,43.336
1052.0,42.335
1018.0,39.342
995.0,36.496
1002.0,34.313
1035.0,33.344
1051.0,31.42
1064.0,11.407
1723.0,16.665
1315.0,19.136
1056.0,19.478
983.0,21.665
1035.0,25.306
1031.0,28.585
977.0,31.322
975.0,35.68
968.0,37.736
989.0,38.813
1009.0,39.345
1006.0,37.778
1006.0,31.485
1007.0,33.027
1022.0,32.999
1043.0,33.746
1050.0,38.891
1047.0,41.035
1039.0,41.021
1046.0,13.213
1042.0,22.03
1024.0,29.65
1013.0,33.67
1020.0,41.693
1022.0,42.041
1045.0,42.597
1043.0,42.315
1052.0,14.667
1052.0,24.175
1040.0,31.786
1039.0,36.058
1038.0,38.77
1048.0,40.937
1056.0,41.697
1041.0,42.323
1048.0,42.855
1044.0,43.328
1040.0,43.779
1041.0,42.786
1050.0,38.65
1009.0,32.625
986.0,16.473
983.0,27.177
994.0,35.72
998.0,40.462
991.0,42.34
1000.0,43.179
1000.0,43.054
989.0,43.082
1000.0,43.788
1017.0,44.476
1012.0,45.519
1013.0,44.536
1027.0,41.283
1037.0,36.346
1051.0,32.172
1057.0,32.65
1051.0,36.225
1057.0,38.177
1055.0,18.331
1202.0,30.221
1801.0,39.825
1902.0,44.649
1772.0,45.553
1808.0,45.04
1565.0,44.452
1043.0,44.403
984.0,44.684
973.0,45.968
940.0,47.424
972.0,47.533
1020.0,45.209
1033.0,41.356
1016.0,38.531
1039.0,39.868
1049.0,43.074
1058.0,44.846
1043.0,44.369
1037.0,44.443
1030.0,44.69
1044.0,43.913
1050.0,20.068
1050.0,32.742
1046.0,42.989
1052.0,48.518
1056.0,49.379
1051.0,48.135
1046.0,47.172
1045.0,46.509
1063.0,47.016
1071.0,48.855
1040.0,51.296
1031.0,52.252
1046.0,50.625
1033.0,47.706
1023.0,46.252
1025.0,47.001
1019.0,49.778
1032.0,50.979
1015.0,51.403
1010.0,52.118
1002.0,52.784
1002.0,51.892
996.0,50.833
984.0,50.615
997.0,50.083
1004.0,48.892
1008.0,48.037
1035.0,47.664
1038.0,46.885
1035.0,22.15
1016.0,35.117
1016.0,45.33
1019.0,50.547
1034.0,51.939
1032.0,51.306
1032.0,49.654
1039.0,49.615
1047.0,50.946
1034.0,52.859
1168.0,55.328
1898.0,56.299
2190.0,55.008
1978.0,52.509
1188.0,51.697
1021.0,52.13
1015.0,54.262
1033.0,55.754
993.0,55.953
945.0,57.068
1005.0,58.154
1032.0,57.419
1037.0,56.293
1055.0,56.201
1051.0,55.722
1074.0,54.92
1067.0,54.919
1041.0,54.913
1037.0,54.919
1048.0,53.948
1055.0,51.957
1060.0,49.467
1051.0,48.81
1046.0,48.309
1047.0,24.498
1057.0,38.122
1053.0,47.91
1045.0,52.904
1043.0,54.735
1037.0,54.806
1038.0,54.14
1030.0,54.898
1039.0,56.766
1050.0,58.511
1032.0,59.768
1023.0,60.191
1015.0,58.0
1002.0,55.361
1005.0,54.663
1018.0,55.924
1012.0,57.348
993.0,57.983
974.0,57.968
977.0,59.414
990.0,60.845
999.0,60.868
998.0,60.319
1000.0,59.602
1010.0,58.69
1047.0,57.653
1052.0,57.137
1037.0,57.721
1032.0,58.759
1042.0,59.49
1044.0,59.119
857.0,58.501
284.0,58.31
163.0,57.665
119.0,55.98
3.0,53.685
1308.0,50.545
1934.0,47.563
1708.0,46.477
1144.0,47.33
1065.0,47.166
1067.0,47.125
1054.0,46.219
1044.0,27.3
1006.0,40.853
983.0,50.785
1007.0,56.147
1038.0,59.297
1048.0,60.177
1047.0,60.692
1048.0,61.909
1046.0,63.375
1045.0,64.663
1042.0,65.887
1043.0,64.98
1042.0,62.176
1042.0,59.045
1066.0,58.142
1068.0,59.161
1061.0,60.139
1062.0,59.918
1076.0,60.159
1068.0,61.294
1060.0,63.041
1055.0,63.081
1051.0,62.372
1051.0,60.825
1048.0,59.546
1047.0,58.195
1034.0,57.954
1021.0,58.898
1018.0,60.35
1013.0,62.003
1005.0,62.647
1006.0,62.598
1005.0,62.405
983.0,61.913
978.0,61.164
979.0,59.793
1010.0,57.478
1033.0,55.032
1023.0,54.343
1020.0,55.607
1034.0,56.101
1034.0,55.977
1008.0,55.338
880.0,55.105
693.0,54.116
560.0,53.123
120.0,51.419
4.0,51.202
4.0,50.821
6.0,50.024
4.0,30.679
1789.0,43.457
2037.0,53.653
1386.0,59.775
1275.0,63.274
1168.0,65.297
1101.0,65.943
1128.0,66.486
1168.0,67.2
1084.0,68.649
1058.0,68.96
1031.0,67.854
1036.0,64.727
1032.0,61.852
1027.0,60.917
1024.0,61.508
1028.0,61.725
1064.0,61.143
1077.0,61.114
1062.0,62.938
1072.0,64.334
1061.0,64.481
1035.0,63.216
1027.0,61.58
1033.0,60.056
1041.0,58.959
1044.0,58.513
1045.0,59.572
1044.0,61.27
1042.0,63.17
1036.0,64.156
1038.0,64.376
1049.0,64.446
1054.0,64.42
1042.0,63.989
1016.0,62.482
990.0,61.054
993.0,59.226
1002.0,59.138
1015.0,60.369
1032.0,61.622
1040.0,62.897
1017.0,62.599
1000.0,62.252
1014.0,61.324
1023.0,61.029
895.0,60.707
643.0,61.087
383.0,61.103
102.0,60.386
57.0,59.685
3.0,57.979
2193.0,56.162
1505.0,53.549
1638.0,50.876
1729.0,48.974
1585.0,33.761
1419.0,46.192
1667.0,55.444
2088.0,62.02
1961.0,66.307
1920.0,67.902
2028.0,68.544
1527.0,68.649
1075.0,68.545
999.0,69.304
1013.0,69.7
1035.0,68.818
1035.0,66.417
1028.0,63.871
1036.0,63.049
1029.0,63.461
1044.0,63.445
1063.0,62.307
1056.0,62.433
1048.0,64.014
1051.0,65.859
1049.0,66.246
1029.0,65.051
1015.0,62.49
1025.0,60.727
1039.0,59.5
1044.0,59.47
1052.0,60.433
1055.0,62.064
1021.0,64.025
986.0,65.101
987.0,66.124
985.0,66.289
978.0,66.475
993.0,65.85
1005.0,64.795
957.0,63.113
708.0,61.809
670.0,61.374
651.0,62.95
719.0,64.836
175.0,66.611
6.0,66.75
3.0,65.92
1765.0,65.399
1355.0,65.558
1300.0,66.291
1196.0,66.944
1419.0,67.027
1459.0,66.345
1307.0,65.297
1191.0,64.616
1149.0,63.017
1544.0,61.723
2269.0,59.426
1630.0,57.057
1071.0,57.003
1056.0,56.592
1045.0,53.359
1042.0,43.612
1047.0,35.08
1053.0,47.116
1046.0,55.962
1043.0,61.914
1056.0,66.68
1061.0,68.324
1054.0,69.076
1060.0,68.828
1057.0,68.649
1049.0,68.985
1039.0,69.713
1025.0,68.735
1023.0,66.733
1021.0,65.04
1015.0,65.044
992.0,64.918
982.0,64.975
978.0,63.869
946.0,63.569
837.0,65.355
604.0,67.571
587.0,67.379
753.0,65.935
626.0,63.322
595.0,61.197
188.0,60.643
16.0,60.549
2009.0,61.628
1354.0,63.073
1400.0,65.069
1228.0,66.588
1192.0,67.655
1132.0,68.471
1062.0,68.269
1333.0,67.636
1858.0,66.793
1289.0,65.095
1119.0,63.596
1109.0,63.518
1080.0,64.854
1080.0,66.429
1092.0,68.36
1086.0,68.746
1067.0,67.865
1058.0,67.563
1049.0,67.903
1049.0,68.69
1047.0,69.528
1042.0,69.596
1039.0,68.267
1051.0,67.571
1054.0,66.96
1046.0,66.48
1025.0,66.007
976.0,63.682
965.0,60.72
990.0,59.818
887.0,60.017
688.0,56.819
429.0,46.971
674.0,36.084
169.0,47.711
130.0,55.716
57.0,62.094
22.0,66.331
5.0,68.441
3.0,68.878
2335.0,68.669
2222.0,68.538
1447.0,69.068
1383.0,69.121
1099.0,68.182
1128.0,66.155
1300.0,64.705
1101.0,64.627
1038.0,65.378
1033.0,64.782
1070.0,64.274
1073.0,64.16
1071.0,66.228
1066.0,68.21
1065.0,68.629
1062.0,66.766
1057.0,63.835
1045.0,62.443
1030.0,62.044
1025.0,61.745
1022.0,62.668
1046.0,64.094
1034.0,66.167
1000.0,67.845
1015.0,69.243
957.0,70.087
586.0,69.812
300.0,68.948
425.0,68.471
575.0,66.829
234.0,65.605
35.0,64.759
14.0,66.325
15.0,68.096
4.0,69.136
4.0,69.722
3.0,69.036
1317.0,68.481
1431.0,68.36
1085.0,69.108
1080.0,69.567
1067.0,70.019
1022.0,68.632
991.0,68.222
999.0,68.158
1008.0,68.332
1035.0,68.552
1044.0,66.366
1054.0,62.457
1060.0,60.096
1044.0,60.512
1032.0,58.09
1037.0,48.165
1043.0,37.114
1022.0,47.189
995.0,55.215
963.0,61.252
991.0,65.421
964.0,67.928
676.0,68.299
556.0,68.046
362.0,68.06
48.0,68.44
25.0,68.607
20.0,67.718
18.0,65.941
1.0,63.645
7.0,63.675
1073.0,64.268
1065.0,64.27
1023.0,63.759
1022.0,63.962
995.0,66.453
974.0,68.649
970.0,69.439
994.0,67.989
1016.0,65.169
1036.0,63.477
1026.0,63.252
1041.0,63.5
1052.0,63.891
1017.0,65.18
997.0,66.812
1001.0,68.77
998.0,70.768
925.0,70.984
707.0,70.996
664.0,70.248
633.0,69.842
243.0,68.349
18.0,67.057
3.0,66.745
5.0,67.96
3.0,69.228
6.0,70.431
7.0,70.615
1044.0,69.787
1036.0,69.067
977.0,68.904
862.0,69.419
910.0,70.079
1014.0,70.147
1032.0,69.275
1021.0,68.649
1010.0,69.326
1022.0,70.168
1013.0,71.107
924.0,67.917
678.0,63.036
311.0,60.36
125.0,60.773
395.0,58.421
235.0,48.461
125.0,37.103
10.0,46.147
8.0,53.063
37.0,59.186
38.0,63.504
18.0,66.139
32.0,66.947
54.0,67.18
221.0,67.202
435.0,67.626
543.0,67.891
474.0,67.031
279.0,64.334
210.0,61.992
168.0,61.171
101.0,62.123
189.0,62.548
21.0,62.301
8.0,63.136
11.0,65.696
2.0,68.319
125.0,68.909
228.0,68.202
248.0,65.947
186.0,64.745
151.0,64.613
462.0,64.76
484.0,65.366
211.0,66.113
22.0,67.4
9.0,68.649
10.0,70.701
11.0,71.607
2.0,70.946
16.0,70.301
3.0,70.131
4.0,68.968
1.0,67.919
2.0,67.874
8.0,69.18
6.0,70.302
122.0,71.381
109.0,70.733
316.0,70.291
360.0,69.593
561.0,69.325
228.0,69.254
94.0,70.008
107.0,70.416
370.0,69.644
633.0,69.402
946.0,69.472
1049.0,70.986
1052.0,72.273
1045.0,68.777
854.0,62.536
263.0,58.791
1041.0,59.381
1025.0,57.438
1014.0,48.361
999.0,34.707
1027.0,43.112
1015.0,49.992
1017.0,55.864
1014.0,60.651
997.0,63.625
661.0,64.87
500.0,65.521
860.0,66.085
919.0,66.835
931.0,66.573
553.0,65.68
35.0,62.626
14.0,59.721
1044.0,58.683
1024.0,59.106
1018.0,59.846
1045.0,60.46
1081.0,62.041
1073.0,65.263
1039.0,67.923
1010.0,69.106
1026.0,68.563
1015.0,67.17
984.0,66.01
937.0,65.912
801.0,65.752
792.0,66.631
465.0,66.91
51.0,67.504
79.0,69.338
46.0,71.011
240.0,71.563
75.0,70.87
1055.0,70.5
1073.0,70.169
1070.0,69.415
1066.0,68.649
1046.0,68.649
997.0,70.079
995.0,70.985
1034.0,71.805
1034.0,71.695
1039.0,71.273
1043.0,70.151
1060.0,69.91
1051.0,70.499
1040.0,71.786
1028.0,71.995
897.0,71.762
444.0,70.762
85.0,70.279
15.0,71.279
62.0,73.17
247.0,69.544
334.0,62.21
273.0,57.471
6.0,57.857
1068.0,56.92
1061.0,48.742
1086.0,29.895
1072.0,38.082
1047.0,44.255
1014.0,49.945
1003.0,55.145
1044.0,58.816
1043.0,61.684
1054.0,62.8
1037.0,63.831
1021.0,63.98
1006.0,64.268
1008.0,63.224
1000.0,60.89
1006.0,57.454
1025.0,55.807
950.0,56.114
511.0,57.251
93.0,58.721
18.0,61.271
17.0,64.498
9.0,67.68
29.0,69.367
161.0,68.75
63.0,67.879
231.0,66.69
51.0,66.39
10.0,65.952
1095.0,66.628
1076.0,66.846
1070.0,67.377
1058.0,68.983
1054.0,70.675
1075.0,70.878
1069.0,70.442
1021.0,69.655
1039.0,69.592
1044.0,68.778
1041.0,68.83
1023.0,69.181
1022.0,70.721
1028.0,71.498
1021.0,72.046
1001.0,72.006
981.0,71.405
985.0,70.657
1008.0,70.397
877.0,71.26
442.0,72.772
100.0,73.907
20.0,73.349
9.0,72.232
109.0,71.131
593.0,71.749
551.0,73.553
131.0,69.582
23.0,61.107
27.0,56.412
18.0,56.794
1084.0,55.95
1079.0,49.27
1067.0,22.847
1053.0,29.292
1046.0,35.502
1046.0,41.293
1047.0,47.313
1026.0,52.783
1039.0,56.58
1039.0,58.273
1044.0,59.772
1057.0,60.783
1053.0,61.42
1043.0,60.44
1047.0,58.733
1046.0,55.818
1056.0,54.482
1059.0,54.055
1048.0,54.804
1033.0,57.164
1006.0,60.195
998.0,64.275
817.0,67.723
419.0,69.288
167.0,69.415
64.0,68.1
47.0,66.645
60.0,66.116
45.0,65.572
52.0,65.918
215.0,66.177
532.0,66.689
525.0,68.608
256.0,70.856
497.0,70.914
118.0,69.313
221.0,68.763
136.0,68.8
36.0,68.649
1088.0,68.812
1062.0,69.583
1050.0,70.755
1074.0,71.213
1062.0,71.53
1011.0,70.949
1012.0,70.348
1018.0,70.243
1024.0,70.482
1040.0,71.776
1037.0,73.254
1054.0,74.01
1068.0,74.233
1075.0,72.875
1072.0,70.936
1061.0,71.823
1058.0,72.875
1052.0,68.933
1044.0,59.884
1045.0,54.919
1056.0,55.333
1060.0,55.302
1039.0,49.386
1019.0,18.015
1001.0,23.548
984.0,29.089
800.0,35.439
549.0,41.622
443.0,47.7
411.0,52.334
334.0,54.003
252.0,55.993
103.0,57.498
36.0,58.004
46.0,58.213
51.0,57.177
28.0,55.859
54.0,54.34
97.0,53.742
387.0,54.328
615.0,56.834
623.0,59.612
431.0,63.693
74.0,67.046
52.0,69.338
7.0,69.336
1114.0,68.177
1091.0,66.965
1097.0,65.764
1143.0,65.219
1069.0,65.405
997.0,65.349
1007.0,66.588
1023.0,68.392
1055.0,71.417
1058.0,71.332
1031.0,69.768
1046.0,68.658
1063.0,68.649
1052.0,68.83
1049.0,69.325
1036.0,70.182
1040.0,71.219
1046.0,71.524
1051.0,71.188
1057.0,70.821
1056.0,70.492
1056.0,70.652
1051.0,71.217
1054.0,71.783
1046.0,72.613
1013.0,73.151
986.0,73.586
1039.0,72.501
1031.0,70.661
1035.0,71.362
1026.0,73.141
1021.0,68.818
774.0,60.22
310.0,54.78
76.0,54.919
39.0,54.855
41.0,48.68
19.0,16.031
17.0,21.434
26.0,26.579
23.0,32.884
22.0,38.997
33.0,45.214
97.0,49.41
249.0,51.667
436.0,53.035
480.0,55.149
126.0,56.233
31.0,56.892
13.0,55.996
2.0,55.892
1801.0,55.06
1154.0,54.265
1083.0,54.621
1033.0,56.861
1015.0,59.423
1016.0,62.356
1009.0,65.771
1003.0,68.307
1046.0,68.649
1043.0,67.754
1052.0,66.316
1205.0,65.458
1243.0,65.002
1042.0,65.45
1051.0,65.541
1057.0,66.343
1064.0,68.614
1065.0,71.408
1054.0,72.163
1027.0,70.404
1039.0,69.376
1044.0,69.121
1032.0,69.35
1020.0,69.247
1025.0,69.941
1014.0,71.485
1001.0,71.623
997.0,71.212
1005.0,70.477
1004.0,70.291
986.0,70.792
1006.0,71.494
1019.0,71.398
995.0,71.623
973.0,72.306
973.0,72.597
884.0,71.728
720.0,69.879
693.0,70.961
736.0,72.263
748.0,68.649
822.0,60.431
972.0,55.5
976.0,55.227
988.0,54.463
968.0,47.783
928.0,16.326
782.0,21.423
546.0,27.034
333.0,32.812
503.0,38.537
221.0,44.572
113.0,48.942
49.0,51.27
9.0,53.229
5.0,55.237
2047.0,57.335
1723.0,57.54
1126.0,57.13
957.0,57.1
924.0,56.309
945.0,55.525
933.0,55.698
966.0,57.569
1014.0,59.787
1040.0,61.887
1054.0,64.473
1055.0,67.017
1049.0,67.809
1052.0,67.442
1054.0,66.623
1043.0,66.439
1038.0,66.329
1042.0,66.429
1056.0,66.445
1065.0,66.844
1067.0,68.784
1068.0,71.45
1067.0,72.397
1076.0,71.694
1063.0,70.776
1068.0,70.997
1077.0,70.695
1035.0,70.712
1034.0,71.231
1055.0,71.56
1062.0,71.569
1061.0,70.599
1048.0,70.799
1032.0,71.6
1023.0,71.06
1006.0,70.764
989.0,70.658
1016.0,71.06
1015.0,71.321
1019.0,71.792
1046.0,71.371
1073.0,69.593
1056.0,69.953
1052.0,71.832
1053.0,69.016
1055.0,61.801
1057.0,56.525
1054.0,55.826
1053.0,54.426
1045.0,47.44
1058.0,17.739
1037.0,23.683
937.0,29.465
703.0,35.277
695.0,40.694
708.0,46.414
208.0,50.491
378.0,53.91
231.0,55.956
18.0,58.787
1667.0,60.242
866.0,60.559
1114.0,59.618
1356.0,58.915
1345.0,57.587
1213.0,56.683
1023.0,57.005
1054.0,58.71
1057.0,60.225
1040.0,61.49
1033.0,63.142
1035.0,65.534
1021.0,66.394
1015.0,66.735
1030.0,66.905
1034.0,68.349
1045.0,68.649
1031.0,68.649
1032.0,67.969
1029.0,67.635
1031.0,69.229
1018.0,71.164
1019.0,73.157
1040.0,73.067
1041.0,72.534
1035.0,72.962
1037.0,72.778
1004.0,73.081
988.0,72.811
1039.0,72.488
1043.0,71.781
1034.0,71.611
1036.0,72.174
1038.0,73.174
1019.0,72.734
1040.0,71.95
1024.0,70.514
1009.0,70.811
1028.0,71.157
1053.0,72.769
1081.0,72.057
1077.0,69.6
1058.0,69.245
1059.0,71.136
1061.0,69.037
1061.0,63.529
1059.0,58.751
1066.0,57.221
1062.0,55.34
1068.0,48.082
1082.0,20.893
1067.0,28.722
1064.0,35.773
1061.0,41.569
1056.0,46.462
1049.0,51.058
1046.0,55.146
1037.0,57.839
1036.0,60.605
1021.0,62.947
1321.0,63.884
1262.0,64.089
1404.0,62.2
1141.0,59.901
1088.0,58.616
1074.0,57.746
1040.0,58.208
1039.0,59.48
1032.0,60.455
1044.0,60.762
1043.0,62.144
1037.0,63.524
1016.0,64.121
1024.0,64.766
1037.0,66.117
1036.0,68.649
1052.0,69.928
1043.0,69.837
1054.0,69.057
1056.0,68.649
1047.0,69.56
1041.0,71.551
1049.0,73.04
1061.0,73.652
1054.0,73.754
1045.0,73.945
1044.0,74.074
1044.0,73.903
1044.0,73.929
1055.0,72.968
1052.0,72.094
1065.0,72.025
1055.0,72.755
1017.0,74.228
1011.0,73.574
1032.0,72.054
1053.0,70.588
1039.0,69.961
1022.0,71.128
1053.0,72.628
1076.0,71.442
1073.0,69.303
1048.0,69.495
1049.0,70.751
1055.0,69.549
1055.0,65.112
1022.0,61.245
997.0,59.258
1040.0,57.67
1067.0,50.103
1093.0,26.376
1071.0,35.968
1061.0,44.23
1067.0,50.196
1061.0,54.669
1072.0,58.113
1064.0,60.625
1056.0,62.528
1045.0,64.531
1056.0,65.824
1321.0,66.378
1495.0,66.791
1399.0,64.823
1076.0,61.394
1024.0,60.039
1013.0,59.99
1023.0,60.241
1020.0,60.784
1004.0,61.135
1001.0,61.218
1014.0,61.776
1043.0,62.657
1039.0,63.057
1033.0,63.878
1044.0,65.564
1046.0,68.484
1077.0,69.644
1078.0,69.417
1061.0,68.724
1024.0,69.251
1032.0,70.667
1033.0,72.395
1038.0,73.499
1034.0,73.562
1024.0,73.702
1035.0,74.134
1030.0,73.927
1030.0,73.657
1043.0,73.589
1046.0,73.207
1044.0,72.21
1068.0,71.369
1057.0,72.147
1030.0,74.137
1003.0,73.864
1003.0,72.744
1026.0,71.336
1006.0,70.673
1001.0,70.937
1042.0,71.518
1071.0,70.546
1066.0,69.331
1026.0,69.823
1027.0,71.71
1042.0,71.151
1019.0,67.624
1013.0,64.375
1145.0,63.596
1366.0,61.801
1162.0,54.305
1139.0,32.358
1082.0,42.58
1065.0,50.034
1063.0,55.369
1060.0,59.356
1064.0,62.59
1073.0,64.701
1066.0,65.851
1059.0,66.699
1068.0,67.479
1292.0,68.033
1326.0,67.83
1201.0,66.481
1091.0,63.838
1043.0,62.506
1022.0,62.223
1041.0,62.564
1050.0,62.38
1063.0,62.433
1067.0,62.245
1076.0,62.438
1070.0,62.851
1079.0,63.447
1151.0,64.239
1173.0,65.872
1106.0,68.21
1105.0,69.256
1169.0,68.692
1118.0,68.356
1055.0,68.649
1065.0,70.797
1061.0,73.063
1067.0,73.782
1052.0,73.105
1036.0,72.882
1037.0,73.802
1042.0,73.622
1026.0,73.304
1024.0,73.454
1032.0,73.491
1049.0,72.28
1054.0,71.047
1047.0,71.557
1054.0,73.478
1035.0,73.842
1020.0,73.523
1012.0,72.832
1009.0,71.932
1008.0,71.203
1003.0,70.935
1053.0,69.891
1047.0,69.914
1016.0,70.962
1024.0,72.63
823.0,72.201
224.0,69.793
50.0,66.873
103.0,66.87
649.0,65.729
1085.0,57.772
1166.0,36.809
1146.0,46.159
1137.0,52.971
1147.0,57.744
1069.0,61.673
1067.0,65.303
1071.0,67.048
1064.0,67.906
1059.0,68.234
1060.0,68.649
1467.0,68.706
1296.0,69.139
1094.0,68.48
1091.0,66.498
1080.0,65.134
1065.0,64.944
1042.0,64.616
1058.0,64.306
1071.0,64.183
1069.0,64.269
1067.0,63.826
1097.0,65.029
1343.0,65.825
1477.0,66.494
1428.0,67.367
1240.0,68.665
1330.0,68.933
1474.0,68.649
1296.0,68.692
1097.0,68.983
1047.0,70.947
1070.0,72.387
1063.0,72.653
1057.0,71.781
1051.0,71.383
1037.0,71.733
1023.0,72.183
1022.0,72.853
1021.0,73.617
1030.0,73.682
1049.0,72.005
1051.0,71.007
1030.0,71.043
1022.0,72.405
1028.0,73.092
1031.0,73.777
1033.0,73.389
1042.0,72.819
1023.0,72.343
1037.0,72.567
1079.0,71.612
1068.0,71.432
1020.0,72.22
1051.0,73.358
1065.0,72.584
1046.0,70.437
908.0,67.652
556.0,67.643
188.0,67.759
199.0,60.722
480.0,39.444
648.0,48.463
1062.0,54.48
1126.0,59.044
1134.0,62.848
1181.0,66.034
1074.0,68.311
1050.0,68.636
1053.0,69.615
1055.0,69.419
1229.0,69.913
1454.0,70.135
1580.0,69.684
1558.0,68.474
1242.0,67.385
1085.0,66.848
1053.0,66.504
1060.0,66.049
1076.0,65.518
1068.0,65.025
1041.0,65.755
1096.0,66.869
1502.0,68.033
1758.0,68.649
1709.0,68.993
1592.0,68.998
1871.0,68.785
1739.0,68.696
1152.0,69.066
1068.0,69.405
1057.0,70.162
1058.0,70.975
1062.0,70.698
1046.0,69.743
1047.0,69.425
1040.0,70.188
1046.0,70.532
1042.0,71.78
1037.0,72.937
1040.0,73.519
1043.0,72.817
1041.0,71.437
1034.0,71.585
1031.0,72.726
1027.0,73.089
1038.0,73.735
1042.0,73.577
1037.0,73.426
1040.0,73.321
1049.0,74.106
1095.0,73.192
1064.0,72.688
993.0,73.058
999.0,73.757
955.0,72.774
1020.0,70.285
1028.0,67.7
1010.0,68.455
991.0,68.915
942.0,61.813
1100.0,40.612
990.0,49.179
1021.0,54.826
1056.0,59.146
1101.0,62.963
1130.0,65.976
1242.0,67.998
1270.0,69.035
1071.0,69.774
1060.0,70.079
1178.0,70.362
1212.0,70.994
1295.0,70.457
1806.0,69.557
1953.0,68.425
1169.0,67.7
1051.0,67.237
1045.0,67.113
1042.0,67.025
1040.0,66.514
1036.0,67.119
1047.0,68.054
1487.0,69.194
2025.0,69.95
1583.0,69.63
1539.0,69.559
2071.0,69.16
1508.0,69.137
1037.0,68.856
1033.0,68.879
1069.0,69.271
1066.0,69.672
1048.0,69.378
1036.0,68.999
1043.0,68.752
1030.0,69.475
1021.0,69.811
1031.0,70.28
1026.0,71.838
1025.0,72.791
1037.0,72.406
1043.0,71.846
1025.0,72.333
1023.0,72.998
1043.0,73.021
1041.0,73.593
1035.0,73.705
1023.0,73.301
1039.0,73.693
1045.0,74.079
1083.0,73.27
1002.0,72.903
562.0,73.524
248.0,73.967
325.0,73.115
319.0,70.43
130.0,68.509
177.0,69.344
618.0,70.013
806.0,62.579
825.0,40.526
908.0,49.626
1014.0,55.097
1046.0,58.753
1043.0,62.61
1043.0,65.72
1157.0,67.728
1257.0,68.929
1217.0,70.578
1074.0,70.771
1198.0,71.243
1181.0,71.555
1228.0,71.669
1358.0,70.645
1704.0,69.297
1261.0,68.544
1039.0,68.005
1014.0,68.362
1007.0,68.321
1018.0,67.966
1024.0,67.899
1029.0,68.649
1292.0,69.496
2038.0,70.187
1384.0,70.086
1607.0,69.358
2223.0,68.988
1611.0,69.255
1061.0,69.109
1057.0,68.717
1089.0,68.755
1064.0,68.807
1055.0,68.702
1048.0,68.649
1033.0,68.923
1036.0,70.147
1021.0,70.379
1018.0,70.026
1022.0,70.851
1029.0,72.288
1023.0,71.956
1033.0,71.604
1013.0,72.6
1022.0,73.448
1037.0,73.652
1038.0,73.536
1042.0,73.742
1034.0,73.944
1032.0,74.089
1055.0,74.078
1024.0,73.652
653.0,73.419
162.0,73.781
336.0,73.734
854.0,72.824
972.0,70.383
723.0,68.797
177.0,70.578
28.0,70.747
42.0,62.234
43.0,38.298
91.0,48.177
156.0,54.36
332.0,58.403
831.0,61.516
1016.0,64.501
1008.0,66.83
1015.0,68.615
1030.0,70.184
1095.0,70.862
1097.0,70.618
1110.0,71.827
1142.0,71.601
1325.0,70.503
1594.0,69.229
1940.0,68.649
1358.0,68.006
1071.0,68.251
1063.0,68.649
1054.0,68.712
1034.0,68.55
1025.0,68.747
1378.0,69.45
1804.0,69.956
1494.0,69.851
1558.0,69.229
2120.0,68.966
1816.0,69.236
1120.0,68.957
1077.0,68.996
1073.0,68.693
1073.0,68.716
1046.0,68.649
1036.0,68.649
1023.0,69.082
1011.0,70.627
1029.0,70.47
1027.0,69.911
1022.0,70.345
1017.0,71.061
1028.0,71.054
1023.0,70.764
1015.0,71.95
1014.0,73.481
1024.0,73.71
1031.0,73.74
1045.0,74.114
1055.0,73.785
1040.0,74.02
1036.0,73.736
974.0,73.21
966.0,73.149
1014.0,73.294
1016.0,72.51
1029.0,70.756
1027.0,68.201
1026.0,67.089
955.0,68.649
643.0,68.649
196.0,59.571
34.0,34.951
39.0,45.904
16.0,52.479
25.0,56.675
21.0,59.332
34.0,62.148
44.0,65.102
45.0,67.562
30.0,69.808
52.0,70.88
1151.0,71.118
1162.0,71.607
1184.0,71.75
1278.0,70.767
1553.0,68.9
1479.0,68.525
1085.0,68.399
1027.0,68.649
1036.0,68.888
1021.0,68.733
1020.0,68.108
1018.0,68.277
1182.0,68.549
2026.0,69.023
1597.0,68.813
1354.0,68.638
2094.0,68.552
1967.0,68.769
1121.0,68.798
1016.0,68.812
1046.0,68.767
1075.0,68.924
1060.0,68.808
1038.0,68.811
1019.0,69.383
1013.0,70.599
1039.0,70.872
1042.0,70.891
1029.0,71.152
1018.0,71.356
1030.0,70.14
1017.0,69.705
1005.0,71.247
1026.0,73.185
1044.0,73.793
1039.0,74.233
1037.0,74.188
1046.0,73.734
1041.0,73.475
1042.0,72.247
978.0,70.46
826.0,68.649
1007.0,67.342
1019.0,65.764
1034.0,64.021
1051.0,61.611
1024.0,60.666
749.0,61.992
282.0,61.088
100.0,30.329
130.0,41.74
31.0,48.388
7.0,51.527
23.0,54.516
17.0,57.243
29.0,60.741
35.0,64.387
33.0,68.328
21.0,70.146
20.0,70.819
1203.0,71.522
1212.0,71.393
1243.0,69.747
1522.0,68.195
1851.0,67.48
1173.0,68.067
1059.0,68.867
1066.0,69.143
1056.0,68.599
1043.0,67.779
1028.0,67.6
1050.0,67.655
1348.0,67.836
1995.0,67.946
1540.0,68.052
1312.0,68.558
1603.0,68.675
1907.0,68.992
1294.0,68.826
1063.0,68.93
1038.0,69.768
1031.0,69.667
1049.0,69.507
1050.0,69.363
1044.0,70.549
1034.0,71.273
1038.0,71.924
1038.0,71.638
1043.0,70.779
1051.0,68.649
1058.0,67.544
1027.0,68.701
1013.0,70.493
1027.0,70.929
1038.0,70.908
1042.0,70.499
1031.0,68.711
1029.0,67.199
1037.0,65.041
1043.0,62.241
1007.0,58.7
857.0,25.346
1019.0,35.739
1040.0,42.433
1030.0,45.722
1029.0,48.538
1022.0,52.202
1038.0,55.938
1013.0,60.275
936.0,64.973
719.0,67.614
564.0,68.649
337.0,69.298
87.0,68.649
191.0,66.639
460.0,65.507
310.0,65.851
63.0,67.468
34.0,68.886
32.0,69.345
1127.0,68.92
1148.0,67.816
1256.0,67.084
1700.0,66.87
1749.0,66.642
1167.0,67.102
1065.0,67.955
1073.0,69.033
1064.0,69.522
1043.0,69.222
1053.0,69.427
1085.0,70.035
1478.0,70.875
1738.0,70.916
1736.0,69.893
1626.0,69.185
1636.0,68.649
1685.0,68.665
1552.0,68.649
1234.0,67.377
1058.0,65.039
1034.0,61.888
1097.0,60.193
1126.0,59.64
1055.0,59.649
1039.0,59.281
1040.0,58.757
1039.0,57.887
1037.0,55.927
1031.0,21.957
1030.0,31.039
1016.0,36.538
1006.0,39.684
1023.0,43.03
1050.0,46.963
1035.0,50.363
1031.0,54.564
1029.0,59.696
1044.0,62.958
1046.0,64.522
1020.0,65.168
1014.0,64.346
1030.0,61.751
1025.0,60.695
1029.0,62.261
1026.0,65.724
1019.0,68.649
1015.0,69.908
993.0,69.642
1032.0,68.23
1090.0,67.078
1053.0,66.709
1051.0,65.754
1053.0,65.88
1052.0,67.39
1051.0,68.919
1038.0,69.984
1035.0,69.994
1035.0,70.091
1057.0,71.029
1065.0,71.269
1082.0,70.437
1100.0,67.774
1114.0,65.492
1105.0,62.979
1086.0,60.701
1075.0,58.583
1056.0,55.421
1057.0,19.595
1070.0,26.717
1058.0,30.127
1084.0,32.514
1316.0,36.2
1540.0,39.566
1614.0,43.261
1574.0,47.855
1351.0,53.078
1191.0,56.115
1193.0,57.437
1232.0,58.677
1100.0,58.507
1044.0,56.875
1060.0,55.719
1093.0,57.4
1048.0,61.155
1045.0,65.66
1046.0,68.433
1038.0,68.815
1037.0,67.508
1042.0,66.08
1055.0,64.567
1024.0,62.561
1028.0,61.549
1044.0,62.693
1048.0,64.885
1038.0,67.068
1036.0,68.14
1043.0,67.916
1046.0,67.454
1040.0,66.486
1031.0,64.064
1031.0,17.913
1048.0,24.139
1046.0,26.42
1048.0,26.955
1045.0,30.373
1023.0,34.011
1024.0,37.341
1034.0,41.361
1066.0,45.708
1099.0,48.532
1191.0,50.194
1239.0,52.261
1227.0,53.48
1131.0,52.725
1196.0,50.863
1128.0,50.931
1050.0,53.865
1034.0,59.295
1044.0,64.385
1131.0,65.735
1436.0,64.511
1342.0,61.357
1096.0,58.129
1070.0,54.495
1062.0,52.468
1043.0,52.453
1044.0,54.563
1042.0,56.743
1054.0,58.516
1056.0,16.95
1057.0,22.97
1052.0,25.057
1072.0,25.064
1128.0,27.225
1134.0,30.559
1111.0,33.672
1063.0,36.56
1044.0,38.814
1052.0,41.116
1052.0,43.967
1071.0,46.44
1049.0,48.321
1048.0,47.863
1050.0,45.627
1042.0,44.347
1042.0,46.198
1044.0,51.881
1033.0,56.968
1045.0,58.615
1045.0,56.474
1029.0,52.43
1026.0,47.038
1043.0,41.735
1044.0,38.474
1046.0,38.518
1043.0,16.04
1050.0,22.405
1045.0,24.569
1052.0,24.329
1041.0,25.916
1037.0,28.397
1031.0,30.952
1032.0,32.781
1208.0,35.219
1315.0,37.2
1131.0,39.763
1107.0,41.717
1125.0,42.713
1134.0,41.611
1143.0,39.364
1152.0,38.088
1176.0,39.209
1127.0,43.13
1096.0,46.186
1061.0,45.503
1033.0,42.845
1035.0,38.987
1031.0,34.548
1038.0,14.624
1061.0,20.945
988.0,23.581
1529.0,23.195
1126.0,24.341
1067.0,26.56
1044.0,28.378
1034.0,29.833
1031.0,34.402
1010.0,36.973
1000.0,38.747
1025.0,39.14
1044.0,37.804
1057.0,34.892
1054.0,33.365
1049.0,33.042
1058.0,34.185
1060.0,12.694
1051.0,18.392
1044.0,21.175
1043.0,20.865
1048.0,24.642
1037.0,34.531
1031.0,36.011
999.0,36.367
992.0,34.43
1023.0,31.225
1039.0,32.415
1035.0,31.684
1040.0,37.28
1041.0,40.37
1042.0,41.508
1030.0,13.781
1032.0,23.652
1034.0,31.856
1041.0,36.113
1043.0,41.834
1036.0,42.555
1042.0,42.427
1046.0,15.064
1045.0,25.73
1040.0,34.046
1039.0,38.286
1042.0,40.084
1037.0,41.275
1059.0,42.06
1077.0,42.131
1053.0,42.81
1043.0,43.416
1047.0,44.018
1052.0,43.295
1058.0,39.776
1046.0,34.58
1045.0,16.65
1067.0,27.744
1055.0,36.788
1043.0,41.031
1041.0,42.048
1046.0,41.99
1022.0,42.252
1008.0,42.603
1249.0,43.252
1075.0,44.281
1020.0,45.702
1699.0,45.959
1131.0,43.777
1037.0,40.278
1026.0,37.46
1043.0,37.788
1055.0,39.899
1059.0,40.514
1042.0,17.966
1055.0,30.161
1054.0,39.953
1048.0,44.315
1052.0,44.73
1064.0,43.845
1060.0,43.096
1043.0,43.503
1040.0,43.865
1054.0,45.632
1052.0,47.745
1045.0,49.113
1036.0,47.911
1033.0,45.633
1033.0,44.437
1034.0,45.061
1037.0,47.104
1042.0,47.85
1039.0,46.674
1039.0,45.587
1035.0,44.98
1045.0,43.74
1046.0,19.397
1048.0,31.791
1039.0,41.951
1041.0,47.136
1043.0,48.012
1033.0,46.941
1028.0,44.945
1019.0,45.018
1011.0,46.056
999.0,48.278
994.0,51.455
1006.0,53.347
1027.0,53.124
1030.0,51.262
1026.0,50.493
1038.0,51.01
1055.0,52.626
1069.0,53.598
1067.0,53.495
1048.0,53.416
1029.0,52.642
1020.0,50.849
1019.0,49.214
1042.0,49.6
1053.0,49.684
1060.0,49.318
1059.0,48.398
1059.0,48.334
1497.0,47.304
808.0,21.08
655.0,33.879
685.0,43.671
1208.0,48.962
1389.0,50.319
1119.0,49.213
1055.0,47.572
1069.0,47.331
1076.0,49.318
1056.0,51.603
1017.0,54.178
1006.0,55.938
1030.0,55.629
1044.0,53.982
1068.0,53.475
1064.0,54.522
1057.0,56.44
1043.0,56.803
1047.0,57.048
1052.0,56.906
1048.0,56.603
1044.0,55.196
1039.0,54.47
1053.0,54.929
1048.0,55.484
1041.0,55.23
1037.0,55.06
1045.0,55.139
1054.0,54.912
1059.0,53.319
1045.0,50.972
1045.0,49.133
1051.0,48.033
1042.0,47.209
1035.0,23.759
1026.0,36.943
1042.0,46.765
1047.0,51.38
1035.0,52.499
1021.0,51.661
1023.0,51.276
1022.0,51.775
1006.0,53.269
998.0,54.986
995.0,56.968
1002.0,58.248
1019.0,57.899
1032.0,55.68
1057.0,55.764
1077.0,56.545
1073.0,57.802
1066.0,58.511
1069.0,58.028
1071.0,58.262
1062.0,58.032
1066.0,57.615
1062.0,57.099
1064.0,57.312
1068.0,57.663
1531.0,57.076
1236.0,56.692
924.0,56.92
536.0,57.129
1469.0,56.769
1521.0,55.881
1040.0,55.427
1029.0,54.919
1026.0,54.512
1018.0,53.018
1023.0,51.331
1023.0,49.498
1030.0,47.839
1045.0,47.684
1053.0,47.807
1069.0,47.702
1063.0,47.526
1049.0,47.646
1042.0,48.17
1048.0,47.346
1045.0,44.963
1054.0,26.105
1054.0,40.085
1046.0,49.975
1047.0,54.183
1056.0,55.672
1060.0,55.585
1056.0,55.739
1059.0,56.432
1057.0,57.637
1052.0,59.406
1042.0,60.896
1040.0,61.7
1047.0,61.096
1038.0,58.966
1043.0,58.169
1044.0,59.191
1036.0,59.506
1022.0,59.198
1010.0,58.385
1041.0,58.846
1036.0,59.01
1025.0,58.293
1031.0,57.893
1052.0,58.266
1062.0,57.654
1059.0,57.131
1065.0,56.941
1069.0,57.622
1067.0,57.824
1071.0,57.979
1077.0,58.036
1066.0,57.622
1061.0,57.226
1057.0,57.029
1052.0,56.398
1059.0,55.492
1060.0,55.163
1049.0,54.919
1046.0,55.054
1553.0,55.737
2033.0,55.973
1886.0,55.87
1688.0,56.563
1259.0,57.672
991.0,57.297
972.0,55.981
967.0,54.858
941.0,54.435
970.0,54.653
980.0,54.949
1029.0,53.93
1062.0,52.525
1062.0,50.088
1083.0,29.202
1124.0,43.004
1062.0,52.297
1028.0,57.237
1035.0,58.852
1038.0,58.749
1045.0,59.411
1053.0,60.407
1040.0,61.687
1047.0,62.91
1053.0,64.544
1065.0,64.696
1070.0,63.084
1075.0,60.655
1082.0,59.893
1042.0,60.179
1012.0,60.257
1033.0,59.234
1020.0,58.567
1022.0,59.08
1030.0,59.899
1044.0,59.399
1022.0,58.989
993.0,58.4
998.0,57.578
1024.0,56.666
1035.0,56.739
1051.0,57.433
1059.0,58.451
1063.0,58.981
1069.0,59.073
1068.0,58.985
1066.0,58.515
1066.0,58.795
1069.0,58.38
1064.0,57.719
1064.0,57.774
1052.0,57.668
1046.0,58.655
1046.0,59.885
1039.0,60.793
1031.0,61.151
1036.0,61.681
1043.0,61.715
1042.0,61.604
1012.0,61.926
1626.0,61.979
1992.0,62.184
1388.0,62.536
1237.0,62.558
1170.0,63.447
1059.0,62.687
1046.0,60.497
1025.0,57.612
1012.0,55.426
1019.0,53.686
1029.0,52.911
1054.0,52.445
1067.0,48.775
1041.0,39.421
1032.0,32.109
1022.0,44.758
1060.0,53.771
1065.0,58.749
1049.0,61.318
1053.0,62.055
1059.0,62.167
1053.0,62.787
1048.0,63.471
1043.0,64.718
1051.0,65.545
1062.0,65.398
1061.0,63.171
1048.0,61.149
1043.0,60.5
1043.0,60.08
1043.0,59.635
1024.0,58.813
1021.0,58.418
1026.0,59.459
1003.0,60.591
984.0,60.832
981.0,59.793
1008.0,58.82
1026.0,57.687
1028.0,56.439
1035.0,56.291
1049.0,57.506
1047.0,58.777
1046.0,59.803
1045.0,60.277
1036.0,60.193
1026.0,60.139
1029.0,60.487
1021.0,59.908
1023.0,59.285
1013.0,58.935
1025.0,59.379
985.0,59.988
966.0,61.579
575.0,62.636
293.0,64.091
129.0,64.595
24.0,64.413
3.0,64.532
1852.0,64.976
1490.0,65.895
1374.0,66.009
1156.0,66.223
1097.0,66.579
1042.0,66.956
1446.0,66.597
1284.0,65.036
1054.0,63.413
1042.0,61.274
1039.0,59.198
1042.0,58.409
1041.0,58.352
1054.0,54.919
1039.0,44.755
1051.0,34.158
1065.0,46.137
1047.0,54.33
1047.0,59.541
1055.0,62.245
1048.0,63.47
1033.0,63.592
1035.0,63.511
1038.0,64.18
1046.0,64.764
1051.0,65.366
1056.0,64.756
1048.0,62.935
1044.0,61.097
1042.0,60.781
1044.0,61.071
1035.0,60.293
1037.0,58.806
1037.0,58.736
1026.0,59.964
1015.0,61.421
1007.0,61.504
1006.0,60.534
1002.0,59.129
999.0,57.516
1019.0,56.263
1033.0,56.409
1039.0,57.79
1024.0,59.252
1019.0,60.488
1021.0,61.496
976.0,61.846
759.0,62.334
553.0,62.632
259.0,62.374
394.0,61.637
146.0,60.659
6.0,60.228
12.0,60.366
8.0,61.956
6.0,63.917
4.0,66.412
5.0,67.253
1676.0,67.303
1340.0,66.879
1372.0,67.026
1174.0,67.649
1118.0,67.742
1118.0,67.999
1118.0,67.944
1615.0,68.304
1714.0,67.596
986.0,66.751
946.0,65.913
983.0,64.04
1026.0,61.41
1031.0,60.425
1043.0,60.341
1045.0,57.263
1044.0,47.205
1024.0,35.095
1027.0,45.967
1033.0,53.306
1033.0,58.291
1052.0,61.784
1048.0,63.252
1040.0,63.674
1050.0,63.676
1052.0,63.965
1045.0,64.64
1036.0,64.807
1035.0,64.162
1038.0,62.051
1044.0,60.128
1049.0,60.273
1045.0,60.766
1053.0,60.361
1035.0,58.814
998.0,58.845
1016.0,60.863
995.0,62.449
1009.0,62.917
1002.0,60.925
1020.0,59.036
1000.0,57.232
849.0,56.421
793.0,56.317
679.0,57.808
742.0,59.329
295.0,61.459
91.0,62.97
9.0,64.069
5.0,64.756
1419.0,65.247
1268.0,65.158
1426.0,64.136
1212.0,62.655
1098.0,61.178
1120.0,61.315
1178.0,62.627
1576.0,65.281
1863.0,68.345
1184.0,69.436
1030.0,69.063
1037.0,68.607
1048.0,68.62
1052.0,69.116
1038.0,69.394
1020.0,68.863
1041.0,68.464
1047.0,68.503
1048.0,68.55
1040.0,68.136
1045.0,67.813
1056.0,65.729
1050.0,61.994
1051.0,60.881
1050.0,60.652
1053.0,58.169
1041.0,48.485
1037.0,34.687
1025.0,43.818
1032.0,50.857
1045.0,55.958
1038.0,59.673
1015.0,61.918
983.0,62.465
988.0,62.862
1021.0,63.141
973.0,63.392
807.0,64.025
552.0,63.096
633.0,60.32
542.0,58.832
123.0,58.616
135.0,59.264
52.0,58.605
14.0,57.475
11.0,57.727
1737.0,60.441
1372.0,62.616
1230.0,63.087
1492.0,61.55
1383.0,59.092
1295.0,57.762
1439.0,56.626
1303.0,56.933
1082.0,58.096
1094.0,59.911
1065.0,62.321
1075.0,64.184
1063.0,66.028
1052.0,66.579
1066.0,67.318
1088.0,66.85
1066.0,66.063
1056.0,64.456
1045.0,62.724
1041.0,62.696
1047.0,64.372
1052.0,67.149
1056.0,70.143
1054.0,71.044
1056.0,70.829
1054.0,69.966
1047.0,69.665
1026.0,69.878
991.0,70.084
989.0,69.542
1017.0,68.835
834.0,68.649
496.0,68.649
527.0,69.055
825.0,69.604
781.0,67.048
473.0,62.563
143.0,60.085
31.0,60.341
6.0,58.41
7.0,48.44
11.0,32.475
9.0,40.447
2437.0,46.681
2024.0,51.977
1166.0,56.063
1083.0,58.885
1125.0,60.405
1140.0,61.087
1090.0,61.713
1088.0,62.336
1110.0,62.731
1103.0,61.4
1083.0,58.53
1062.0,56.342
1062.0,55.848
1065.0,55.834
1073.0,55.706
1061.0,54.725
1067.0,55.734
1058.0,59.104
1043.0,62.331
1040.0,63.591
1048.0,61.848
1050.0,59.569
1050.0,58.247
1050.0,57.663
1035.0,57.847
1006.0,59.079
1006.0,60.371
803.0,62.927
464.0,65.276
123.0,67.57
68.0,68.649
101.0,68.648
8.0,68.457
24.0,67.601
13.0,65.926
15.0,64.869
8.0,65.217
1361.0,67.06
1311.0,69.335
1063.0,71.543
1087.0,72.33
1086.0,72.341
1088.0,71.251
1073.0,70.727
1066.0,70.951
1078.0,70.59
1048.0,70.324
1019.0,69.697
1042.0,69.463
1061.0,69.51
1057.0,70.802
1046.0,71.82
1043.0,68.649
1055.0,62.785
1047.0,58.98
1042.0,59.416
1031.0,57.921
1029.0,48.841
1010.0,28.509
995.0,35.354
1010.0,41.017
993.0,46.15
772.0,50.898
238.0,54.644
26.0,56.785
9.0,58.157
13.0,58.936
7.0,59.845
7.0,60.07
1099.0,58.134
1127.0,55.546
1088.0,53.182
1073.0,51.993
1047.0,51.951
1035.0,51.618
1010.0,51.357
993.0,53.096
975.0,57.532
959.0,61.583
957.0,63.324
1022.0,62.435
1059.0,60.156
1026.0,58.747
1024.0,58.651
1024.0,58.807
1025.0,59.459
1017.0,60.948
1018.0,63.375
1004.0,66.039
734.0,68.251
541.0,69.373
157.0,69.23
14.0,68.761
13.0,67.913
10.0,66.784
9.0,65.617
1054.0,66.173
1030.0,68.621
1014.0,70.724
1018.0,72.161
993.0,72.38
976.0,71.912
995.0,71.517
1034.0,71.403
1041.0,71.308
1019.0,71.405
1004.0,70.891
1014.0,70.261
1032.0,69.633
1038.0,70.023
1039.0,71.454
975.0,73.045
500.0,69.714
528.0,62.539
326.0,58.154
29.0,58.178
5.0,56.92
3.0,48.704
7.0,22.648
1.0,28.678
91.0,34.28
193.0,39.679
294.0,44.752
457.0,49.226
718.0,52.313
855.0,53.752
966.0,54.822
1016.0,55.654
1013.0,56.023
1033.0,54.456
1063.0,51.708
1040.0,49.241
972.0,48.101
810.0,48.215
347.0,47.845
135.0,48.255
16.0,50.555
5.0,55.415
9.0,60.154
792.0,62.667
300.0,62.122
155.0,60.471
610.0,59.065
625.0,59.156
198.0,59.042
127.0,59.293
683.0,60.538
281.0,62.919
358.0,65.953
85.0,68.62
8.0,69.3
1.0,68.54
6.0,67.44
6.0,67.277
1.0,66.539
15.0,66.333
39.0,67.703
288.0,70.138
210.0,71.71
595.0,72.465
547.0,71.642
351.0,71.239
601.0,70.951
1021.0,71.902
752.0,72.361
585.0,72.478
806.0,72.116
984.0,71.761
1032.0,70.777
1042.0,70.622
120.0,71.863
735.0,73.668
1038.0,69.922
982.0,62.087
1012.0,56.725
1031.0,56.965
1051.0,56.274
834.0,49.067
325.0,16.188
49.0,21.433
144.0,27.149
840.0,32.744
1046.0,38.264
952.0,42.926
714.0,46.379
925.0,48.196
971.0,48.811
981.0,49.989
733.0,50.525
104.0,49.993
31.0,47.885
1068.0,46.321
1040.0,45.867
708.0,45.916
174.0,45.453
156.0,45.641
692.0,48.392
1056.0,53.32
1061.0,58.348
1017.0,61.167
1009.0,61.547
1019.0,60.409
1008.0,59.223
978.0,58.757
963.0,58.36
966.0,58.984
847.0,60.141
279.0,62.514
285.0,65.416
583.0,68.258
88.0,68.668
23.0,67.202
16.0,66.031
1050.0,65.719
1067.0,65.637
1066.0,66.755
988.0,68.649
1027.0,71.384
1073.0,72.763
1048.0,72.018
1024.0,71.304
1009.0,70.09
1001.0,70.489
977.0,72.232
1012.0,72.999
1051.0,73.632
1057.0,73.439
1055.0,73.363
1050.0,72.328
1027.0,71.1
1007.0,72.059
689.0,73.392
176.0,69.148
27.0,60.801
20.0,55.848
373.0,56.319
176.0,56.252
16.0,49.56
1.0,12.974
1025.0,17.677
1041.0,22.862
1064.0,28.49
1053.0,34.094
1021.0,38.934
1000.0,41.275
988.0,41.877
1028.0,42.191
1038.0,43.537
1030.0,44.847
1042.0,45.479
1032.0,44.683
1047.0,44.921
1052.0,44.913
1040.0,44.936
1032.0,44.279
1053.0,43.975
1048.0,46.161
1011.0,50.585
995.0,55.68
982.0,59.222
720.0,60.488
246.0,59.55
27.0,58.36
73.0,57.996
464.0,57.903
545.0,58.483
76.0,59.136
26.0,61.076
8.0,64.309
10.0,67.831
18.0,68.721
24.0,66.889
1724.0,65.505
1499.0,65.31
1221.0,65.88
1108.0,67.189
1138.0,69.636
1089.0,72.083
1040.0,73.009
1048.0,72.632
1046.0,70.989
1038.0,70.42
1042.0,70.924
1048.0,72.391
1044.0,73.481
1045.0,73.567
1042.0,73.729
1036.0,73.834
1029.0,72.703
1041.0,71.379
1035.0,72.145
1002.0,73.102
1007.0,69.616
1014.0,60.83
1017.0,55.662
925.0,56.049
598.0,55.819
245.0,48.834
88.0,11.99
37.0,16.301
25.0,21.434
52.0,27.081
274.0,32.15
91.0,36.706
23.0,38.931
2.0,39.403
18.0,39.211
8.0,40.409
1218.0,42.219
1110.0,43.342
1136.0,43.826
1225.0,44.811
1304.0,45.181
1209.0,44.579
1019.0,43.482
1038.0,43.681
1048.0,45.755
1052.0,49.471
1041.0,53.795
1043.0,57.758
1051.0,58.863
1048.0,58.027
1045.0,57.376
1051.0,57.375
1057.0,57.549
1050.0,58.299
1046.0,58.829
1052.0,60.518
1042.0,63.48
1010.0,67.44
1022.0,68.649
1025.0,67.4
1019.0,66.26
1027.0,66.101
1034.0,66.525
1002.0,68.266
986.0,70.077
935.0,72.791
874.0,74.003
762.0,72.756
434.0,71.501
369.0,70.87
403.0,71.171
671.0,72.646
740.0,73.143
753.0,73.19
718.0,73.118
204.0,73.011
79.0,71.7
24.0,70.032
7.0,71.293
5.0,72.113
1095.0,68.894
1086.0,61.147
1089.0,56.311
1097.0,55.866
1104.0,54.934
1076.0,47.543
1063.0,12.035
1033.0,16.328
1045.0,21.42
1039.0,26.635
1025.0,31.634
1048.0,36.197
1065.0,38.75
1073.0,39.338
1060.0,39.948
1056.0,41.235
1062.0,43.046
1065.0,44.452
1052.0,44.684
1054.0,45.687
1055.0,45.259
1048.0,44.377
1031.0,43.344
1035.0,44.01
1025.0,45.708
1031.0,49.387
1047.0,53.158
1054.0,56.152
1050.0,56.928
1054.0,56.294
1049.0,56.197
1042.0,57.265
1016.0,57.928
938.0,58.595
631.0,58.858
291.0,60.294
86.0,63.151
22.0,67.108
19.0,68.393
24.0,68.365
35.0,67.559
273.0,67.833
492.0,67.858
301.0,68.829
359.0,70.895
422.0,73.263
165.0,73.739
29.0,73.04
15.0,72.025
4.0,71.689
1115.0,71.824
1078.0,73.012
1062.0,73.079
1071.0,72.968
1094.0,72.585
1285.0,72.773
1696.0,71.031
2048.0,69.426
1457.0,69.427
1025.0,71.35
1011.0,68.649
1014.0,62.007
1001.0,57.327
1017.0,56.636
1011.0,54.919
1005.0,47.301
1004.0,12.979
1023.0,17.418
1035.0,22.684
1035.0,27.901
1033.0,32.565
1038.0,37.068
1037.0,40.716
1030.0,42.547
1006.0,44.083
989.0,46.191
981.0,48.272
1014.0,48.728
1029.0,47.888
1028.0,47.355
1046.0,46.052
1048.0,44.365
1036.0,44.222
1014.0,45.165
1026.0,47.26
1047.0,49.766
1042.0,52.189
913.0,54.791
686.0,55.152
583.0,55.06
425.0,55.778
560.0,58.318
734.0,59.378
637.0,60.042
467.0,59.727
348.0,60.84
654.0,63.064
814.0,66.84
782.0,68.649
471.0,68.699
167.0,68.92
36.0,69.274
14.0,70.064
5.0,71.135
1658.0,72.14
1183.0,73.548
1007.0,73.902
1030.0,73.044
1033.0,73.052
1028.0,73.44
1027.0,73.305
1018.0,73.511
1056.0,72.913
1275.0,72.328
1473.0,72.794
1105.0,72.958
1067.0,71.065
1054.0,68.913
1047.0,68.649
1049.0,70.265
1066.0,69.053
1073.0,63.965
1069.0,59.722
1065.0,57.838
1071.0,55.268
1073.0,47.808
1074.0,15.256
1069.0,21.265
1074.0,26.995
1063.0,31.933
992.0,36.685
998.0,41.818
1029.0,45.309
1026.0,48.452
1040.0,51.115
1043.0,53.464
1060.0,55.516
1055.0,55.097
1038.0,53.401
1026.0,50.636
998.0,48.477
991.0,46.952
1003.0,46.684
1022.0,48.313
1048.0,49.973
1059.0,51.207
1045.0,52.828
1038.0,54.202
1046.0,54.78
1048.0,55.024
1052.0,56.529
1050.0,59.536
1047.0,61.136
1036.0,61.856
933.0,61.508
851.0,61.704
770.0,63.903
826.0,67.008
733.0,68.649
641.0,69.203
269.0,69.294
98.0,70.188
15.0,71.334
605.0,72.916
851.0,73.498
1474.0,74.233
1881.0,73.732
2107.0,73.105
2151.0,73.746
2147.0,74.233
1466.0,74.233
1079.0,73.507
1050.0,72.725
1045.0,72.207
1046.0,72.278
1034.0,72.464
1025.0,70.286
1035.0,69.05
1044.0,69.152
1056.0,70.088
1059.0,70.058
1045.0,66.363
1038.0,62.211
1038.0,60.595
1051.0,57.98
1036.0,49.798
1036.0,18.924
1054.0,26.415
1061.0,33.415
1044.0,38.98
1038.0,43.378
1028.0,48.141
1040.0,51.905
1019.0,55.316
1038.0,58.052
1057.0,60.09
1055.0,60.853
1054.0,60.573
1060.0,58.017
1057.0,54.493
1064.0,51.455
1064.0,50.504
1059.0,50.786
1074.0,52.251
1096.0,53.366
1069.0,53.527
1057.0,54.04
1064.0,54.669
1065.0,54.838
1065.0,55.21
1064.0,57.08
1064.0,60.329
1059.0,61.875
1066.0,62.318
1053.0,62.018
1051.0,62.924
1039.0,64.882
1033.0,67.639
1049.0,68.67
1036.0,68.649
1034.0,68.649
1010.0,70.04
1047.0,71.351
944.0,72.552
828.0,73.535
806.0,73.992
1510.0,73.215
1597.0,72.166
1151.0,72.475
1075.0,73.905
1030.0,73.833
1024.0,72.998
1039.0,72.282
1042.0,71.653
1035.0,71.893
1018.0,71.947
1010.0,70.127
1027.0,68.809
1044.0,69.561
1052.0,71.4
1064.0,71.57
1055.0,68.649
1046.0,66.134
1057.0,65.361
1065.0,63.805
1057.0,54.918
1056.0,23.476
1061.0,31.479
1050.0,38.872
1046.0,44.321
1050.0,49.328
1058.0,54.055
1061.0,57.289
1057.0,60.269
1058.0,62.179
1060.0,63.734
1055.0,64.172
1054.0,64.095
1039.0,61.853
1003.0,58.234
1003.0,55.417
1027.0,54.815
1055.0,55.262
1078.0,56.355
1063.0,57.145
1055.0,57.327
1062.0,56.591
1071.0,56.443
1072.0,56.258
1067.0,57.197
1071.0,58.483
1061.0,61.258
1064.0,62.598
1077.0,62.926
1072.0,63.045
1069.0,63.893
1072.0,66.566
1067.0,69.299
1075.0,70.029
1067.0,69.033
1056.0,69.216
1046.0,70.036
1054.0,70.965
1631.0,71.574
1388.0,72.586
1485.0,73.823
1632.0,72.643
1119.0,70.884
1094.0,71.426
1086.0,73.409
1056.0,73.68
1020.0,73.329
1017.0,73.022
1035.0,72.907
1037.0,73.085
1025.0,71.671
1065.0,70.129
1213.0,69.814
1429.0,70.625
1658.0,71.972
1467.0,71.867
1062.0,70.244
1055.0,68.649
1062.0,69.152
1052.0,68.173
1056.0,59.714
1068.0,27.225
1059.0,35.821
1050.0,42.907
1043.0,48.449
1043.0,52.768
1038.0,57.714
1051.0,60.795
1054.0,63.216
1060.0,64.635
1060.0,65.523
1047.0,66.172
1044.0,66.365
1058.0,64.291
1063.0,61.671
1070.0,59.586
1065.0,59.207
1061.0,59.707
1076.0,60.224
1060.0,60.458
1041.0,60.18
1047.0,60.252
1051.0,60.055
1050.0,59.915
1015.0,60.908
1009.0,61.943
1034.0,63.718
1048.0,64.821
1080.0,65.207
1065.0,65.432
1063.0,66.286
1066.0,68.222
1072.0,70.575
1071.0,71.051
1070.0,69.898
1068.0,69.723
1063.0,70.475
1060.0,70.893
1324.0,71.047
1498.0,72.218
1338.0,73.107
1074.0,72.116
1023.0,70.347
1064.0,71.13
1064.0,73.496
1054.0,73.619
1055.0,73.799
1060.0,73.587
1066.0,73.576
1089.0,73.475
1356.0,73.198
1310.0,72.12
1147.0,71.818
1117.0,72.107
1169.0,73.195
1337.0,72.706
1537.0,70.904
1275.0,69.216
1113.0,69.807
1065.0,69.519
1058.0,61.385
1050.0,30.769
1042.0,38.838
1060.0,45.776
1055.0,50.938
1041.0,55.37
1038.0,59.818
1036.0,62.73
1046.0,64.224
1058.0,66.1
1060.0,67.218
1056.0,67.384
1056.0,67.701
1041.0,66.255
1034.0,64.464
1037.0,62.898
1047.0,62.089
1068.0,62.353
1096.0,63.15
1072.0,63.406
1028.0,63.183
1020.0,63.413
1036.0,64.197
1031.0,64.41
1032.0,64.729
1039.0,65.525
1121.0,66.674
1295.0,67.68
1210.0,68.0
1155.0,67.936
1143.0,67.791
1066.0,68.648
1070.0,70.241
1066.0,70.263
1067.0,69.938
1073.0,69.847
1072.0,70.237
1065.0,69.885
1477.0,69.805
1476.0,70.669
1515.0,72.03
1141.0,71.006
1089.0,69.996
1060.0,71.541
1077.0,73.333
1061.0,73.64
1035.0,72.972
1048.0,73.534
1018.0,73.904
1138.0,73.943
1183.0,73.892
1153.0,73.57
1117.0,72.966
1086.0,72.711
1068.0,73.32
1113.0,72.459
1284.0,70.534
1543.0,68.99
1216.0,69.964
1028.0,70.146
1079.0,61.894
1149.0,33.526
1101.0,41.425
1068.0,47.278
1068.0,51.985
1061.0,56.506
1050.0,60.484
1053.0,63.367
1056.0,65.539
1040.0,67.574
1051.0,68.109
1054.0,68.649
1055.0,68.966
1038.0,68.001
1040.0,66.131
1047.0,64.553
1050.0,64.254
1061.0,64.385
1082.0,65.031
1049.0,65.631
1015.0,65.514
1038.0,65.826
1066.0,66.587
1040.0,67.027
1018.0,67.419
1011.0,68.022
927.0,68.649
1003.0,69.418
1061.0,69.708
1047.0,69.315
1095.0,69.053
1129.0,69.182
1136.0,69.361
1067.0,69.115
1056.0,69.476
1060.0,69.699
1061.0,70.39
1064.0,69.807
1233.0,68.649
1356.0,69.518
1169.0,71.034
1192.0,70.435
1220.0,70.024
1091.0,71.464
1054.0,73.46
1064.0,73.439
1081.0,73.203
1055.0,73.388
982.0,73.818
1108.0,74.105
1409.0,73.844
1228.0,73.557
1077.0,72.914
1107.0,73.318
1068.0,73.47
1173.0,72.521
1397.0,70.228
1274.0,68.781
1011.0,70.824
1060.0,71.516
1269.0,62.79
1244.0,34.66
1091.0,42.93
1058.0,48.497
1046.0,52.81
1062.0,56.739
1057.0,60.466
1060.0,63.348
1052.0,65.228
1054.0,67.212
1037.0,68.831
1020.0,69.266
1031.0,69.594
1039.0,68.749
1038.0,66.502
1050.0,65.069
1037.0,64.266
1001.0,64.916
1032.0,66.101
1048.0,67.037
1014.0,67.241
1029.0,67.565
1041.0,68.186
1051.0,68.344
1034.0,68.499
643.0,69.008
270.0,69.659
206.0,69.792
495.0,69.863
647.0,69.126
915.0,68.604
1239.0,68.231
1254.0,68.2
1179.0,68.171
1133.0,68.594
1060.0,69.123
1060.0,69.816
1066.0,69.131
1132.0,68.446
1266.0,69.072
1396.0,69.962
1282.0,69.782
1547.0,69.39
1455.0,71.115
1044.0,72.856
1037.0,73.322
1044.0,72.962
1075.0,73.649
1050.0,74.164
1027.0,74.136
1356.0,73.523
1669.0,73.192
1468.0,72.951
1540.0,73.407
1767.0,73.139
1977.0,71.73
1425.0,69.222
1036.0,68.124
1037.0,70.55
1093.0,71.645
1195.0,62.902
1123.0,33.603
1066.0,43.141
1069.0,48.998
1069.0,52.698
1074.0,56.221
1064.0,59.459
1056.0,62.349
1058.0,64.639
1042.0,67.494
1025.0,68.938
1021.0,69.76
1044.0,69.873
1045.0,69.038
1036.0,67.231
1033.0,65.161
1038.0,64.613
1038.0,65.023
1066.0,66.373
1035.0,67.875
1001.0,68.58
1053.0,68.431
1048.0,68.758
1022.0,68.715
1021.0,69.049
1029.0,69.103
1046.0,69.316
1023.0,69.247
1019.0,69.205
1051.0,68.524
1033.0,67.657
1045.0,67.324
1082.0,67.401
1150.0,68.012
1037.0,68.481
1120.0,69.028
1137.0,69.666
1066.0,69.348
1154.0,68.742
1182.0,69.256
1165.0,69.447
1208.0,68.843
1287.0,68.75
1709.0,70.782
1285.0,72.516
1217.0,72.839
1252.0,73.031
1063.0,73.934
1013.0,74.233
1021.0,74.233
1163.0,73.521
1713.0,73.187
2037.0,73.241
2249.0,73.184
2024.0,72.267
1290.0,70.467
1119.0,67.488
1061.0,66.328
1155.0,68.833
1360.0,69.78
1408.0,60.813
1170.0,31.628
1085.0,42.16
1087.0,48.26
1196.0,50.814
1434.0,53.554
1451.0,56.164
1390.0,59.308
1131.0,62.603
1033.0,65.906
1016.0,68.2
1021.0,69.572
1037.0,69.508
1044.0,68.649
1035.0,66.26
1025.0,64.32
1030.0,63.55
1047.0,64.61
1055.0,66.803
1002.0,68.392
996.0,68.9
1048.0,68.788
1049.0,68.817
1047.0,68.821
1051.0,68.867
1038.0,68.762
1026.0,68.788
979.0,68.76
1066.0,68.352
1027.0,67.452
1034.0,66.822
1050.0,66.509
1045.0,67.717
1060.0,68.084
1057.0,68.91
1090.0,69.173
1131.0,69.954
1147.0,70.289
1208.0,70.688
1215.0,70.455
1219.0,69.559
1205.0,67.876
1173.0,68.034
1296.0,70.117
1808.0,72.558
1911.0,72.853
1408.0,73.22
996.0,73.986
1019.0,74.095
1058.0,73.762
1278.0,73.244
1940.0,72.654
2044.0,71.129
2218.0,69.099
2243.0,66.982
2253.0,64.847
2212.0,61.909
2070.0,60.227
1889.0,62.765
1841.0,62.789
2035.0,54.967
2043.0,28.696
1952.0,39.351
1919.0,45.06
1779.0,47.612
1554.0,49.572
1562.0,52.324
1631.0,55.264
1417.0,59.154
1076.0,63.262
1013.0,66.29
1023.0,68.23
1029.0,68.649
1029.0,66.919
1027.0,64.025
1034.0,62.38
1027.0,62.433
1050.0,64.274
1027.0,67.052
965.0,69.002
1015.0,69.452
1045.0,68.874
1029.0,68.795
1027.0,68.768
1039.0,68.613
1020.0,68.621
798.0,68.597
283.0,68.289
121.0,67.857
152.0,67.17
354.0,66.501
569.0,67.051
862.0,68.368
1029.0,69.545
1013.0,69.977
1020.0,70.14
1092.0,70.727
1088.0,71.375
1334.0,71.902
1435.0,70.938
1476.0,68.918
1390.0,66.591
1226.0,66.477
1239.0,68.883
1398.0,70.524
1670.0,70.894
1390.0,70.624
1022.0,70.795
1011.0,69.742
1043.0,68.649
1311.0,67.939
1744.0,65.929
2140.0,62.624
2223.0,24.304
2186.0,33.918
2133.0,40.253
2192.0,43.582
1910.0,46.533
1807.0,49.369
2004.0,52.053
2047.0,55.098
1953.0,59.212
1663.0,63.062
1667.0,65.178
1715.0,65.678
1576.0,63.531
1486.0,59.981
1530.0,58.264
1282.0,59.846
1044.0,63.23
1007.0,67.097
1011.0,69.619
1025.0,69.968
1031.0,69.37
1036.0,68.766
1041.0,68.853
1034.0,68.769
1035.0,69.035
999.0,69.21
991.0,69.163
1039.0,68.348
1031.0,67.929
1024.0,67.426
1028.0,68.288
1029.0,69.976
1017.0,71.0
1003.0,70.792
704.0,70.068
185.0,69.272
37.0,68.649
25.0,68.366
32.0,66.525
15.0,63.431
32.0,60.553
34.0,59.98
40.0,60.561
30.0,60.787
21.0,59.554
1283.0,58.841
1426.0,58.187
1424.0,56.134
1277.0,54.866
1213.0,21.471
1265.0,30.468
1568.0,36.693
1926.0,40.612
1457.0,43.88
1040.0,46.339
979.0,48.755
1017.0,51.287
1068.0,54.904
1338.0,58.049
1777.0,60.079
1741.0,60.049
1552.0,58.446
1231.0,55.349
1093.0,54.209
1052.0,56.554
1147.0,60.845
1722.0,66.634
2042.0,70.504
1774.0,71.148
1171.0,70.254
1075.0,69.404
1071.0,68.799
1100.0,68.563
1155.0,68.898
1100.0,69.735
1051.0,70.234
1034.0,70.078
1017.0,69.456
1026.0,68.865
1034.0,69.459
1032.0,70.218
1041.0,69.773
1045.0,67.809
1042.0,65.211
1047.0,63.084
1030.0,61.17
1038.0,19.451
1047.0,27.172
1024.0,32.341
1025.0,35.081
1038.0,38.288
1046.0,40.531
1032.0,42.734
997.0,45.61
569.0,49.053
201.0,51.505
60.0,53.216
14.0,53.779
20.0,52.887
15.0,51.39
21.0,50.532
30.0,52.385
29.0,57.447
21.0,64.789
19.0,70.048
1248.0,71.401
1179.0,70.378
1215.0,68.918
1225.0,67.277
1188.0,65.97
1480.0,65.207
1749.0,66.261
1463.0,67.316
1356.0,68.088
1175.0,68.131
1027.0,67.412
1021.0,66.844
1046.0,65.32
1454.0,62.984
1883.0,17.739
1867.0,24.681
1946.0,27.679
2040.0,29.341
1692.0,31.865
1194.0,34.825
1105.0,37.411
1514.0,40.246
1619.0,43.701
1672.0,46.125
1261.0,47.475
1057.0,48.801
1050.0,48.914
1034.0,48.024
1034.0,47.064
1034.0,48.213
1042.0,53.089
1027.0,60.816
1022.0,67.645
1026.0,69.878
1038.0,68.407
1049.0,65.105
1035.0,61.586
1028.0,57.952
1044.0,55.43
1052.0,55.052
1029.0,56.36
979.0,58.146
690.0,58.711
988.0,16.523
1020.0,23.188
1030.0,25.915
1037.0,26.548
1040.0,28.963
1064.0,32.179
791.0,34.346
401.0,36.439
69.0,38.334
28.0,39.636
26.0,41.449
26.0,43.645
74.0,44.855
50.0,44.151
35.0,42.924
32.0,43.131
25.0,46.737
1137.0,54.269
1171.0,61.535
1179.0,63.764
1186.0,61.663
1235.0,56.833
1479.0,51.452
1094.0,45.028
1053.0,41.338
1056.0,15.599
1221.0,22.376
1475.0,25.252
1430.0,25.499
1349.0,27.248
1597.0,30.407
1491.0,32.273
1188.0,33.571
1085.0,34.664
1062.0,36.031
1212.0,37.183
1634.0,38.745
1274.0,39.153
1122.0,38.492
1347.0,37.24
1197.0,36.882
1225.0,39.806
1114.0,45.834
1042.0,50.484
1038.0,50.288
1039.0,46.962
1026.0,42.702
1040.0,14.62
1028.0,21.047
1012.0,24.284
1029.0,24.283
1037.0,25.777
1029.0,28.097
1027.0,29.585
1027.0,30.288
1043.0,33.582
1050.0,34.899
1030.0,35.504
1021.0,35.054
992.0,34.157
889.0,32.798
1005.0,32.107
1024.0,33.104
1037.0,35.732
1048.0,12.97
1034.0,19.168
1020.0,22.405
1102.0,22.148
1118.0,33.26
1085.0,33.647
1060.0,33.056
1016.0,31.81
1029.0,30.996
1036.0,30.958
1061.0,29.861
1028.0,26.162
1014.0,41.244
1253.0,42.252
1217.0,41.748
1332.0,24.366
1582.0,33.455
1540.0,38.403
1193.0,40.401
1048.0,41.39
1048.0,41.926
1072.0,42.566
1215.0,42.647
1279.0,42.492
1345.0,15.26
1543.0,26.13
1318.0,35.162
1173.0,39.763
1188.0,41.203
1158.0,41.852
1388.0,42.457
1313.0,42.701
1370.0,43.541
1475.0,44.153
1135.0,44.17
1221.0,43.749
1514.0,41.181
1234.0,36.776
1184.0,16.25
1077.0,27.72
1058.0,37.189
1045.0,41.763
1040.0,42.829
1039.0,42.635
1024.0,42.58
1021.0,43.075
1031.0,43.907
1043.0,44.766
1036.0,46.307
1033.0,47.053
1037.0,46.0
1043.0,43.012
1045.0,40.882
1042.0,40.625
1036.0,41.289
1037.0,40.697
1042.0,17.243
1052.0,29.559
1012.0,39.896
829.0,44.888
952.0,45.292
1031.0,44.666
1034.0,43.899
1081.0,43.529
1064.0,44.608
1046.0,46.413
1097.0,48.685
1097.0,50.385
1066.0,50.28
1066.0,48.334
1133.0,47.402
1143.0,48.247
1112.0,49.352
1103.0,49.845
1192.0,48.635
1353.0,47.049
1149.0,45.138
1099.0,18.424
1065.0,30.729
1042.0,41.193
1044.0,46.442
1045.0,48.165
1044.0,47.5
1049.0,46.168
1193.0,45.648
1409.0,46.579
1211.0,49.003
1171.0,52.208
1144.0,54.991
1091.0,54.919
1106.0,53.516
1276.0,52.668
1441.0,53.329
1686.0,54.431
1626.0,55.313
1185.0,54.994
1388.0,54.878
1497.0,53.95
1141.0,51.226
1057.0,49.513
1047.0,49.417
1031.0,49.307
1036.0,48.683
1035.0,47.991
1022.0,48.106
1018.0,20.115
1035.0,32.67
1038.0,42.625
1040.0,47.901
1040.0,49.48
1042.0,48.817
1047.0,47.637
1048.0,47.691
1040.0,49.261
1034.0,51.155
1035.0,54.162
1033.0,56.511
1028.0,56.574
1039.0,55.234
1025.0,54.934
1021.0,55.666
1032.0,56.926
1083.0,57.697
1168.0,57.208
1169.0,57.175
1128.0,56.748
1102.0,55.614
1138.0,54.919
1212.0,55.465
1074.0,55.99
1052.0,55.813
1053.0,55.558
1043.0,55.396
1350.0,54.694
1227.0,53.18
1268.0,51.546
1372.0,50.037
1127.0,49.585
1059.0,48.917
1032.0,22.831
1033.0,35.907
1029.0,44.931
1056.0,49.683
1069.0,51.221
1068.0,51.45
1139.0,50.661
1368.0,50.926
1424.0,51.786
1381.0,53.492
1460.0,55.839
1618.0,57.806
1612.0,58.095
1116.0,56.578
1061.0,56.303
1046.0,57.196
1060.0,58.203
1049.0,58.404
1041.0,57.524
1058.0,57.561
1062.0,57.696
1050.0,56.863
1035.0,56.764
1036.0,57.332
1040.0,57.732
1041.0,57.066
1034.0,56.998
1048.0,57.284
1045.0,57.145
1041.0,56.226
1050.0,55.779
1056.0,55.426
1043.0,55.261
1042.0,54.883
1042.0,53.502
1037.0,51.849
1041.0,50.796
1040.0,49.546
1083.0,48.11
1246.0,47.346
1165.0,46.696
1190.0,46.243
1158.0,48.831
1156.0,47.496
1107.0,46.974
1076.0,45.476
1060.0,25.49
1064.0,38.758
1055.0,48.141
1051.0,52.603
1044.0,53.824
1039.0,53.602
1028.0,53.991
1041.0,53.717
1095.0,54.409
1299.0,55.567
1698.0,57.855
1707.0,60.655
1347.0,60.473
1058.0,59.309
1063.0,58.534
1081.0,59.024
1078.0,59.126
1049.0,58.882
1045.0,57.548
1038.0,57.387
1034.0,57.43
1038.0,57.246
1030.0,56.976
1032.0,57.347
1046.0,57.294
1041.0,56.858
1077.0,56.679
1086.0,57.21
1063.0,57.155
1053.0,56.879
1035.0,56.663
1026.0,56.582
1044.0,56.398
1038.0,56.414
1034.0,55.991
1035.0,55.548
1040.0,55.663
1040.0,55.49
1036.0,55.223
1030.0,54.919
1047.0,54.897
1052.0,54.919
1047.0,56.037
1048.0,57.333
1051.0,57.856
1058.0,57.54
1060.0,57.338
1041.0,57.577
1029.0,57.082
1016.0,56.695
1025.0,56.909
1030.0,55.154
1037.0,52.523
1037.0,49.717
1042.0,47.855
1046.0,47.214
1044.0,47.82
1043.0,27.505
1055.0,40.934
1057.0,49.836
1061.0,53.776
1067.0,54.764
1060.0,55.021
1058.0,55.246
1055.0,55.963
1059.0,56.939
1066.0,58.684
1058.0,60.528
1078.0,62.333
1091.0,61.711
1563.0,59.946
1791.0,59.313
1521.0,58.816
1088.0,58.63
1081.0,58.036
1069.0,57.218
1063.0,56.764
1050.0,57.3
1048.0,57.118
1053.0,57.164
1050.0,57.141
1051.0,57.186
1053.0,56.506
1054.0,56.052
1045.0,56.99
1045.0,57.093
1043.0,56.975
1047.0,56.622
1056.0,56.499
1051.0,56.768
1038.0,56.512
1039.0,56.448
1045.0,56.552
1062.0,57.175
1049.0,57.706
1045.0,57.822
1051.0,58.165
1054.0,58.685
1058.0,59.312
1053.0,60.235
1054.0,61.058
1063.0,61.313
1060.0,61.594
1059.0,62.422
1050.0,62.786
1032.0,62.855
1045.0,63.422
1048.0,64.712
1040.0,64.683
1035.0,62.62
1042.0,60.118
1046.0,58.202
1054.0,57.094
1041.0,57.024
1025.0,56.408
1027.0,51.888
1039.0,41.474
1055.0,30.068
1069.0,42.184
1077.0,50.184
1066.0,53.954
1067.0,55.357
1064.0,55.373
1060.0,56.522
1066.0,57.508
1065.0,58.514
1063.0,60.393
1059.0,61.864
764.0,62.282
972.0,61.328
1259.0,59.34
1174.0,58.323
1153.0,57.786
1144.0,57.24
1141.0,56.474
1105.0,55.842
1095.0,56.206
1059.0,57.196
1054.0,57.054
1056.0,56.836
1051.0,56.702
1058.0,56.336
1050.0,55.727
1055.0,55.847
1059.0,56.66
1037.0,57.333
1042.0,56.993
1043.0,57.122
1043.0,56.627
1051.0,56.614
1060.0,56.63
1051.0,56.519
1050.0,56.759
1061.0,57.238
1060.0,57.727
1055.0,58.424
1052.0,58.915
1045.0,60.084
1036.0,60.921
1020.0,61.892
1025.0,62.893
1038.0,63.153
1033.0,63.717
1036.0,65.263
1021.0,65.573
1004.0,65.688
1032.0,66.1
1049.0,67.694
1050.0,67.752
1053.0,66.52
1055.0,64.958
1058.0,62.828
1066.0,61.004
1068.0,60.355
1058.0,60.332
1061.0,56.07
1057.0,45.453
1061.0,31.532
1076.0,41.99
1071.0,49.072
1057.0,52.748
1060.0,54.756
1062.0,55.984
1058.0,56.299
1064.0,57.357
1057.0,58.44
1057.0,60.02
1050.0,61.422
639.0,61.57
364.0,60.113
693.0,58.133
724.0,56.897
1734.0,56.776
2313.0,55.878
2481.0,54.513
2243.0,54.085
1503.0,55.251
1083.0,56.374
1048.0,56.727
1044.0,56.378
1041.0,56.013
1058.0,55.348
1057.0,54.697
1040.0,54.995
1064.0,55.901
1070.0,57.04
1056.0,57.372
1055.0,57.431
1056.0,57.167
1065.0,57.215
1061.0,57.253
1042.0,57.237
1041.0,57.139
1062.0,57.081
1065.0,57.736
1062.0,58.079
1038.0,59.132
991.0,60.691
994.0,62.152
1030.0,63.84
1037.0,64.643
1042.0,64.84
1022.0,65.668
975.0,66.751
986.0,66.881
1024.0,66.63
1054.0,67.347
1067.0,68.417
1064.0,68.56
1068.0,67.692
1068.0,66.677
1068.0,64.619
1073.0,62.378
1070.0,61.319
1064.0,61.151
1064.0,57.761
1070.0,47.442
1071.0,31.069
1080.0,40.003
1076.0,45.934
1064.0,49.83
1063.0,52.581
1064.0,53.788
1053.0,55.415
1053.0,56.473
1049.0,57.421
1045.0,58.876
1049.0,60.589
1631.0,60.475
1991.0,58.475
1609.0,56.26
1334.0,55.635
1172.0,55.65
1287.0,54.987
1617.0,53.45
1877.0,52.992
1494.0,54.26
1049.0,55.756
1076.0,56.442
1554.0,55.861
1994.0,55.363
1331.0,54.863
1133.0,54.107
1066.0,54.539
1052.0,55.743
1047.0,56.996
1048.0,57.463
1050.0,58.117
1066.0,57.88
1067.0,58.229
1065.0,58.411
1060.0,58.548
1071.0,57.982
1068.0,57.516
1067.0,57.367
1044.0,57.672
1023.0,59.144
1015.0,61.207
1002.0,64.102
1000.0,66.272
1021.0,67.627
1064.0,67.482
1067.0,68.289
1066.0,68.859
1059.0,68.957
1061.0,68.201
1067.0,68.602
1072.0,69.137
1063.0,68.851
1062.0,68.32
1064.0,68.011
1065.0,66.06
1068.0,62.913
1065.0,61.476
1057.0,61.78
1060.0,58.871
1053.0,48.481
1039.0,28.728
1052.0,35.874
1055.0,40.984
1029.0,44.693
1031.0,47.507
964.0,49.99
938.0,52.295
543.0,53.844
255.0,55.095
550.0,57.075
436.0,58.627
1907.0,58.616
1551.0,56.691
1106.0,54.743
1117.0,53.973
1227.0,53.774
1181.0,52.421
1155.0,50.882
1291.0,50.928
1407.0,53.057
1275.0,55.185
1078.0,55.721
1034.0,55.154
1064.0,54.616
1069.0,54.017
1060.0,53.504
1073.0,53.934
1062.0,55.45
1047.0,57.189
1047.0,58.28
1054.0,58.902
1048.0,59.299
1045.0,59.766
1042.0,60.64
1046.0,60.583
1042.0,59.431
1057.0,58.575
1058.0,57.904
1044.0,57.924
1028.0,60.115
1044.0,62.678
1061.0,66.612
1062.0,68.913
1063.0,70.324
1062.0,70.465
1064.0,70.781
1071.0,71.03
1068.0,70.614
1062.0,69.649
1066.0,69.361
1070.0,69.149
1059.0,68.835
1035.0,69.216
1026.0,69.328
1043.0,67.344
1056.0,63.532
1031.0,60.738
1010.0,61.194
994.0,58.921
928.0,49.073
907.0,24.865
749.0,30.688
206.0,35.089
349.0,38.981
168.0,42.428
8.0,45.517
6.0,48.695
1.0,50.062
2024.0,51.883
1610.0,53.479
1137.0,55.462
1104.0,55.17
1144.0,52.872
1166.0,51.272
1101.0,50.748
1067.0,50.29
1015.0,48.733
955.0,47.289
984.0,47.634
1035.0,50.718
1040.0,53.743
1057.0,54.476
1062.0,54.178
1062.0,53.419
1053.0,52.912
1033.0,53.069
1041.0,53.633
1035.0,55.098
1040.0,56.682
1049.0,58.655
1052.0,59.491
1051.0,60.618
1050.0,61.358
1048.0,62.331
1046.0,62.026
1040.0,60.776
1044.0,59.8
1049.0,58.366
1046.0,59.258
1048.0,61.54
1051.0,64.984
1052.0,68.613
1057.0,70.884
1058.0,71.997
1033.0,72.548
1009.0,73.134
996.0,73.078
1037.0,72.106
1020.0,70.483
1013.0,69.56
1007.0,69.447
965.0,68.879
886.0,69.835
652.0,70.501
616.0,68.981
664.0,63.582
135.0,60.107
5.0,59.682
1.0,58.06
937.0,48.967
2088.0,21.271
1979.0,26.365
1324.0,30.366
1086.0,34.214
1102.0,37.774
1132.0,41.199
1043.0,44.382
1021.0,46.164
1003.0,47.559
1024.0,49.421
1033.0,50.697
1031.0,50.662
1046.0,48.484
1038.0,47.099
1037.0,46.941
1016.0,46.269
1035.0,45.207
1040.0,43.487
1035.0,44.234
1048.0,47.788
1058.0,51.848
1049.0,53.34
1048.0,53.035
1047.0,52.247
1049.0,51.99
1053.0,52.254
1036.0,52.925
1030.0,54.251
1029.0,55.795
1041.0,58.006
1029.0,59.996
1027.0,61.823
1033.0,63.021
1012.0,63.278
998.0,62.693
1005.0,61.585
958.0,60.544
841.0,59.645
789.0,60.474
720.0,63.532
600.0,66.569
742.0,69.78
612.0,71.348
222.0,72.552
21.0,73.152
35.0,74.041
15.0,74.18
1104.0,72.909
2192.0,71.033
2457.0,69.695
2018.0,69.218
1365.0,69.709
1362.0,70.803
1497.0,72.413
1258.0,69.814
1090.0,63.293
1061.0,59.026
1037.0,58.464
1040.0,56.883
1037.0,48.989
1023.0,17.453
1037.0,21.433
1074.0,25.522
1083.0,29.401
1068.0,33.339
1043.0,36.694
1039.0,39.301
1049.0,40.896
1054.0,41.935
1051.0,43.742
1057.0,44.963
1050.0,44.816
1052.0,42.789
1040.0,42.455
1042.0,42.743
1040.0,42.481
1008.0,41.237
997.0,39.695
1004.0,40.736
889.0,44.876
691.0,49.117
523.0,51.795
750.0,51.441
296.0,50.248
74.0,49.945
202.0,50.808
39.0,51.417
3.0,52.314
15.0,54.059
11.0,57.129
626.0,59.967
2137.0,62.718
1759.0,63.906
1099.0,62.803
1036.0,62.076
1058.0,61.393
1051.0,60.509
1062.0,60.555
1073.0,62.623
1068.0,65.753
1065.0,68.649
1058.0,70.157
1060.0,71.011
1070.0,71.562
1080.0,72.29
1064.0,73.677
1064.0,74.176
1058.0,72.931
1044.0,71.592
1037.0,70.419
1035.0,69.868
1053.0,69.702
1054.0,71.452
1053.0,73.008
1052.0,69.598
1048.0,62.273
1023.0,57.632
995.0,57.179
798.0,56.601
513.0,49.415
221.0,12.719
408.0,16.299
241.0,20.441
54.0,25.1
6.0,29.147
5.0,32.702
12.0,34.874
12.0,35.61
1674.0,36.218
1312.0,37.723
1060.0,39.081
1055.0,39.186
1055.0,38.155
1082.0,37.88
1084.0,38.523
1074.0,38.732
1063.0,37.426
1049.0,36.019
1056.0,36.662
1067.0,40.958
1073.0,45.727
1059.0,48.678
1049.0,49.027
1037.0,47.631
1052.0,47.452
1057.0,48.796
1047.0,49.733
1039.0,50.468
1044.0,52.009
1049.0,55.017
1028.0,58.647
1010.0,62.717
993.0,63.355
842.0,62.283
504.0,60.824
53.0,60.646
4.0,60.884
13.0,62.213
15.0,65.213
6.0,68.649
5.0,70.773
1087.0,71.475
1135.0,70.885
1111.0,70.682
1078.0,71.451
1045.0,73.288
945.0,73.821
745.0,73.441
905.0,72.409
1065.0,71.646
1064.0,71.053
1060.0,70.813
1059.0,71.823
1066.0,73.327
1047.0,69.615
1035.0,61.819
1048.0,56.796
1060.0,56.942
1051.0,56.38
1002.0,49.631
1004.0,9.811
1011.0,13.245
990.0,17.665
857.0,22.392
349.0,26.861
41.0,30.444
6.0,32.305
13.0,32.268
7.0,32.237
1014.0,33.234
1018.0,35.044
1037.0,35.43
1051.0,34.81
1014.0,34.694
1030.0,35.42
972.0,35.534
790.0,34.331
710.0,33.092
935.0,33.767
1021.0,37.007
1029.0,41.114
1042.0,44.605
1037.0,45.519
1050.0,44.648
1063.0,45.127
1049.0,46.831
956.0,48.045
551.0,48.482
283.0,49.583
60.0,52.404
1.0,56.795
3.0,61.174
4.0,62.747
10.0,61.801
180.0,60.665
226.0,60.326
458.0,61.245
880.0,63.573
1007.0,66.776
996.0,70.605
1015.0,72.423
1045.0,72.366
1038.0,71.213
1046.0,70.478
1073.0,71.216
1055.0,72.985
988.0,73.863
639.0,73.55
274.0,73.362
620.0,72.937
352.0,72.252
26.0,71.455
2.0,72.248
6.0,73.668
4.0,70.275
61.0,62.002
151.0,57.132
77.0,56.76
50.0,56.076
120.0,48.583
532.0,8.803
801.0,12.089
743.0,16.29
913.0,21.017
829.0,25.563
513.0,29.67
254.0,31.373
7.0,31.368
14.0,31.053
16.0,32.057
15.0,33.676
15.0,34.212
10.0,33.531
36.0,32.909
38.0,32.829
1.0,32.831
12.0,32.003
1.0,31.167
272.0,32.026
478.0,35.07
748.0,38.767
873.0,41.648
413.0,42.394
168.0,42.089
705.0,42.98
1013.0,45.318
1024.0,46.947
999.0,47.256
993.0,48.184
953.0,50.501
1022.0,54.854
982.0,60.105
700.0,62.099
347.0,61.307
68.0,60.503
27.0,60.674
427.0,61.911
1027.0,64.41
902.0,68.151
923.0,72.211
968.0,73.868
988.0,73.452
614.0,71.754
1056.0,70.964
876.0,71.66
207.0,72.853
41.0,74.012
21.0,74.233
27.0,73.816
163.0,73.038
809.0,71.866
1050.0,70.741
601.0,71.647
80.0,73.009
407.0,69.788
847.0,62.804
892.0,57.494
405.0,56.938
519.0,55.551
583.0,47.752
93.0,9.06
982.0,12.242
320.0,16.314
47.0,20.773
52.0,25.247
148.0,29.288
764.0,31.282
1080.0,31.575
1051.0,31.616
1043.0,32.649
951.0,34.162
863.0,34.934
915.0,33.789
1015.0,33.077
1015.0,32.646
797.0,32.521
468.0,31.539
179.0,31.414
78.0,32.485
293.0,35.411
93.0,38.586
2.0,41.06
15.0,41.317
915.0,40.904
284.0,42.097
72.0,44.479
76.0,45.806
459.0,46.722
1041.0,47.622
1068.0,49.878
1025.0,54.172
1039.0,59.09
1029.0,61.126
1002.0,60.489
1033.0,60.079
1037.0,60.852
1030.0,62.603
1040.0,65.269
1038.0,68.901
1037.0,73.072
1031.0,73.888
991.0,73.285
786.0,71.678
390.0,71.515
87.0,71.613
521.0,72.803
584.0,74.233
155.0,73.984
6.0,73.243
12.0,72.848
11.0,70.886
1007.0,70.181
647.0,70.312
494.0,71.535
825.0,68.959
1018.0,62.839
1065.0,58.336
1070.0,57.146
1074.0,55.555
1196.0,47.246
1734.0,10.193
1661.0,13.714
1231.0,17.828
1066.0,21.981
1026.0,25.82
1034.0,29.782
1026.0,32.15
1013.0,33.321
1018.0,33.873
1028.0,35.763
1038.0,37.293
1031.0,37.602
1032.0,36.434
993.0,35.761
683.0,34.572
284.0,33.432
78.0,32.736
351.0,33.341
76.0,35.169
4.0,38.204
8.0,40.429
21.0,42.216
11.0,42.001
1451.0,41.767
881.0,42.611
1023.0,44.776
1489.0,46.418
1762.0,47.655
1454.0,48.126
1788.0,50.277
2194.0,54.158
2045.0,59.252
1455.0,61.009
1418.0,60.44
1605.0,60.339
1313.0,61.971
1081.0,63.728
1018.0,66.438
1007.0,69.639
1025.0,72.955
1036.0,74.233
1040.0,73.223
1049.0,72.915
1050.0,72.421
1032.0,72.86
1018.0,73.702
1021.0,73.784
1029.0,74.233
1027.0,73.329
1029.0,72.621
957.0,70.716
659.0,69.517
228.0,69.509
311.0,70.847
544.0,68.99
242.0,64.057
263.0,59.489
132.0,57.954
39.0,55.709
16.0,47.55
13.0,11.675
5.0,16.164
6.0,20.579
2.0,24.678
2117.0,28.467
2284.0,32.278
2394.0,35.142
2439.0,37.327
2486.0,39.539
2526.0,41.693
2569.0,42.963
2336.0,42.999
1374.0,41.445
1278.0,39.936
1211.0,38.182
1039.0,36.208
1034.0,35.548
1059.0,37.073
1038.0,39.373
1031.0,41.646
1033.0,43.428
1017.0,44.314
1022.0,44.187
1032.0,44.026
1035.0,45.014
1055.0,47.548
1060.0,49.122
1056.0,50.295
1044.0,50.663
1037.0,52.081
1035.0,55.32
1057.0,59.528
1044.0,61.09
1039.0,61.102
1036.0,61.361
1037.0,63.634
1016.0,65.628
898.0,68.649
682.0,71.028
385.0,73.339
313.0,74.233
489.0,74.193
370.0,74.093
395.0,74.233
352.0,74.149
596.0,73.978
310.0,73.609
181.0,74.007
37.0,74.233
41.0,73.532
76.0,71.248
2237.0,69.807
2423.0,70.006
2454.0,70.72
2492.0,70.288
2413.0,66.46
2325.0,61.966
2435.0,60.443
2333.0,57.723
1279.0,49.498
1017.0,13.828
989.0,19.147
1039.0,24.802
1067.0,29.449
1052.0,33.283
1047.0,37.535
1042.0,40.809
1046.0,44.065
1025.0,46.585
1024.0,49.069
1007.0,50.014
1007.0,49.541
975.0,47.482
975.0,44.367
1036.0,42.155
1070.0,40.205
1069.0,39.952
1071.0,41.866
1073.0,44.568
1063.0,46.374
1066.0,47.185
1068.0,47.368
1060.0,47.092
1048.0,46.907
1045.0,48.184
1050.0,50.968
1051.0,52.452
1053.0,53.103
1039.0,53.094
902.0,54.633
641.0,57.036
361.0,60.106
265.0,61.911
174.0,61.849
359.0,62.658
446.0,64.472
517.0,66.627
539.0,68.699
308.0,70.908
91.0,72.658
15.0,73.509
11.0,73.021
1703.0,73.506
2328.0,74.233
2411.0,73.811
2236.0,72.705
2221.0,72.765
2348.0,73.558
2331.0,73.806
1670.0,73.268
1110.0,71.788
994.0,70.096
978.0,70.443
1004.0,71.659
1031.0,71.495
1034.0,68.649
1048.0,65.775
1065.0,65.229
1063.0,63.127
1058.0,54.925
1062.0,17.18
1064.0,22.938
1069.0,29.193
1078.0,34.097
1077.0,38.563
1068.0,43.004
1011.0,46.84
965.0,50.354
983.0,53.439
1024.0,55.381
1042.0,55.801
1061.0,55.294
1069.0,52.447
1061.0,48.807
1048.0,46.138
1041.0,44.544
1059.0,45.219
1079.0,47.733
1060.0,50.493
1035.0,51.903
1038.0,51.924
1033.0,51.373
1032.0,50.776
1035.0,50.641
1013.0,51.879
1013.0,54.55
1031.0,55.963
1024.0,56.214
1007.0,56.75
941.0,57.703
894.0,60.064
797.0,62.691
411.0,64.122
445.0,63.926
147.0,64.568
136.0,66.163
100.0,67.424
14.0,68.649
2.0,70.015
1146.0,71.58
2018.0,71.956
2268.0,71.388
1923.0,72.216
2100.0,73.694
2370.0,73.271
1838.0,72.058
1105.0,72.179
1047.0,73.022
1042.0,73.564
1053.0,73.148
1047.0,72.086
1060.0,71.227
1053.0,72.014
1047.0,72.473
1053.0,72.152
1107.0,70.478
1293.0,69.206
1335.0,69.819
1146.0,68.649
1019.0,59.698
1021.0,20.553
1048.0,26.996
1048.0,33.065
1025.0,38.042
983.0,42.79
972.0,47.225
999.0,50.966
981.0,54.336
963.0,56.93
963.0,59.101
1000.0,59.967
1041.0,59.392
1055.0,56.334
1057.0,52.297
1054.0,49.569
1045.0,48.844
1036.0,49.846
1049.0,53.149
1056.0,55.744
1064.0,57.105
1079.0,57.183
1059.0,56.507
1052.0,55.823
1057.0,55.788
1064.0,57.063
1061.0,59.229
1060.0,60.682
1057.0,61.294
1054.0,61.251
1050.0,61.725
1034.0,63.652
1021.0,66.316
1039.0,67.485
883.0,67.271
591.0,67.651
309.0,68.649
85.0,68.733
464.0,68.848
445.0,69.734
1338.0,71.44
1356.0,71.078
1515.0,70.008
1452.0,71.214
1498.0,73.293
1995.0,73.172
1969.0,72.502
1181.0,72.786
1044.0,73.895
1051.0,74.233
1056.0,74.071
1051.0,73.877
1053.0,73.098
1050.0,73.403
1048.0,73.337
1163.0,72.981
1573.0,70.911
1644.0,69.68
1448.0,70.693
1098.0,70.352
1047.0,61.235
1064.0,23.218
1057.0,30.575
1059.0,37.097
1063.0,42.355
1059.0,46.955
1056.0,51.123
1058.0,54.56
1046.0,57.024
1050.0,59.949
1050.0,61.947
1054.0,62.825
1007.0,61.737
1029.0,59.583
1058.0,56.076
1051.0,54.092
1051.0,53.548
1058.0,54.872
1059.0,58.031
1060.0,60.424
1079.0,61.319
1090.0,61.756
1071.0,62.065
1062.0,61.853
1065.0,61.738
1073.0,62.526
1061.0,63.806
1073.0,65.119
1077.0,65.705
1070.0,65.291
1068.0,64.897
1063.0,66.1
1062.0,68.649
1068.0,69.208
1057.0,69.347
1060.0,69.748
1060.0,70.386
1053.0,69.876
1044.0,68.887
1054.0,69.168
1099.0,70.634
1086.0,69.766
1103.0,69.31
1053.0,71.172
1047.0,73.545
1154.0,73.167
1258.0,72.848
1093.0,73.282
1058.0,73.686
1060.0,74.194
1057.0,74.233
1050.0,74.233
1037.0,74.233
1006.0,73.774
1318.0,73.529
1559.0,72.277
1236.0,70.417
1375.0,69.503
1248.0,71.24
1055.0,70.811
1075.0,61.382
1086.0,25.176
1076.0,33.136
1059.0,40.345
1055.0,45.984
1065.0,50.409
1058.0,54.083
1060.0,56.834
1060.0,59.203
1063.0,61.501
1060.0,63.519
1069.0,64.155
1065.0,63.779
1067.0,61.27
1072.0,58.478
1120.0,56.933
1091.0,57.058
1063.0,58.036
1063.0,60.733
1062.0,63.151
1073.0,64.369
1079.0,65.026
1053.0,65.34
1057.0,65.859
1071.0,65.992
1071.0,66.607
1067.0,67.675
1073.0,68.393
1076.0,68.648
1068.0,67.703
1071.0,66.73
1068.0,67.369
1067.0,69.233
1074.0,69.638
1071.0,69.572
1072.0,70.111
1067.0,71.085
1065.0,69.92
1059.0,68.767
1067.0,68.649
1820.0,69.48
1941.0,68.874
1896.0,68.816
1294.0,70.816
1098.0,73.291
1106.0,72.962
1060.0,72.445
1043.0,72.86
1027.0,73.382
1044.0,73.395
1056.0,73.443
1045.0,73.726
1311.0,73.755
1296.0,73.605
1166.0,72.632
1077.0,71.192
1142.0,69.459
1501.0,68.834
1253.0,71.499
1054.0,71.533
1042.0,62.786
1028.0,26.666
1045.0,35.363
1063.0,42.591
1049.0,47.886
1042.0,52.164
1050.0,55.524
1054.0,58.083
1059.0,60.212
1056.0,62.119
1059.0,64.293
1065.0,65.205
1068.0,64.296
1093.0,62.313
1075.0,59.654
1052.0,57.979
1055.0,58.232
1056.0,59.695
1059.0,62.707
1083.0,64.954
1135.0,66.432
1067.0,66.75
1043.0,67.437
1053.0,67.842
1063.0,68.112
1058.0,68.624
1047.0,69.572
1035.0,69.762
1039.0,69.5
1042.0,68.365
1068.0,66.83
1074.0,67.014
1075.0,68.342
1073.0,68.622
1064.0,68.595
1070.0,69.25
1069.0,70.309
1065.0,69.604
1065.0,68.519
1062.0,68.166
1357.0,68.411
1014.0,67.575
1599.0,67.74
1293.0,70.029
1105.0,72.063
1064.0,71.851
1051.0,71.439
1050.0,72.315
1086.0,72.773
1056.0,72.551
1159.0,72.706
1423.0,73.768
1380.0,73.353
1238.0,73.037
1253.0,71.936
1677.0,69.881
1276.0,67.61
1171.0,67.094
1157.0,70.369
1441.0,71.237
1911.0,62.535
1341.0,27.717
1352.0,37.476
1651.0,44.032
1365.0,48.211
1123.0,51.502
1058.0,54.227
1060.0,56.995
1056.0,59.496
1064.0,62.513
1065.0,64.651
1061.0,65.06
1050.0,64.464
1038.0,62.427
1035.0,59.706
1042.0,58.763
1052.0,59.466
1086.0,60.656
1133.0,63.971
1059.0,66.498
1073.0,67.911
1059.0,68.336
1035.0,68.584
1044.0,69.096
1052.0,69.255
1056.0,69.601
1047.0,69.971
1047.0,69.798
1038.0,68.895
1060.0,67.743
1112.0,66.492
1162.0,66.208
1300.0,66.819
1254.0,67.353
1074.0,67.636
1065.0,68.59
1066.0,69.616
1062.0,69.902
1067.0,69.549
1068.0,68.754
1223.0,67.73
1230.0,66.502
1436.0,67.028
1347.0,69.386
1438.0,71.143
1209.0,71.165
1058.0,71.063
1303.0,71.991
1157.0,72.113
1158.0,72.166
1431.0,72.859
1616.0,74.233
1587.0,73.911
1497.0,72.769
1295.0,71.143
1274.0,68.244
1206.0,64.962
1198.0,63.842
1297.0,67.581
1467.0,69.126
1127.0,60.495
1146.0,27.758
1552.0,38.097
1288.0,43.914
1193.0,47.043
1163.0,49.504
1068.0,51.833
1056.0,54.614
1058.0,57.616
1055.0,60.921
1058.0,63.188
1066.0,64.351
1067.0,63.819
1062.0,61.747
1064.0,59.185
1051.0,58.504
1042.0,59.221
1055.0,61.226
1059.0,64.876
1057.0,67.561
1076.0,68.443
1055.0,68.703
1024.0,69.453
1053.0,69.897
1066.0,70.007
1043.0,69.929
1023.0,70.109
1040.0,69.536
1048.0,68.555
1023.0,67.164
1071.0,65.991
1079.0,66.067
1191.0,66.734
1394.0,67.433
1216.0,68.054
1173.0,68.923
1068.0,69.975
1058.0,70.858
1062.0,70.718
1066.0,69.451
1513.0,67.22
1361.0,65.629
1268.0,66.744
1211.0,69.361
1147.0,71.358
1372.0,71.181
1492.0,71.477
1144.0,71.706
1073.0,71.675
1111.0,71.619
1241.0,72.916
1598.0,73.681
1399.0,72.872
1553.0,70.505
1637.0,67.823
1358.0,64.573
1214.0,60.261
1186.0,59.222
1378.0,62.683
1273.0,63.787
1136.0,55.118
1529.0,26.139
1367.0,36.27
1223.0,42.087
1300.0,45.048
1083.0,47.765
1068.0,49.886
1072.0,51.742
1064.0,54.347
1064.0,57.618
1074.0,60.727
1066.0,62.051
1057.0,61.681
1048.0,59.194
1050.0,56.546
1059.0,55.88
1041.0,57.601
1033.0,60.869
1032.0,65.222
1036.0,68.19
1061.0,69.273
1038.0,69.735
1021.0,70.035
1037.0,70.41
1038.0,70.341
1045.0,70.062
1066.0,69.944
1044.0,69.198
1025.0,68.02
1085.0,66.695
1068.0,65.861
1037.0,66.519
1052.0,67.993
1095.0,68.946
1295.0,69.947
1091.0,70.202
1113.0,70.707
1086.0,71.242
1069.0,71.403
1059.0,69.292
1244.0,66.166
1222.0,64.539
1157.0,65.833
1138.0,68.649
1076.0,69.789
1134.0,69.669
1164.0,69.616
1031.0,69.421
1072.0,68.955
1105.0,68.649
1381.0,69.649
1148.0,69.416
1073.0,66.957
1090.0,62.53
1218.0,23.287
1812.0,32.847
2265.0,39.17
1859.0,43.089
1484.0,46.461
1240.0,48.552
1829.0,50.251
1562.0,52.349
1269.0,54.813
1209.0,56.971
1474.0,58.322
1242.0,58.13
1092.0,55.919
1154.0,53.56
1269.0,53.482
1321.0,55.792
1123.0,59.621
1069.0,65.22
1054.0,69.406
1074.0,70.345
1074.0,70.756
1050.0,70.929
1045.0,70.87
1033.0,70.624
1028.0,70.71
1043.0,71.02
1060.0,70.377
1035.0,69.195
1021.0,67.851
1056.0,66.991
1063.0,67.985
1051.0,69.223
1039.0,69.766
1043.0,69.75
1053.0,69.486
1101.0,68.955
1109.0,68.64
1068.0,67.591
1046.0,64.374
1053.0,60.338
1044.0,58.718
1101.0,59.415
1124.0,61.802
1080.0,61.622
1129.0,60.235
1064.0,59.859
1113.0,59.066
1342.0,57.404
1396.0,56.532
1222.0,57.128
1180.0,56.732
1126.0,20.654
1072.0,30.139
1129.0,37.126
1146.0,41.706
1071.0,44.719
1253.0,46.828
1130.0,48.264
1020.0,49.759
1069.0,51.666
1120.0,53.111
1139.0,53.448
1314.0,53.335
1624.0,51.722
1567.0,50.598
1701.0,50.593
2032.0,53.095
1650.0,57.937
1270.0,65.113
1227.0,70.452
1136.0,72.047
1199.0,71.937
1332.0,71.867
1357.0,71.062
1243.0,70.965
1196.0,70.939
1248.0,71.672
1401.0,71.698
1141.0,70.57
1080.0,69.362
1052.0,68.982
1057.0,68.789
1045.0,68.561
1027.0,67.323
1020.0,65.199
1032.0,63.586
1035.0,62.233
1040.0,18.874
1024.0,28.132
1030.0,34.799
1044.0,38.706
1053.0,41.495
1040.0,43.06
1041.0,44.391
1045.0,46.038
1040.0,47.867
1079.0,49.208
1140.0,49.383
1070.0,49.183
1084.0,48.835
1076.0,48.033
1048.0,48.408
1086.0,51.004
1126.0,56.819
1135.0,64.494
1133.0,70.954
1135.0,73.24
1029.0,72.948
1022.0,71.614
1056.0,70.06
1239.0,69.052
1611.0,68.349
1842.0,68.649
1739.0,68.649
1491.0,67.98
1382.0,67.212
1453.0,66.188
1559.0,65.076
1184.0,63.611
1013.0,17.411
1045.0,25.392
1110.0,30.316
1662.0,32.751
1799.0,35.294
1868.0,37.23
1571.0,38.634
1432.0,41.138
1381.0,44.057
1415.0,45.455
1314.0,46.08
1210.0,46.071
1317.0,46.171
1226.0,46.158
1169.0,46.31
1214.0,48.22
1228.0,53.637
1174.0,61.943
1231.0,69.122
1522.0,71.901
1232.0,70.391
1118.0,67.596
1197.0,64.096
1211.0,60.394
1076.0,57.825
1028.0,55.671
1026.0,55.918
1027.0,16.047
1035.0,23.527
1024.0,27.343
1002.0,29.053
1005.0,31.152
1023.0,33.633
1041.0,35.618
1041.0,37.242
1045.0,39.192
1024.0,40.277
1052.0,41.151
1060.0,41.843
1051.0,42.987
1013.0,43.399
1071.0,43.326
1063.0,43.78
1068.0,47.805
1065.0,55.939
1103.0,63.128
1111.0,65.628
1105.0,63.125
932.0,57.993
1029.0,52.463
1001.0,15.062
991.0,22.29
1016.0,26.247
1039.0,27.589
1085.0,29.641
1398.0,32.463
1785.0,34.184
1918.0,34.764
1920.0,35.433
1869.0,36.418
1338.0,36.877
1019.0,37.763
1021.0,38.621
1200.0,38.344
1924.0,37.853
1791.0,37.909
1526.0,40.2
1260.0,46.149
1258.0,50.796
1336.0,51.43
1315.0,14.085
1273.0,21.052
1109.0,24.926
1160.0,25.811
1157.0,27.294
1223.0,30.333
1321.0,32.222
1234.0,32.705
1198.0,34.532
1247.0,34.843
1386.0,34.553
1138.0,34.041
1112.0,33.356
1273.0,33.805
1310.0,33.417
1133.0,32.524
1052.0,32.205
1031.0,31.65
1022.0,30.341
1036.0,27.879
1032.0,40.265
1011.0,40.122
1043.0,13.589
1034.0,24.089
1032.0,34.047
1043.0,38.984
1050.0,40.985
1044.0,41.474
1033.0,41.983
1044.0,41.784
1030.0,41.362
896.0,40.149
762.0,14.682
672.0,25.811
687.0,35.393
782.0,40.518
800.0,41.74
659.0,42.232
235.0,42.698
15.0,42.863
1044.0,43.237
1037.0,43.043
1039.0,42.642
1029.0,41.598
1022.0,39.271
1193.0,36.259
1610.0,15.535
1655.0,27.408
1516.0,37.849
1285.0,42.826
1526.0,43.779
1391.0,43.502
980.0,43.001
1034.0,43.156
1072.0,43.88
1115.0,44.865
1144.0,46.098
1368.0,47.193
1325.0,46.303
1494.0,43.679
2003.0,41.831
1677.0,42.051
1291.0,41.885
1253.0,16.38
1147.0,28.995
1241.0,39.749
1364.0,45.578
1374.0,46.871
1269.0,46.154
1251.0,44.392
1430.0,43.834
1215.0,44.629
1081.0,46.358
1051.0,49.131
1059.0,51.616
1069.0,51.936
1048.0,50.495
1030.0,49.379
1038.0,49.434
1038.0,49.829
1052.0,49.706
1032.0,48.744
1014.0,47.529
1029.0,45.449
1041.0,17.503
1031.0,30.124
1034.0,40.87
1042.0,46.881
1047.0,48.811
1058.0,48.393
1088.0,46.104
1051.0,45.268
872.0,46.463
698.0,48.941
460.0,52.714
219.0,55.412
66.0,55.949
24.0,54.689
44.0,53.888
30.0,53.979
19.0,54.948
1025.0,55.17
1031.0,54.992
1057.0,54.834
1195.0,54.118
1466.0,51.787
1447.0,50.005
1127.0,49.749
1043.0,49.898
1072.0,49.353
1045.0,48.632
1148.0,19.015
1365.0,31.725
1047.0,41.797
1022.0,47.452
1061.0,49.744
1084.0,49.579
1090.0,48.096
1142.0,47.559
1379.0,49.056
1750.0,51.303
1542.0,54.212
1787.0,56.389
1810.0,56.87
1382.0,56.099
1236.0,55.111
1423.0,55.818
1590.0,56.87
1182.0,57.142
1078.0,56.587
1075.0,56.672
1127.0,56.406
1133.0,55.543
1053.0,55.424
1042.0,55.966
1039.0,56.582
1039.0,56.072
1020.0,55.292
1020.0,55.401
1018.0,55.17
1032.0,53.52
1049.0,51.761
1029.0,50.414
1017.0,49.974
1011.0,49.216
1030.0,21.565
1030.0,34.178
1025.0,43.469
1048.0,48.592
1044.0,50.646
1033.0,50.89
1055.0,50.57
928.0,50.197
910.0,51.015
736.0,52.504
351.0,55.066
110.0,57.412
64.0,57.701
39.0,56.716
38.0,56.21
37.0,56.516
22.0,57.276
1059.0,57.278
1240.0,56.273
1378.0,56.554
1257.0,56.695
1171.0,56.506
1104.0,56.527
1130.0,57.573
1199.0,57.875
1061.0,57.495
1030.0,57.171
1048.0,57.534
1086.0,57.311
1344.0,56.554
1375.0,56.082
1106.0,56.034
1109.0,55.884
1655.0,55.869
1930.0,55.041
1580.0,53.637
1404.0,52.503
1490.0,51.322
1224.0,49.863
1478.0,48.905
1648.0,48.112
1261.0,47.168
1253.0,46.889
1351.0,46.902
1100.0,46.976
1061.0,47.946
1062.0,45.988
1049.0,43.834
1059.0,23.818
1036.0,36.879
1016.0,45.398
1024.0,49.758
1030.0,51.606
1029.0,52.202
1030.0,52.013
1031.0,51.883
1041.0,52.166
1046.0,53.542
1038.0,56.29
1021.0,59.293
1048.0,59.634
968.0,58.357
1017.0,57.872
1024.0,57.756
1031.0,58.033
1050.0,57.149
1068.0,56.087
1022.0,55.949
987.0,56.029
1049.0,56.316
1053.0,56.553
1062.0,56.987
1023.0,57.56
1057.0,57.112
1109.0,57.138
1093.0,57.522
964.0,57.784
752.0,57.088
1319.0,56.947
1354.0,56.992
1393.0,57.022
1207.0,57.318
1130.0,57.132
1326.0,56.776
1517.0,57.364
1240.0,56.704
1057.0,56.239
1071.0,55.637
1069.0,55.237
1133.0,54.919
1503.0,54.519
1588.0,54.919
1612.0,54.977
1621.0,55.795
1378.0,57.588
1260.0,58.551
1196.0,57.776
1384.0,56.678
1443.0,55.757
1116.0,55.137
1466.0,52.674
1547.0,50.237
1235.0,48.814
1154.0,49.652
1109.0,50.664
1049.0,51.951
1047.0,48.693
1056.0,38.657
1045.0,25.079
1024.0,37.397
1030.0,45.718
1038.0,49.091
1039.0,50.543
1038.0,51.153
1034.0,51.757
1026.0,51.97
1046.0,52.772
1040.0,54.627
1037.0,57.634
1026.0,60.153
1041.0,60.199
1027.0,58.214
1040.0,57.272
1046.0,56.78
1024.0,56.143
1037.0,55.618
1031.0,54.919
1042.0,55.201
1108.0,55.863
1106.0,55.735
1077.0,55.707
1067.0,56.309
1051.0,56.416
1084.0,56.148
1158.0,55.902
1109.0,56.767
1095.0,56.991
1095.0,56.241
1095.0,56.02
1226.0,56.143
1379.0,56.354
1295.0,56.504
1462.0,56.733
1504.0,56.91
1134.0,57.78
1221.0,57.909
1363.0,57.703
1144.0,57.586
1140.0,58.012
1308.0,58.199
1552.0,58.706
1453.0,58.531
1436.0,58.343
1323.0,59.178
1226.0,61.52
1152.0,63.336
1132.0,62.641
1172.0,62.589
1298.0,62.876
1684.0,62.888
1355.0,61.62
1471.0,59.321
1210.0,58.631
1146.0,58.288
1179.0,58.812
1047.0,59.324
1037.0,54.919
1044.0,43.918
1053.0,25.651
1040.0,36.008
1019.0,42.622
1028.0,45.55
1029.0,47.274
1030.0,48.516
1026.0,50.043
1033.0,52.044
1041.0,53.526
1045.0,55.841
1034.0,58.749
1032.0,60.072
1032.0,59.369
1030.0,56.764
1042.0,55.209
1038.0,54.094
1033.0,53.389
1044.0,52.538
1036.0,52.644
1039.0,53.354
1162.0,54.787
1452.0,55.125
1252.0,55.07
1047.0,55.056
1015.0,55.395
1154.0,54.961
1084.0,55.289
1055.0,56.028
1052.0,56.51
1043.0,56.176
1914.0,55.7
1562.0,55.472
1083.0,55.549
1214.0,56.083
1166.0,56.245
1090.0,56.26
1048.0,56.744
1027.0,57.462
1043.0,57.574
1077.0,57.69
1073.0,57.955
1081.0,59.192
1222.0,60.069
1411.0,60.306
1230.0,60.247
1174.0,61.279
1134.0,63.532
1104.0,64.762
1240.0,64.762
1409.0,65.266
1125.0,66.183
1064.0,66.411
1179.0,65.638
1250.0,64.005
1205.0,62.919
1121.0,61.577
1065.0,61.599
1046.0,61.568
1041.0,57.512
1049.0,46.446
1054.0,24.4
1046.0,32.618
1031.0,37.705
1038.0,40.445
1036.0,42.877
1030.0,45.265
1031.0,47.901
1043.0,50.527
1044.0,52.991
1043.0,55.758
1043.0,58.26
1035.0,58.96
1035.0,57.109
1036.0,54.595
1052.0,52.52
1082.0,51.765
1192.0,50.741
1185.0,49.85
1116.0,49.79
1105.0,51.393
1309.0,53.177
1328.0,54.105
1161.0,53.907
1054.0,54.06
1057.0,54.132
1068.0,54.123
1059.0,54.433
1059.0,55.473
1067.0,56.093
1046.0,55.802
1861.0,55.426
1595.0,54.954
1499.0,54.847
1645.0,55.421
1501.0,55.263
1137.0,55.567
1026.0,55.897
1041.0,56.327
1073.0,56.515
1047.0,56.916
1054.0,57.854
1054.0,58.921
1081.0,60.358
1109.0,61.124
1295.0,61.714
1385.0,63.41
1536.0,65.383
1323.0,66.338
1167.0,66.198
1349.0,66.929
1071.0,67.976
1049.0,68.497
1045.0,67.734
1040.0,66.902
1039.0,64.849
1052.0,62.96
1052.0,62.35
1046.0,62.319
1048.0,58.729
1046.0,48.26
1046.0,22.387
1036.0,28.046
1031.0,32.247
1046.0,35.31
1034.0,38.576
1040.0,41.491
1054.0,45.524
1054.0,48.051
1045.0,50.343
1054.0,53.323
1055.0,55.844
1062.0,56.054
1054.0,53.51
1053.0,50.999
1049.0,49.872
1049.0,49.09
1052.0,47.462
1041.0,46.251
1041.0,46.643
1065.0,48.905
1068.0,51.256
1062.0,52.363
1064.0,52.295
1060.0,52.38
1055.0,52.184
1053.0,52.701
1054.0,53.363
1061.0,54.714
1065.0,55.737
1053.0,55.532
1979.0,55.248
1883.0,54.831
1618.0,54.848
1750.0,55.13
1658.0,54.919
1152.0,54.935
1053.0,55.127
1073.0,54.919
1048.0,55.025
1061.0,55.733
1051.0,57.142
1051.0,58.934
1067.0,60.974
1060.0,62.364
1066.0,64.079
1069.0,65.697
1065.0,67.802
1172.0,68.181
1558.0,67.966
1588.0,67.911
1366.0,68.845
1079.0,69.253
1071.0,68.664
1047.0,68.289
1039.0,66.67
1052.0,64.129
1054.0,62.227
1048.0,62.288
1046.0,59.201
1048.0,48.841
1051.0,19.966
1040.0,24.291
1034.0,27.77
1038.0,31.12
1028.0,34.506
1025.0,37.967
1024.0,41.788
1028.0,44.054
1040.0,46.31
1055.0,48.836
1056.0,51.69
1074.0,52.093
1058.0,50.103
1036.0,48.271
1049.0,48.057
1056.0,47.085
1043.0,45.24
1021.0,43.927
1030.0,43.96
1047.0,46.408
1065.0,49.081
1068.0,50.081
1063.0,50.131
1067.0,50.087
1064.0,50.363
1059.0,50.583
1059.0,51.863
1066.0,53.436
1069.0,54.728
1065.0,55.562
2209.0,55.003
1556.0,54.986
1298.0,54.909
1105.0,55.314
1092.0,55.398
1308.0,54.695
1500.0,54.357
1143.0,54.321
1079.0,54.252
1054.0,55.65
1064.0,57.574
1062.0,60.246
1060.0,62.525
1064.0,64.63
1057.0,66.579
1049.0,68.578
1069.0,70.206
1071.0,70.31
1069.0,69.42
1381.0,69.064
1716.0,68.932
1576.0,68.982
1376.0,69.177
1066.0,69.649
1052.0,67.702
1058.0,64.05
1070.0,61.443
1065.0,61.464
1051.0,58.937
1051.0,49.418
1038.0,17.907
1024.0,21.571
1019.0,24.843
1034.0,27.988
1024.0,31.064
1029.0,34.579
1031.0,37.254
1050.0,39.313
1035.0,41.179
1015.0,43.65
1020.0,46.521
1021.0,46.992
1028.0,45.312
1045.0,44.87
1060.0,45.265
1066.0,45.076
1061.0,42.666
1065.0,40.775
1068.0,40.588
1071.0,43.537
1072.0,45.851
1074.0,47.192
1066.0,47.076
1068.0,47.033
1065.0,47.451
1060.0,48.334
1063.0,49.889
1067.0,52.014
1065.0,53.62
1064.0,54.697
2100.0,54.903
2296.0,55.033
2100.0,55.385
1493.0,55.877
900.0,55.919
1558.0,55.087
1650.0,53.831
1307.0,53.307
1069.0,53.647
1053.0,55.286
1057.0,58.199
1049.0,61.483
1040.0,64.443
1054.0,66.771
1065.0,68.649
1056.0,70.675
1067.0,71.998
1073.0,71.868
1069.0,70.615
1069.0,70.013
1108.0,69.265
1172.0,69.17
1096.0,69.788
1058.0,70.142
1058.0,68.649
1063.0,63.821
1065.0,60.094
1053.0,59.666
1042.0,57.61
1014.0,48.908
1005.0,15.747
995.0,18.944
1007.0,21.904
1020.0,24.933
1016.0,27.999
1024.0,30.842
1041.0,33.158
1050.0,34.779
1067.0,36.321
1062.0,38.987
1066.0,41.58
1067.0,41.832
1063.0,40.467
1062.0,40.37
1069.0,41.157
1073.0,41.172
1061.0,39.353
1064.0,37.166
1068.0,36.83
1070.0,39.523
1079.0,42.339
1076.0,43.359
1064.0,43.004
1062.0,43.2
1055.0,43.928
1056.0,45.524
1062.0,47.49
1057.0,49.415
1060.0,51.518
1052.0,53.069
401.0,54.092
90.0,55.226
452.0,55.939
1627.0,56.575
1861.0,56.153
1866.0,55.263
2285.0,53.424
2305.0,52.62
1867.0,53.124
1206.0,55.654
1067.0,59.331
1047.0,63.149
1042.0,66.197
1019.0,68.649
1027.0,70.895
1050.0,73.0
1065.0,73.668
1063.0,73.477
1059.0,71.773
1056.0,70.042
1064.0,69.581
1041.0,69.326
1042.0,70.086
1064.0,71.42
1074.0,68.787
1080.0,63.205
1072.0,58.746
1032.0,58.05
953.0,56.271
958.0,48.561
980.0,12.797
1008.0,15.328
1047.0,18.298
1059.0,21.395
1065.0,24.063
1065.0,26.948
1064.0,28.888
1059.0,30.813
1061.0,32.385
1065.0,34.9
1064.0,37.173
1065.0,37.291
1062.0,35.299
1064.0,34.786
1070.0,35.755
1069.0,36.073
1065.0,34.9
1059.0,32.81
1060.0,32.525
1059.0,35.053
1072.0,37.793
1052.0,38.651
1043.0,38.183
1038.0,38.071
1038.0,39.34
1016.0,42.066
916.0,43.928
800.0,45.811
525.0,47.424
191.0,49.463
1175.0,52.184
1290.0,54.422
613.0,55.453
1640.0,55.539
2490.0,54.871
2381.0,53.955
2017.0,52.63
2100.0,52.098
2238.0,53.575
1848.0,57.066
1369.0,60.44
1009.0,64.292
1010.0,66.532
1057.0,68.649
1054.0,71.053
1057.0,73.231
1052.0,74.233
1052.0,72.95
1055.0,71.528
1052.0,69.603
1043.0,69.451
1039.0,69.472
1045.0,70.985
1043.0,72.1
1039.0,69.023
1049.0,62.75
1034.0,57.68
1038.0,56.924
1052.0,55.888
1049.0,48.914
1053.0,9.607
1059.0,11.75
1063.0,14.999
1065.0,18.337
1069.0,21.434
1068.0,24.254
1062.0,26.098
1055.0,26.884
1060.0,28.027
1069.0,30.159
1073.0,32.287
1068.0,32.838
1059.0,31.046
1054.0,30.241
1059.0,30.154
1057.0,30.696
1032.0,29.853
1034.0,28.517
1021.0,28.0
1009.0,29.86
892.0,31.883
676.0,33.407
232.0,33.252
569.0,33.009
680.0,34.827
464.0,38.557
231.0,40.521
40.0,41.573
12.0,42.568
1917.0,45.103
1845.0,49.01
1599.0,52.938
2247.0,54.736
2431.0,54.19
2420.0,53.763
2515.0,53.007
2520.0,52.644
2530.0,53.36
2288.0,56.002
1314.0,59.99
1052.0,63.267
1046.0,65.926
1028.0,67.509
1026.0,68.866
1026.0,70.706
1053.0,72.803
1044.0,73.584
1042.0,72.479
1037.0,71.319
1042.0,70.362
1056.0,69.694
1051.0,70.188
1063.0,71.635
1065.0,72.498
1061.0,69.575
1065.0,62.538
1055.0,57.274
1046.0,56.709
1050.0,55.693
1050.0,49.039
1062.0,7.505
1066.0,9.71
1072.0,13.091
1064.0,16.424
1061.0,19.879
1051.0,23.056
1031.0,24.476
1048.0,24.94
1059.0,25.481
1053.0,27.135
1028.0,29.373
1008.0,30.159
1016.0,28.426
1045.0,26.993
966.0,26.988
700.0,27.201
692.0,26.645
703.0,25.48
185.0,24.906
36.0,26.183
1328.0,28.227
2179.0,29.723
2131.0,30.023
2065.0,29.87
2357.0,32.026
2428.0,36.125
2427.0,37.944
2487.0,38.215
2498.0,39.012
2177.0,41.318
1372.0,45.907
1064.0,50.98
1115.0,53.115
1475.0,52.8
1499.0,51.94
1315.0,52.425
1149.0,53.289
1058.0,56.043
1049.0,59.779
1054.0,64.193
1063.0,67.21
1076.0,68.649
1068.0,68.725
1068.0,69.405
1059.0,70.647
1057.0,72.458
1062.0,72.885
1051.0,72.709
1045.0,71.806
1044.0,71.682
1039.0,71.088
1026.0,71.274
1015.0,72.165
1024.0,73.035
1015.0,69.821
1027.0,62.679
1016.0,57.252
975.0,56.687
920.0,55.561
896.0,48.518
681.0,7.303
514.0,9.62
520.0,12.618
468.0,15.732
215.0,19.177
419.0,22.498
149.0,23.976
75.0,24.379
2.0,24.754
1402.0,26.575
2203.0,28.473
2183.0,29.052
1831.0,26.989
1359.0,25.377
1208.0,24.943
1174.0,25.449
1119.0,24.971
1115.0,24.231
1103.0,23.877
1090.0,24.987
1155.0,26.592
1168.0,28.348
1447.0,28.63
1486.0,28.656
1168.0,30.99
1056.0,34.39
1097.0,36.076
1056.0,35.844
1038.0,36.293
1045.0,38.976
1055.0,43.55
1054.0,48.814
1055.0,50.979
1040.0,50.516
1048.0,50.227
1048.0,51.463
1040.0,53.681
1042.0,57.968
1032.0,63.114
986.0,67.613
997.0,69.495
884.0,69.685
597.0,69.03
553.0,68.976
457.0,70.101
791.0,71.82
679.0,72.987
748.0,73.153
477.0,72.748
227.0,72.337
40.0,71.079
1183.0,70.906
2119.0,71.489
1301.0,72.292
1055.0,68.921
991.0,62.326
1040.0,57.529
1053.0,56.631
1096.0,55.268
1094.0,47.53
1066.0,8.18
1059.0,10.89
1072.0,13.737
1051.0,16.22
1033.0,19.403
1070.0,22.188
1090.0,24.041
1073.0,24.284
1054.0,24.693
1051.0,26.832
1040.0,28.464
1049.0,28.679
1055.0,26.79
1059.0,24.699
1059.0,24.317
1045.0,24.785
1050.0,24.782
1033.0,24.446
1005.0,24.302
1003.0,25.481
801.0,27.062
784.0,28.591
634.0,29.313
81.0,29.999
36.0,31.417
26.0,33.833
15.0,35.244
33.0,35.22
22.0,35.346
3.0,37.745
2199.0,42.442
1429.0,48.014
1078.0,49.976
960.0,48.777
326.0,48.879
92.0,50.847
213.0,54.217
743.0,58.651
1071.0,64.0
1063.0,68.649
1055.0,70.328
1054.0,69.745
1069.0,68.457
1064.0,68.649
1042.0,70.107
1041.0,71.612
1072.0,72.98
1056.0,73.304
1036.0,72.467
1032.0,71.675
1040.0,70.665
1052.0,70.552
1048.0,71.121
1039.0,71.506
1021.0,68.649
965.0,62.211
782.0,58.051
690.0,57.348
336.0,55.335
67.0,47.405
14.0,9.55
17.0,12.662
7.0,15.482
1133.0,17.698
1129.0,20.286
1132.0,22.729
1008.0,24.467
315.0,24.815
51.0,25.983
46.0,28.149
118.0,29.828
558.0,29.998
1000.0,28.102
1055.0,25.949
1063.0,25.291
1072.0,25.419
1059.0,25.318
1051.0,25.727
1050.0,26.413
1065.0,27.839
1076.0,29.371
1073.0,30.563
1050.0,31.352
1034.0,32.096
999.0,33.618
832.0,35.61
539.0,36.566
260.0,36.753
16.0,36.884
15.0,38.948
10.0,42.956
5.0,48.362
1053.0,50.285
1057.0,49.603
1055.0,49.595
1091.0,52.13
962.0,55.324
394.0,59.349
79.0,64.322
36.0,68.765
34.0,70.596
117.0,69.963
756.0,69.564
1048.0,70.276
1062.0,71.313
1056.0,72.395
1037.0,73.2
1022.0,73.463
1017.0,72.985
1034.0,71.941
990.0,71.403
896.0,71.382
532.0,71.86
111.0,72.234
10.0,69.456
10.0,63.677
4.0,59.471
651.0,58.571
966.0,56.262
1034.0,48.135
1003.0,10.45
1013.0,13.938
1036.0,17.007
1029.0,19.402
836.0,21.819
247.0,24.406
74.0,25.849
744.0,27.115
1058.0,28.985
1019.0,31.789
973.0,33.372
981.0,32.882
1007.0,30.915
835.0,28.925
387.0,27.81
43.0,27.04
4.0,27.098
48.0,28.256
42.0,29.854
31.0,31.747
11.0,33.152
170.0,34.151
600.0,34.528
922.0,35.325
959.0,37.004
805.0,39.12
1010.0,40.543
765.0,41.096
877.0,40.832
635.0,41.906
105.0,44.924
4.0,49.193
3.0,51.173
88.0,51.758
134.0,52.719
155.0,54.724
152.0,57.756
159.0,61.032
438.0,64.842
500.0,68.649
223.0,70.463
412.0,71.389
149.0,71.893
14.0,72.459
9.0,72.358
102.0,72.718
188.0,73.287
974.0,73.778
763.0,73.774
243.0,73.473
609.0,72.354
372.0,72.288
106.0,72.399
1054.0,72.519
1016.0,70.436
1014.0,65.645
807.0,61.301
123.0,59.709
18.0,57.539
4.0,49.641
35.0,11.835
154.0,15.974
812.0,20.037
933.0,23.439
829.0,25.902
954.0,28.566
979.0,30.257
876.0,31.818
951.0,33.938
342.0,36.543
53.0,37.999
59.0,37.409
33.0,35.372
51.0,33.626
302.0,32.06
821.0,30.522
1061.0,30.241
817.0,32.344
225.0,34.929
40.0,37.627
84.0,39.057
83.0,39.725
35.0,39.785
49.0,40.06
399.0,41.791
268.0,44.275
1001.0,45.756
408.0,46.107
173.0,45.762
562.0,46.391
946.0,48.417
1055.0,51.414
1054.0,53.786
1054.0,54.626
1052.0,55.773
1055.0,58.03
1074.0,60.151
1043.0,62.926
1056.0,65.575
1037.0,69.052
946.0,70.821
565.0,71.871
187.0,72.946
55.0,74.149
138.0,73.446
559.0,72.707
505.0,72.391
101.0,73.274
817.0,74.04
201.0,74.08
94.0,73.016
209.0,72.752
908.0,72.98
1105.0,73.262
1091.0,71.951
1467.0,68.689
1761.0,64.76
1467.0,64.248
1800.0,62.09
1539.0,54.402
1239.0,14.327
1064.0,19.368
1041.0,24.383
1019.0,28.207
1030.0,31.698
1043.0,34.336
919.0,36.469
512.0,37.694
100.0,39.622
52.0,41.789
248.0,42.438
104.0,41.828
84.0,39.981
35.0,37.798
10.0,36.075
330.0,34.437
107.0,34.887
328.0,37.695
1003.0,41.373
1206.0,44.612
1684.0,45.827
1575.0,45.781
1066.0,45.442
667.0,45.518
450.0,46.836
598.0,49.497
568.0,50.742
475.0,50.766
794.0,50.832
1153.0,51.597
1036.0,53.336
1048.0,55.789
1056.0,57.112
1050.0,57.837
1026.0,58.984
1017.0,60.752
1030.0,62.593
1034.0,64.249
913.0,65.847
598.0,68.649
205.0,70.016
249.0,71.051
438.0,72.305
101.0,73.818
64.0,73.424
25.0,72.194
8.0,72.299
4.0,73.475
4.0,74.105
114.0,73.905
166.0,73.151
601.0,73.302
1429.0,73.211
2015.0,73.804
1240.0,72.938
596.0,70.729
604.0,69.54
567.0,69.828
629.0,68.362
645.0,59.555
428.0,17.379
579.0,22.634
941.0,27.615
1157.0,31.407
1006.0,35.239
991.0,38.339
1003.0,40.764
1035.0,43.434
1045.0,45.358
1046.0,47.243
1048.0,47.79
1052.0,46.745
1041.0,44.862
1031.0,42.255
1029.0,40.449
1036.0,39.384
1038.0,39.989
1015.0,43.992
887.0,48.904
772.0,51.726
810.0,53.022
808.0,52.933
453.0,52.346
109.0,52.099
289.0,53.241
35.0,55.233
46.0,56.471
44.0,57.024
58.0,56.946
31.0,57.244
842.0,59.262
705.0,61.681
1159.0,62.62
2324.0,62.645
2278.0,63.329
1785.0,65.231
998.0,66.081
617.0,66.77
555.0,67.708
434.0,69.143
528.0,69.684
987.0,70.134
1455.0,71.713
1233.0,73.17
1049.0,73.442
985.0,72.621
977.0,73.179
979.0,73.819
992.0,74.223
1026.0,74.168
1056.0,73.852
1064.0,73.726
1055.0,73.967
1051.0,73.778
1050.0,72.634
1059.0,70.928
1062.0,70.505
1062.0,71.994
1062.0,70.873
1063.0,61.013
1067.0,19.242
1052.0,25.118
1046.0,30.037
1034.0,34.251
914.0,37.988
576.0,41.65
290.0,44.942
218.0,47.681
195.0,50.35
283.0,52.083
290.0,52.311
575.0,51.674
721.0,49.173
626.0,46.929
213.0,45.182
216.0,43.945
129.0,45.069
163.0,49.581
122.0,54.329
12.0,57.545
15.0,58.826
216.0,59.436
886.0,59.208
2306.0,58.938
2443.0,59.537
1751.0,60.759
1295.0,61.82
1470.0,62.094
1928.0,61.63
1180.0,61.865
1032.0,63.019
1012.0,65.489
992.0,66.174
989.0,65.746
1053.0,66.75
1070.0,68.649
1049.0,69.059
1051.0,68.597
1055.0,67.745
1061.0,68.649
1067.0,68.649
1063.0,69.15
1046.0,71.313
993.0,73.129
1005.0,72.798
1044.0,72.106
1046.0,72.865
1051.0,73.355
1057.0,73.459
1062.0,73.193
1060.0,73.643
1063.0,74.218
1069.0,73.679
1049.0,72.948
1051.0,71.836
1060.0,69.33
1062.0,69.83
1054.0,71.888
1045.0,71.149
1039.0,61.39
1047.0,19.959
1035.0,26.772
1017.0,32.772
996.0,37.318
910.0,41.146
756.0,44.726
513.0,48.32
356.0,51.148
531.0,53.881
184.0,55.601
196.0,55.749
204.0,54.77
76.0,52.618
7.0,50.77
146.0,48.832
475.0,48.251
2046.0,49.242
1967.0,53.834
1665.0,58.334
1900.0,61.202
1320.0,62.739
1056.0,63.625
1036.0,64.09
1004.0,64.126
997.0,64.176
1021.0,64.96
1052.0,65.403
1059.0,65.111
1054.0,64.703
1060.0,64.166
1168.0,64.914
1259.0,67.172
1176.0,67.31
1076.0,66.916
1066.0,67.877
1060.0,69.912
1046.0,70.379
996.0,68.86
946.0,67.632
956.0,67.019
981.0,67.007
1026.0,68.205
1060.0,70.858
1059.0,72.826
1065.0,71.794
1068.0,70.954
1052.0,71.362
1055.0,71.653
1053.0,71.467
1063.0,71.993
1065.0,72.921
1067.0,72.932
1065.0,72.235
1065.0,71.334
1073.0,70.198
1072.0,68.088
1059.0,68.643
1060.0,71.447
1067.0,71.545
1062.0,61.714
1052.0,20.58
1070.0,28.509
1064.0,35.551
1044.0,40.461
874.0,44.142
587.0,47.429
383.0,50.554
93.0,53.667
361.0,56.239
696.0,57.843
801.0,57.792
684.0,56.671
446.0,54.563
202.0,53.01
295.0,51.823
382.0,51.801
1380.0,53.467
1648.0,57.274
1672.0,61.837
2110.0,64.175
1749.0,65.45
1232.0,66.078
1065.0,66.541
1060.0,66.785
1058.0,66.915
1054.0,67.042
1049.0,67.242
1047.0,67.112
1046.0,65.988
1224.0,65.401
1217.0,66.067
1210.0,67.95
1342.0,67.94
1112.0,67.072
1048.0,68.083
1065.0,70.465
1057.0,70.872
1032.0,69.586
1026.0,67.492
1023.0,65.783
1007.0,65.179
1011.0,66.986
1026.0,70.179
997.0,72.045
974.0,70.896
1006.0,69.963
1051.0,69.995
1059.0,70.094
1061.0,69.938
1054.0,71.052
1051.0,72.123
1044.0,72.521
1056.0,71.375
1059.0,70.501
1064.0,68.486
1072.0,66.212
1062.0,66.556
1062.0,70.493
1065.0,70.705
1073.0,61.241
1065.0,21.288
1068.0,29.978
1069.0,37.219
1067.0,41.93
1073.0,45.361
1063.0,48.072
1055.0,51.175
1052.0,54.189
1042.0,56.908
1050.0,58.402
1002.0,58.43
855.0,56.923
599.0,55.03
543.0,53.494
1612.0,53.377
1790.0,54.531
2446.0,56.476
1913.0,60.525
939.0,64.263
547.0,66.485
641.0,67.17
1415.0,67.973
1133.0,68.357
1305.0,68.414
1255.0,68.46
1061.0,68.786
1069.0,68.851
1063.0,68.116
1057.0,66.978
1031.0,66.34
1136.0,66.573
1158.0,68.021
1052.0,67.999
1075.0,67.977
1184.0,68.701
1053.0,71.07
1054.0,71.583
1072.0,71.02
1062.0,68.635
1048.0,65.996
1041.0,64.443
1056.0,66.365
1058.0,69.968
1061.0,71.871
1059.0,70.663
1052.0,70.109
1051.0,70.136
1053.0,70.069
1054.0,70.153
1056.0,71.638
1045.0,73.174
1042.0,73.041
1049.0,72.186
1061.0,70.794
1058.0,68.169
1059.0,64.5
1071.0,64.117
1079.0,68.203
1059.0,68.772
1056.0,58.745
1064.0,21.529
1065.0,31.006
1067.0,38.022
1065.0,42.379
1069.0,45.647
1065.0,48.057
1078.0,50.381
1069.0,52.855
1061.0,55.548
1070.0,57.285
1061.0,57.086
1066.0,55.675
1063.0,53.408
1065.0,51.978
1056.0,52.536
1056.0,54.834
2387.0,57.973
2225.0,62.093
2620.0,65.909
2023.0,67.783
997.0,68.32
1301.0,69.3
1901.0,69.608
2045.0,69.688
1264.0,69.843
1158.0,70.01
1127.0,69.559
1062.0,68.381
1058.0,67.367
1048.0,66.687
1052.0,67.136
1046.0,68.208
1060.0,68.646
1060.0,69.014
1073.0,69.604
1083.0,71.192
1076.0,71.87
1062.0,70.894
1056.0,68.576
1058.0,65.235
1073.0,63.852
1066.0,66.049
1071.0,69.719
1072.0,71.715
1061.0,71.07
1058.0,70.422
1056.0,70.782
1053.0,69.884
1055.0,70.221
1063.0,71.807
1065.0,73.356
1067.0,73.203
1063.0,71.552
1061.0,70.083
1063.0,66.803
1058.0,62.472
1064.0,60.368
1064.0,64.363
1075.0,65.002
1070.0,54.648
1047.0,21.901
1052.0,31.33
1052.0,38.055
1054.0,42.539
1052.0,46.061
1057.0,48.1
1057.0,49.77
1057.0,51.314
1068.0,53.194
1061.0,54.979
1065.0,54.831
1071.0,53.741
1073.0,51.616
1067.0,50.222
1072.0,51.275
1064.0,53.988
1064.0,57.96
1066.0,63.036
2166.0,67.309
802.0,69.017
847.0,69.779
1502.0,70.407
1224.0,70.984
1054.0,70.62
1071.0,70.784
1064.0,71.272
1056.0,70.406
1123.0,69.039
1117.0,67.795
1124.0,67.445
1432.0,68.061
1347.0,69.305
1240.0,69.796
1186.0,70.028
1129.0,70.639
1073.0,71.167
1084.0,71.196
1071.0,70.017
1202.0,67.522
1354.0,63.995
1169.0,62.466
1098.0,64.892
1058.0,68.714
1100.0,70.544
1080.0,69.797
1051.0,69.33
1048.0,69.293
1056.0,68.649
1064.0,68.649
1065.0,69.624
1076.0,70.079
1078.0,68.649
1104.0,66.232
1386.0,64.265
1181.0,62.395
1064.0,57.72
1054.0,54.68
1055.0,57.7
1078.0,58.554
1062.0,48.671
1045.0,20.926
1052.0,30.684
1061.0,37.191
1062.0,41.678
1059.0,45.294
1061.0,47.914
1055.0,49.199
1063.0,50.503
1059.0,51.472
1044.0,51.984
1060.0,51.831
1066.0,51.23
1062.0,49.623
1068.0,48.711
1067.0,49.726
1066.0,52.107
1068.0,56.871
1066.0,63.129
1867.0,68.168
1663.0,70.253
1540.0,71.11
1508.0,71.227
1635.0,71.542
1548.0,71.762
1097.0,71.892
1238.0,72.421
1378.0,71.88
1154.0,70.117
1133.0,69.223
1415.0,68.953
1583.0,69.272
1500.0,69.353
1314.0,69.215
1404.0,68.649
1266.0,68.49
1188.0,68.649
1145.0,67.882
1334.0,65.869
1629.0,62.779
1304.0,58.83
1551.0,56.699
1267.0,58.144
1212.0,61.214
1230.0,62.25
1124.0,60.531
1045.0,59.638
1042.0,58.818
1055.0,58.03
1138.0,58.47
1173.0,58.988
1066.0,58.8
1048.0,57.358
1052.0,18.664
1065.0,28.812
1068.0,36.42
1055.0,41.64
1060.0,44.951
1057.0,47.037
1073.0,48.365
1051.0,49.66
1031.0,50.461
1049.0,50.537
1055.0,49.657
1057.0,49.206
1051.0,48.149
1058.0,48.074
1057.0,48.854
1059.0,51.559
1061.0,56.55
1038.0,63.966
1044.0,69.8
1050.0,72.381
1057.0,72.592
1053.0,72.559
1053.0,72.058
1060.0,71.686
1065.0,71.596
1063.0,71.979
1322.0,71.787
1457.0,70.179
1491.0,69.273
1216.0,68.649
1183.0,68.649
1359.0,67.258
1186.0,65.595
1281.0,63.195
1084.0,61.067
1141.0,17.366
1159.0,27.353
1326.0,35.072
1696.0,39.848
1698.0,42.968
1765.0,44.45
1477.0,45.359
1322.0,46.525
1276.0,47.961
1549.0,48.393
1693.0,47.997
1158.0,47.564
1467.0,47.178
1512.0,47.328
1142.0,48.709
1121.0,50.822
1213.0,56.078
1057.0,64.344
1053.0,70.717
1043.0,73.255
1056.0,73.256
1053.0,72.405
1055.0,70.624
1060.0,68.649
1056.0,67.396
1059.0,66.54
1067.0,65.202
1060.0,63.543
1071.0,62.53
1070.0,61.77
1150.0,61.673
1115.0,16.373
1059.0,25.44
1040.0,31.917
1056.0,35.864
1052.0,38.084
1041.0,39.233
1038.0,40.508
1054.0,42.116
1063.0,44.511
1058.0,46.071
1059.0,45.943
1046.0,45.948
1050.0,45.787
1052.0,46.149
1051.0,46.862
1060.0,49.118
1042.0,53.66
1029.0,61.488
1030.0,68.114
1048.0,70.578
1682.0,69.718
1533.0,67.119
1231.0,63.372
1074.0,59.716
1023.0,15.206
1005.0,23.429
1004.0,28.993
1036.0,31.678
1058.0,33.863
1091.0,34.929
1167.0,36.422
1443.0,38.281
1607.0,40.556
1192.0,41.518
1440.0,42.044
1826.0,42.875
1461.0,43.428
1303.0,43.928
1525.0,43.776
1325.0,44.532
1514.0,47.789
1757.0,54.799
1361.0,61.018
1139.0,63.053
1122.0,14.169
1420.0,22.159
1255.0,27.399
1050.0,29.69
1057.0,31.481
1129.0,33.665
1218.0,34.883
1142.0,35.868
1065.0,36.636
1063.0,36.879
1067.0,37.298
1066.0,38.262
1064.0,39.148
1063.0,39.255
1065.0,38.451
1069.0,37.616
1075.0,13.204
1055.0,20.57
1028.0,25.813
1029.0,27.692
1034.0,29.618
1038.0,31.925
1061.0,33.753
1057.0,34.612
1054.0,35.008
1055.0,35.429
1051.0,35.143
1038.0,34.437
1050.0,33.834
1058.0,32.929
1068.0,30.807
1220.0,34.275
1211.0,34.051
1113.0,33.246
1091.0,31.908
1108.0,33.168
1028.0,32.34
1041.0,30.699
1194.0,39.915
1490.0,12.587
1118.0,23.005
1040.0,33.399
1011.0,38.567
1010.0,40.519
1063.0,40.977
1093.0,40.686
1137.0,39.538
1540.0,38.528
1374.0,13.569
1076.0,24.614
1102.0,34.886
1089.0,40.457
1160.0,42.005
1450.0,42.088
1830.0,41.961
1830.0,41.658
1865.0,41.328
1834.0,41.421
1423.0,40.817
1322.0,39.315
1242.0,37.095
1219.0,14.285
1305.0,26.399
1380.0,37.688
1406.0,43.661
1352.0,44.776
1148.0,44.216
1305.0,43.447
1518.0,42.519
1594.0,42.886
1221.0,43.629
1075.0,45.435
1073.0,46.397
1087.0,45.894
1077.0,43.986
1080.0,42.197
1072.0,40.621
1056.0,39.1
1033.0,14.999
1023.0,27.379
1050.0,38.591
1070.0,45.542
1056.0,47.443
1043.0,46.897
1041.0,44.672
1040.0,43.405
1017.0,43.958
1041.0,46.123
1045.0,49.21
1109.0,52.236
1082.0,52.873
1032.0,51.587
1019.0,50.247
1158.0,49.501
1081.0,48.322
1161.0,47.556
1078.0,46.887
1033.0,45.705
1025.0,15.544
1019.0,28.043
1159.0,39.154
1614.0,46.222
1753.0,48.728
1790.0,48.093
1784.0,46.324
1963.0,45.058
2035.0,46.224
1992.0,48.817
1363.0,52.516
1056.0,55.43
1069.0,56.029
1100.0,54.919
1101.0,54.023
1108.0,53.523
1109.0,53.783
1119.0,54.093
1279.0,53.538
1954.0,53.181
1864.0,52.279
1374.0,50.02
1332.0,48.284
1328.0,48.392
1207.0,48.725
1320.0,48.646
1293.0,48.197
1220.0,16.818
1315.0,29.234
1377.0,39.504
1098.0,45.678
1281.0,48.477
1582.0,48.885
1550.0,47.977
1579.0,47.724
1392.0,48.403
1342.0,50.888
1400.0,53.773
1384.0,56.117
1105.0,56.253
1059.0,55.281
1024.0,54.447
1019.0,54.755
1053.0,55.3
1056.0,55.643
1039.0,54.981
1029.0,54.919
1023.0,55.009
1021.0,54.754
1043.0,54.45
1062.0,55.119
1070.0,55.855
1162.0,55.726
1244.0,55.396
1257.0,55.465
1200.0,55.251
1163.0,54.086
1131.0,52.772
1143.0,51.208
1134.0,51.171
1051.0,51.484
1040.0,50.278
1014.0,48.047
1014.0,18.737
1029.0,31.037
1037.0,39.907
1058.0,45.244
1068.0,48.054
1082.0,49.113
1101.0,48.614
1097.0,49.265
1059.0,49.806
1001.0,51.22
1034.0,54.037
1076.0,56.676
1209.0,56.842
1857.0,55.235
2147.0,54.662
1911.0,55.253
1636.0,55.545
1383.0,55.575
1314.0,54.916
1297.0,54.937
1307.0,55.469
1384.0,55.012
1166.0,54.919
1309.0,55.986
1309.0,56.696
1232.0,56.879
1336.0,56.973
1419.0,57.342
1116.0,57.378
1262.0,56.763
1326.0,56.471
1171.0,56.078
1231.0,56.166
1177.0,56.226
1147.0,55.981
1177.0,55.516
1429.0,54.251
1279.0,53.102
1050.0,52.151
1012.0,51.314
1034.0,50.907
1047.0,49.762
1043.0,48.73
1020.0,48.554
1044.0,47.716
1055.0,47.367
1056.0,47.604
1044.0,48.128
1055.0,47.357
1098.0,45.806
1180.0,43.451
1144.0,39.429
1125.0,30.399
1120.0,19.909
1119.0,31.506
1099.0,39.591
1112.0,43.827
1074.0,46.245
1036.0,47.442
1037.0,48.285
1018.0,48.933
991.0,49.649
1014.0,51.769
1033.0,54.854
1043.0,57.563
1026.0,57.854
1030.0,56.068
1069.0,54.966
1100.0,54.88
1059.0,54.919
1019.0,54.709
1023.0,54.326
1069.0,54.202
1401.0,54.611
2124.0,54.452
2095.0,54.439
1950.0,55.339
1581.0,56.092
1356.0,56.407
1237.0,56.453
1323.0,57.279
1243.0,57.484
1306.0,57.164
1222.0,56.696
1337.0,56.839
1365.0,57.032
1254.0,57.455
1296.0,57.539
1350.0,57.897
1119.0,57.757
1279.0,57.825
1316.0,57.135
1171.0,56.763
1230.0,56.529
1208.0,55.99
1161.0,55.348
1198.0,54.917
1475.0,53.882
1240.0,54.248
1065.0,55.588
1031.0,56.832
1033.0,56.105
1041.0,54.919
1027.0,53.821
1015.0,52.661
1024.0,50.151
1043.0,48.543
1042.0,48.795
1047.0,50.347
1059.0,52.299
1046.0,54.036
1059.0,51.028
1068.0,40.348
1042.0,19.461
1018.0,29.295
982.0,35.834
923.0,38.963
744.0,41.259
155.0,43.064
1025.0,44.797
1025.0,46.876
1011.0,48.252
1005.0,50.64
1006.0,54.377
1008.0,57.31
1024.0,57.256
1032.0,55.1
1056.0,53.408
1090.0,52.329
1100.0,52.037
1068.0,51.785
1035.0,52.029
1037.0,52.837
1068.0,53.798
1076.0,53.458
1087.0,53.517
1104.0,54.183
1138.0,54.918
1150.0,55.079
1459.0,55.464
2017.0,56.527
1583.0,56.699
1455.0,56.089
1324.0,55.66
1287.0,55.727
1393.0,56.151
1423.0,56.587
1331.0,56.798
1468.0,57.108
1304.0,57.801
1137.0,57.915
1424.0,57.761
1385.0,57.492
1377.0,58.446
1543.0,57.911
1404.0,57.324
1267.0,57.118
1295.0,56.498
1374.0,57.2
1105.0,59.361
1038.0,60.493
1037.0,60.19
1037.0,59.447
1036.0,59.047
1024.0,58.812
1047.0,57.705
1048.0,56.297
1041.0,56.453
1057.0,57.171
1053.0,58.393
1047.0,59.691
1044.0,56.829
1042.0,45.97
983.0,17.608
946.0,24.458
937.0,29.588
926.0,32.068
602.0,34.317
142.0,36.658
39.0,40.805
1029.0,43.801
1029.0,46.48
1036.0,49.835
1037.0,53.723
1045.0,55.714
1098.0,54.653
1174.0,51.913
1292.0,50.212
1607.0,48.575
1770.0,47.53
1726.0,47.479
1925.0,48.453
1433.0,50.479
1053.0,52.256
1060.0,52.487
1079.0,52.23
1080.0,52.826
1105.0,53.179
1118.0,54.053
1363.0,54.663
1580.0,55.3
2087.0,55.81
1789.0,55.522
1387.0,54.912
1241.0,54.92
1215.0,55.206
1253.0,55.537
1428.0,55.78
1379.0,55.898
1253.0,56.537
1274.0,57.035
1230.0,56.772
1299.0,56.914
1260.0,57.559
1111.0,57.55
1076.0,57.604
1075.0,57.44
1078.0,57.629
1102.0,58.841
1088.0,61.133
1057.0,62.496
1035.0,62.339
1018.0,61.831
1032.0,62.428
1042.0,62.205
1034.0,61.873
1034.0,61.003
1034.0,60.55
1044.0,59.947
1039.0,60.452
1025.0,61.739
1029.0,58.86
1116.0,48.309
1163.0,15.48
1109.0,20.883
1061.0,24.171
787.0,26.454
306.0,29.059
78.0,32.599
51.0,36.939
30.0,41.048
1026.0,44.599
1022.0,48.208
1009.0,51.858
1171.0,52.954
1532.0,50.867
1154.0,48.334
1017.0,47.079
1018.0,45.707
1004.0,44.292
1025.0,43.672
1081.0,44.681
1111.0,47.335
1393.0,49.778
1444.0,50.554
1140.0,50.575
1090.0,50.901
1171.0,51.463
1631.0,52.189
1729.0,53.052
1440.0,54.329
1698.0,54.62
1329.0,54.505
1727.0,53.944
1448.0,53.981
1269.0,54.184
1230.0,54.504
1369.0,54.614
1173.0,54.919
1047.0,55.329
1040.0,55.739
1121.0,55.556
1178.0,55.82
1066.0,56.375
1053.0,57.158
1052.0,56.912
1057.0,57.544
1043.0,58.043
1038.0,59.843
1025.0,62.523
1029.0,64.167
1032.0,63.969
1018.0,64.145
1021.0,65.089
1044.0,65.259
1038.0,64.888
1040.0,64.481
1042.0,63.769
1032.0,61.983
1024.0,61.381
1019.0,62.337
1013.0,59.304
996.0,49.29
1108.0,14.904
1205.0,18.555
1149.0,21.586
1127.0,23.762
1107.0,26.785
1097.0,30.053
1108.0,33.93
1100.0,37.573
894.0,40.672
1021.0,44.354
1042.0,47.361
1116.0,47.789
1417.0,45.395
1323.0,43.584
1021.0,43.446
1016.0,43.022
1004.0,41.701
992.0,40.416
1000.0,40.916
1023.0,43.469
1053.0,46.394
1080.0,47.818
1386.0,48.183
1798.0,48.662
1547.0,49.192
1723.0,50.133
1688.0,51.158
1263.0,52.462
1220.0,53.371
1516.0,53.307
1497.0,52.91
1260.0,52.973
1747.0,53.102
1356.0,53.926
1127.0,53.913
1074.0,53.744
1075.0,53.938
1051.0,54.184
1049.0,53.603
1058.0,54.08
1173.0,55.187
1139.0,55.98
1045.0,56.688
1048.0,57.615
1045.0,58.8
1039.0,60.735
1040.0,63.828
1050.0,65.509
1036.0,65.492
1022.0,66.154
1022.0,66.855
1022.0,67.362
1037.0,67.3
1045.0,67.028
1051.0,65.69
1051.0,63.464
1035.0,61.693
1044.0,61.647
1037.0,59.118
1017.0,49.153
993.0,14.775
1066.0,17.811
1150.0,20.678
1206.0,23.328
1141.0,25.795
1155.0,28.604
1144.0,31.298
1129.0,33.498
1128.0,35.919
1111.0,39.23
1644.0,42.531
1510.0,42.82
1449.0,40.468
1308.0,39.221
1090.0,39.902
1130.0,39.926
1589.0,38.394
1605.0,37.064
1186.0,36.634
1062.0,39.381
1064.0,42.322
1124.0,43.898
1327.0,44.42
1625.0,44.252
1509.0,45.257
1571.0,46.932
1410.0,48.494
1328.0,50.284
1183.0,51.135
1141.0,51.561
1485.0,51.38
1665.0,51.511
1461.0,51.773
1525.0,52.457
1147.0,52.617
1082.0,52.507
1172.0,52.1
1068.0,52.427
1036.0,52.218
1033.0,53.037
1056.0,54.274
1163.0,55.816
1176.0,56.726
1062.0,58.034
1039.0,59.414
1052.0,62.052
1049.0,65.336
1038.0,67.063
1030.0,67.085
1037.0,67.492
1024.0,68.734
1019.0,68.863
1039.0,69.194
1042.0,69.298
1040.0,67.603
1047.0,63.941
1038.0,60.758
1038.0,60.612
1049.0,58.257
1043.0,49.049
1049.0,14.354
1076.0,17.154
1173.0,19.649
1153.0,22.274
1058.0,24.941
1105.0,26.998
1135.0,28.888
1066.0,30.536
1069.0,32.541
1051.0,35.768
1315.0,38.713
1123.0,38.692
1281.0,36.576
1400.0,35.573
1323.0,36.255
1525.0,36.816
1274.0,35.554
1133.0,33.354
1522.0,33.263
1448.0,35.645
1197.0,38.289
1235.0,39.506
1486.0,39.333
1597.0,39.581
1712.0,40.879
1440.0,43.294
1271.0,45.362
1257.0,47.294
1301.0,48.499
1164.0,49.06
1164.0,49.149
1432.0,50.002
1743.0,50.455
1503.0,51.238
1188.0,51.49
1319.0,51.058
1144.0,50.461
1060.0,50.179
1025.0,50.004
1030.0,51.2
1056.0,53.595
1052.0,55.62
1037.0,56.886
1055.0,58.77
1054.0,61.036
1057.0,64.168
1045.0,67.111
1041.0,68.649
1034.0,68.649
1030.0,68.276
1036.0,69.107
1026.0,69.88
1040.0,70.3
1049.0,70.272
1060.0,68.871
1057.0,64.318
1050.0,59.65
1047.0,58.672
1087.0,56.225
1234.0,47.967
1304.0,12.795
1139.0,14.946
1096.0,17.194
1079.0,19.822
1065.0,22.389
1067.0,24.411
1061.0,26.145
1066.0,27.956
1068.0,30.223
1061.0,33.576
1806.0,35.803
1616.0,35.61
1302.0,33.066
1230.0,31.582
1348.0,31.69
1439.0,32.225
1193.0,31.479
1074.0,29.766
1089.0,29.563
1180.0,31.637
1275.0,33.611
1067.0,33.853
1012.0,33.165
1083.0,33.358
1412.0,35.005
1305.0,38.576
1286.0,40.887
1148.0,42.849
1065.0,43.831
1068.0,45.098
1064.0,46.258
1067.0,47.438
1073.0,48.179
1027.0,48.768
1047.0,49.072
1190.0,48.905
1377.0,48.111
1160.0,47.481
1057.0,47.901
1062.0,49.857
1064.0,52.228
1057.0,54.596
1052.0,56.815
1062.0,58.704
1036.0,61.855
1032.0,65.176
1032.0,68.244
1041.0,69.419
1050.0,68.957
1060.0,68.735
1049.0,69.606
1043.0,70.188
1051.0,70.672
1052.0,71.429
1060.0,68.944
1055.0,63.361
1050.0,58.261
1052.0,56.889
1061.0,54.919
1050.0,47.647
1054.0,10.262
1042.0,11.925
1054.0,14.292
1067.0,16.716
1062.0,19.386
1060.0,21.38
1060.0,23.197
1065.0,24.721
1068.0,27.384
1059.0,30.71
2514.0,32.615
2588.0,31.97
2045.0,29.203
1425.0,27.086
1508.0,27.12
1642.0,28.031
1459.0,27.616
1075.0,26.267
1069.0,25.689
1062.0,27.313
1056.0,28.661
1050.0,28.138
1027.0,27.511
1007.0,27.597
1028.0,29.92
1040.0,33.497
1074.0,36.148
1293.0,37.336
1156.0,38.386
1043.0,40.392
1197.0,42.632
1106.0,44.929
1077.0,45.744
1067.0,45.929
1063.0,45.863
1081.0,45.709
1074.0,44.993
1063.0,45.088
1047.0,46.255
1044.0,48.944
1046.0,51.929
1045.0,54.647
1048.0,56.751
1071.0,59.286
1059.0,62.403
1051.0,66.313
1057.0,68.649
1055.0,69.502
1050.0,68.821
1050.0,68.844
1051.0,69.3
1047.0,70.129
1054.0,71.268
1054.0,71.455
1059.0,69.125
1069.0,62.927
1041.0,57.18
1033.0,56.091
1033.0,55.027
1030.0,48.569
1043.0,8.197
1054.0,9.522
1059.0,12.196
1066.0,15.067
1063.0,17.674
1060.0,19.762
1066.0,20.936
1066.0,21.814
1063.0,23.25
1061.0,25.993
2720.0,28.544
2686.0,28.274
2749.0,25.756
2224.0,23.594
1505.0,23.42
1360.0,24.469
1075.0,24.707
1064.0,23.787
1061.0,22.987
1067.0,23.351
1069.0,23.896
1067.0,23.722
1066.0,23.311
1059.0,23.842
1045.0,26.126
1005.0,29.52
990.0,31.709
1067.0,32.482
1240.0,33.28
1078.0,35.039
1121.0,38.433
1326.0,41.911
1098.0,43.505
1066.0,43.5
1060.0,43.077
1065.0,43.105
1074.0,43.273
1066.0,43.937
1056.0,46.037
1054.0,49.263
1056.0,53.251
1041.0,56.246
1055.0,58.401
1052.0,60.556
1053.0,63.765
1052.0,67.19
1036.0,68.83
1076.0,68.89
1143.0,68.894
1072.0,68.405
1052.0,69.134
1054.0,69.805
1058.0,70.835
1033.0,71.592
1030.0,68.649
1038.0,62.479
1042.0,56.99
1040.0,56.137
1047.0,55.264
1064.0,49.571
1078.0,7.333
1071.0,8.509
1065.0,11.476
1065.0,14.292
1059.0,16.769
1058.0,18.795
1063.0,19.809
1067.0,19.97
1067.0,20.762
1063.0,23.554
1674.0,25.845
1656.0,25.822
1952.0,23.578
2314.0,21.486
1936.0,21.444
1631.0,22.39
1099.0,22.696
1066.0,22.244
1085.0,21.453
1134.0,21.52
1082.0,21.316
1057.0,21.473
1042.0,21.499
1076.0,22.204
1071.0,24.251
1059.0,27.029
1039.0,28.531
1028.0,28.893
1059.0,29.537
1295.0,31.528
1193.0,35.151
1250.0,39.007
1176.0,40.73
1042.0,40.559
1051.0,40.581
1061.0,41.455
1060.0,42.373
1061.0,44.698
1057.0,47.83
1060.0,51.923
1060.0,55.523
1056.0,58.499
1051.0,60.184
1045.0,61.786
1051.0,64.118
1055.0,66.799
1052.0,68.649
1048.0,69.19
1093.0,68.649
1075.0,68.01
1060.0,68.142
1062.0,68.996
1063.0,69.764
1068.0,70.24
1073.0,67.835
1075.0,61.183
1070.0,56.334
1074.0,55.769
1068.0,54.896
1071.0,48.624
1081.0,7.608
1075.0,9.405
1062.0,11.891
1063.0,14.37
1060.0,16.404
1068.0,18.432
1066.0,19.356
1048.0,19.681
1060.0,20.323
1066.0,22.632
1685.0,24.767
1536.0,24.962
980.0,22.748
455.0,20.735
1203.0,20.579
1589.0,21.434
1794.0,22.104
1781.0,21.769
1498.0,20.966
1165.0,20.662
1039.0,20.974
1052.0,21.488
1071.0,21.748
1076.0,22.23
1059.0,24.153
1028.0,26.729
1029.0,27.867
1026.0,27.612
1027.0,27.98
1047.0,30.011
1074.0,33.5
1063.0,37.571
1039.0,39.293
1042.0,38.96
1055.0,39.245
1053.0,40.983
1029.0,43.431
995.0,46.602
1011.0,50.757
989.0,55.154
965.0,58.345
996.0,60.469
1026.0,61.738
1049.0,62.959
1063.0,64.338
1062.0,66.977
1058.0,68.649
1052.0,70.075
1059.0,69.897
1067.0,68.928
1062.0,68.463
1060.0,68.649
1061.0,69.229
1064.0,69.834
1071.0,66.398
1074.0,60.862
1068.0,56.324
1075.0,56.142
1066.0,54.919
1070.0,47.756
1079.0,8.665
1066.0,11.018
1051.0,13.288
1046.0,14.997
1031.0,16.608
1048.0,18.425
989.0,19.4
945.0,19.487
736.0,20.1
374.0,22.417
341.0,24.252
567.0,24.593
258.0,22.474
229.0,20.588
1342.0,20.431
1416.0,21.358
1766.0,21.995
1866.0,21.876
1380.0,21.239
1124.0,20.967
1080.0,21.239
1042.0,22.321
1028.0,22.781
1058.0,23.715
1067.0,25.479
1053.0,27.897
1068.0,28.806
1049.0,27.909
1042.0,27.836
1045.0,29.662
1060.0,33.252
1060.0,37.531
1059.0,39.085
1067.0,39.112
1063.0,39.292
1050.0,41.456
988.0,44.579
986.0,48.397
1012.0,53.558
1032.0,58.352
1040.0,60.495
1045.0,61.374
1057.0,62.19
1060.0,63.973
1067.0,65.446
1071.0,67.2
1069.0,69.052
1061.0,70.7
1070.0,70.68
1077.0,69.158
1069.0,68.492
1063.0,68.649
1062.0,69.754
1065.0,70.173
1078.0,66.935
1072.0,61.177
1050.0,57.054
1054.0,56.545
1044.0,55.22
1047.0,48.189
1069.0,9.398
1001.0,11.885
627.0,13.927
202.0,15.47
26.0,16.982
287.0,18.627
583.0,19.478
138.0,19.873
281.0,20.418
486.0,22.873
669.0,24.595
633.0,24.879
110.0,22.765
194.0,21.012
1512.0,20.581
2424.0,21.375
2380.0,22.112
1731.0,22.369
1802.0,21.996
2153.0,22.174
2219.0,23.029
1910.0,23.803
1559.0,24.865
1024.0,25.641
572.0,27.581
1295.0,30.234
1488.0,30.992
1102.0,30.185
1032.0,29.781
1008.0,31.105
1023.0,34.399
1043.0,38.307
1050.0,40.234
1053.0,40.107
1066.0,40.674
1062.0,43.101
1066.0,46.093
1061.0,49.999
1056.0,54.657
1055.0,59.482
1054.0,61.593
1056.0,62.23
1065.0,63.639
1072.0,65.599
1067.0,67.194
1065.0,68.188
1054.0,70.153
1016.0,70.964
1024.0,70.678
1042.0,69.728
1053.0,69.288
1039.0,70.175
1015.0,71.261
1019.0,70.945
1038.0,67.868
1025.0,62.038
973.0,58.202
862.0,57.66
558.0,55.865
391.0,49.059
644.0,9.793
208.0,12.6
31.0,14.606
9.0,16.179
4.0,17.671
4.0,19.313
1471.0,20.482
847.0,21.01
156.0,22.451
126.0,24.763
282.0,26.647
1623.0,26.768
2438.0,24.562
2306.0,22.82
1991.0,22.191
1674.0,22.446
1053.0,23.0
704.0,23.629
763.0,23.822
506.0,24.519
373.0,25.122
673.0,26.547
1025.0,27.452
1248.0,29.161
1013.0,31.479
976.0,34.219
996.0,35.732
1024.0,35.429
1052.0,34.276
1054.0,34.833
1055.0,37.17
1058.0,40.881
1064.0,42.672
1056.0,42.927
1046.0,43.759
1055.0,45.823
1046.0,49.474
1018.0,52.962
1018.0,56.735
1025.0,60.766
1008.0,62.566
1009.0,64.263
1016.0,66.072
964.0,68.649
869.0,69.678
758.0,70.365
583.0,71.46
358.0,72.414
292.0,72.054
383.0,71.022
749.0,70.59
913.0,71.88
669.0,72.726
864.0,72.236
527.0,69.837
36.0,64.512
1381.0,60.725
1741.0,59.482
410.0,57.483
105.0,50.492
106.0,10.794
168.0,13.76
1136.0,16.652
2266.0,18.719
2411.0,20.679
2113.0,22.516
1342.0,23.752
591.0,24.603
257.0,26.097
96.0,28.714
203.0,30.12
530.0,29.852
1226.0,27.854
1445.0,25.896
1057.0,25.069
1034.0,24.942
1051.0,25.047
1055.0,26.589
1049.0,27.716
1046.0,28.662
1033.0,29.295
1041.0,30.526
1052.0,31.479
1055.0,33.615
1049.0,36.382
1039.0,40.143
1007.0,42.126
1016.0,42.218
890.0,41.108
437.0,40.786
223.0,41.837
268.0,44.717
350.0,46.269
695.0,46.977
579.0,47.509
186.0,50.055
367.0,52.983
294.0,56.542
22.0,59.142
13.0,61.579
21.0,64.003
15.0,66.249
33.0,68.64
752.0,71.447
449.0,72.176
707.0,72.36
1243.0,72.446
1125.0,73.299
389.0,73.024
120.0,72.372
543.0,71.714
603.0,72.576
787.0,73.38
1110.0,73.68
1099.0,72.364
1059.0,68.356
1212.0,64.999
1308.0,63.982
717.0,61.844
1285.0,54.062
1755.0,12.597
1166.0,16.635
1063.0,20.626
1059.0,23.933
1042.0,25.979
1052.0,28.111
1061.0,29.309
1055.0,29.615
1052.0,30.562
1035.0,31.958
1043.0,32.727
1046.0,32.34
1029.0,31.251
1005.0,30.088
728.0,29.057
393.0,28.477
698.0,28.851
455.0,30.914
290.0,32.873
235.0,34.977
93.0,36.17
34.0,36.915
18.0,37.832
11.0,39.576
2369.0,42.415
1889.0,46.069
1192.0,48.343
1010.0,48.624
344.0,47.933
95.0,47.827
118.0,48.414
593.0,49.879
1089.0,50.904
1079.0,50.994
1054.0,51.962
1069.0,54.382
1087.0,57.161
1089.0,59.801
1032.0,61.044
1010.0,62.627
1051.0,64.366
1055.0,66.523
1041.0,69.428
1042.0,72.168
1049.0,73.127
1053.0,72.655
1039.0,72.427
1018.0,72.442
1019.0,73.049
976.0,72.514
605.0,71.871
122.0,72.263
375.0,73.489
204.0,73.967
30.0,72.984
27.0,71.21
22.0,69.412
1138.0,70.183
1121.0,68.649
1159.0,59.512
953.0,15.159
254.0,19.716
70.0,23.859
71.0,27.075
206.0,29.67
734.0,31.947
1053.0,33.301
1066.0,34.065
1076.0,34.367
1062.0,35.511
1066.0,35.38
1077.0,35.187
1076.0,34.633
1071.0,34.387
1061.0,33.814
1056.0,33.006
1061.0,33.244
1047.0,36.232
1040.0,39.815
948.0,43.035
758.0,44.627
658.0,45.413
263.0,45.921
46.0,47.193
9.0,49.694
1106.0,52.542
1104.0,54.536
1089.0,55.408
1000.0,54.981
282.0,54.557
49.0,55.393
34.0,56.855
33.0,56.786
32.0,56.674
136.0,57.378
582.0,60.005
995.0,62.352
1068.0,62.93
971.0,63.2
1000.0,63.965
1008.0,65.105
1001.0,67.229
964.0,69.793
811.0,72.135
668.0,72.844
280.0,72.812
223.0,72.83
104.0,72.898
2.0,72.802
992.0,72.543
975.0,72.66
985.0,72.638
1012.0,73.293
1004.0,73.672
720.0,72.528
495.0,70.801
176.0,70.642
18.0,72.632
23.0,71.445
303.0,61.427
964.0,16.687
1049.0,21.673
983.0,25.536
980.0,28.583
994.0,31.308
996.0,34.01
936.0,36.122
495.0,37.495
58.0,38.571
706.0,39.221
556.0,39.387
151.0,38.828
337.0,38.337
794.0,38.41
940.0,38.308
840.0,37.097
348.0,37.281
959.0,40.963
1001.0,45.722
992.0,49.795
1016.0,52.269
778.0,53.43
578.0,54.574
76.0,55.335
2.0,56.449
689.0,58.231
291.0,59.541
213.0,59.996
708.0,59.478
738.0,59.065
237.0,59.896
131.0,61.56
453.0,61.671
934.0,60.855
903.0,61.822
518.0,64.692
107.0,66.018
14.0,65.399
260.0,65.064
1066.0,64.479
1030.0,65.249
22.0,67.383
1.0,70.1
9.0,72.32
14.0,72.634
19.0,72.5
30.0,72.369
612.0,72.047
1039.0,71.707
866.0,72.216
1007.0,72.404
891.0,72.424
341.0,72.282
48.0,72.298
20.0,71.011
29.0,69.271
33.0,69.257
58.0,72.067
686.0,71.667
901.0,61.097
546.0,17.079
922.0,22.473
960.0,26.372
400.0,29.064
1040.0,31.809
1019.0,35.045
975.0,38.697
696.0,41.473
243.0,43.537
142.0,44.7
338.0,44.454
827.0,43.818
1054.0,43.205
1031.0,43.085
731.0,42.734
415.0,41.692
151.0,41.728
58.0,45.856
27.0,51.415
15.0,55.239
219.0,57.664
724.0,59.555
1048.0,60.91
1041.0,61.66
1055.0,62.297
1058.0,62.78
1048.0,62.942
1051.0,62.834
1053.0,61.949
1164.0,61.377
1447.0,62.097
1472.0,63.998
1242.0,63.865
1082.0,63.194
1031.0,64.342
1016.0,67.173
994.0,68.347
700.0,67.706
318.0,65.923
73.0,64.725
29.0,64.588
66.0,66.8
410.0,70.196
204.0,72.389
1192.0,72.169
1129.0,71.408
1106.0,71.248
1101.0,70.594
1217.0,70.302
1568.0,70.78
1360.0,71.778
728.0,72.377
623.0,71.657
443.0,71.267
313.0,70.263
522.0,67.939
1305.0,67.947
1632.0,71.586
1057.0,70.65
1041.0,60.023
1054.0,16.995
1039.0,23.141
933.0,27.07
644.0,29.713
180.0,32.357
45.0,35.901
94.0,40.205
183.0,44.357
180.0,47.685
337.0,49.101
63.0,48.631
1272.0,47.628
1202.0,46.511
1258.0,46.04
1179.0,45.687
980.0,44.935
779.0,45.991
685.0,50.339
558.0,55.952
620.0,59.838
469.0,61.898
434.0,63.363
584.0,64.441
87.0,64.809
215.0,64.811
1047.0,65.348
1045.0,65.384
1055.0,64.903
1058.0,63.95
1051.0,63.681
1038.0,64.452
1038.0,66.063
1049.0,65.885
1027.0,65.401
827.0,66.616
411.0,69.613
102.0,70.894
118.0,70.206
341.0,67.837
598.0,65.351
207.0,63.944
36.0,66.198
26.0,69.878
22.0,72.285
19.0,71.633
1130.0,70.875
1134.0,70.613
1230.0,69.989
845.0,69.157
715.0,69.843
725.0,71.139
503.0,71.656
471.0,71.782
502.0,71.346
324.0,70.531
172.0,68.42
142.0,68.165
718.0,71.115
1609.0,70.214
1449.0,59.403
976.0,16.741
1026.0,23.147
1027.0,28.278
979.0,31.808
995.0,34.54
1038.0,37.849
1054.0,41.865
1056.0,45.778
1049.0,49.309
1031.0,51.069
1036.0,50.272
1042.0,49.271
1038.0,47.646
1028.0,47.008
1027.0,47.054
966.0,47.489
803.0,49.373
454.0,54.319
553.0,59.772
361.0,62.882
613.0,64.678
780.0,65.955
751.0,66.73
656.0,66.567
525.0,66.656
109.0,66.91
9.0,67.011
1.0,66.519
7.0,65.627
780.0,65.314
59.0,66.518
922.0,68.309
747.0,68.618
1094.0,68.132
894.0,68.922
525.0,71.172
534.0,72.172
331.0,70.899
388.0,68.613
407.0,65.495
461.0,63.791
537.0,65.693
513.0,70.171
770.0,72.436
1210.0,71.627
1058.0,70.902
1044.0,70.62
1045.0,69.891
985.0,69.646
947.0,70.559
946.0,71.951
937.0,72.672
950.0,72.378
984.0,72.131
1043.0,71.163
1056.0,68.206
1055.0,67.347
1057.0,70.023
1063.0,68.922
1053.0,57.47
1063.0,16.236
1076.0,23.156
1074.0,30.145
1049.0,35.45
1038.0,39.008
1030.0,41.822
895.0,44.124
450.0,46.53
83.0,48.755
23.0,50.427
37.0,49.938
80.0,48.535
181.0,47.033
268.0,46.07
552.0,47.005
562.0,49.153
392.0,52.178
842.0,57.458
1302.0,62.791
1396.0,65.749
206.0,66.791
47.0,67.611
27.0,68.258
1.0,68.21
1188.0,68.194
1910.0,68.756
1938.0,68.536
1321.0,68.186
1330.0,67.37
1346.0,67.36
1182.0,68.658
1723.0,70.947
1729.0,71.231
1294.0,70.874
1061.0,71.378
1058.0,73.011
1071.0,72.551
1067.0,71.283
1071.0,68.606
1058.0,64.98
1067.0,63.281
1066.0,65.28
1063.0,69.969
1063.0,72.611
1021.0,71.606
968.0,70.73
954.0,70.303
948.0,69.974
963.0,69.871
1017.0,70.921
1048.0,72.438
1055.0,73.055
1057.0,72.906
1059.0,72.772
1069.0,71.406
1074.0,67.795
1060.0,65.54
1052.0,68.122
1059.0,66.91
1068.0,55.224
1061.0,16.426
1040.0,24.288
1026.0,31.805
1040.0,37.811
1050.0,42.146
1027.0,44.494
1014.0,46.294
1032.0,47.258
1042.0,48.41
1029.0,48.999
1016.0,48.34
975.0,47.25
823.0,45.913
806.0,45.603
817.0,46.529
727.0,48.985
599.0,53.114
179.0,59.123
151.0,64.808
94.0,67.595
129.0,68.484
634.0,69.364
1932.0,69.719
2130.0,69.565
1941.0,69.948
1714.0,70.621
1163.0,70.706
1047.0,69.315
1062.0,68.933
1056.0,69.041
1064.0,70.465
1053.0,72.173
1066.0,72.166
1066.0,71.798
1053.0,72.077
1073.0,72.784
1068.0,71.977
1070.0,69.959
1057.0,67.188
1031.0,63.94
1016.0,61.784
1038.0,63.983
1032.0,68.649
1035.0,70.938
1047.0,69.719
1026.0,69.056
965.0,68.855
956.0,67.938
990.0,68.106
1008.0,69.251
1033.0,70.27
1047.0,69.941
1049.0,68.769
1054.0,68.649
1058.0,67.572
1051.0,64.163
1055.0,61.573
1057.0,63.737
1058.0,62.518
1067.0,51.874
1069.0,17.143
1073.0,26.117
1070.0,33.391
1062.0,39.323
1068.0,43.749
1070.0,46.184
1068.0,47.414
1067.0,47.998
1073.0,48.704
1067.0,48.277
1106.0,47.485
1123.0,46.696
998.0,45.957
806.0,46.214
557.0,46.927
207.0,49.288
46.0,53.382
40.0,60.31
27.0,66.546
169.0,69.48
1479.0,70.634
1129.0,70.911
679.0,71.084
763.0,70.636
491.0,71.173
1098.0,71.911
1526.0,71.438
1325.0,70.134
1382.0,69.307
1088.0,69.895
1057.0,70.52
1078.0,70.865
1052.0,70.387
1053.0,69.387
1050.0,69.375
1269.0,69.201
1420.0,68.061
1227.0,65.493
1063.0,62.452
1056.0,58.784
1057.0,56.601
1029.0,57.804
1042.0,61.598
1067.0,63.028
1061.0,61.81
1064.0,60.667
1053.0,59.114
1002.0,57.35
959.0,57.829
959.0,58.592
965.0,16.208
1006.0,25.816
1026.0,34.015
1033.0,40.0
1043.0,43.606
1050.0,46.128
1053.0,47.684
1052.0,48.59
1051.0,49.089
1059.0,48.537
1066.0,47.29
1066.0,46.466
1066.0,46.17
1059.0,46.191
1063.0,47.632
1061.0,50.026
1060.0,54.328
1059.0,61.919
1062.0,68.549
1071.0,71.582
1073.0,72.195
1074.0,71.976
1063.0,71.288
1063.0,70.427
1071.0,70.176
1058.0,70.047
1054.0,68.773
1037.0,66.879
1028.0,66.062
1032.0,66.497
1013.0,66.728
1636.0,66.517
2033.0,64.751
2638.0,15.678
1582.0,25.38
1023.0,34.163
899.0,40.005
1802.0,43.429
1867.0,44.704
1611.0,45.772
1329.0,46.518
1248.0,47.318
1046.0,47.393
999.0,46.743
982.0,45.931
991.0,45.649
1009.0,46.442
1140.0,47.813
1194.0,50.174
1246.0,54.802
1418.0,62.465
1177.0,68.892
1060.0,71.622
1057.0,71.709
1064.0,70.649
1065.0,68.776
1061.0,66.435
1067.0,64.444
1069.0,14.97
1033.0,24.599
1015.0,32.466
1040.0,37.118
1018.0,39.639
977.0,41.018
998.0,41.406
997.0,42.981
999.0,44.868
1016.0,45.913
1021.0,45.549
1018.0,45.246
1025.0,45.5
1033.0,46.027
1049.0,46.689
1066.0,48.582
1065.0,52.416
1061.0,59.469
1058.0,65.847
1063.0,68.211
1065.0,66.735
1064.0,63.856
1066.0,13.995
1068.0,22.771
1072.0,29.633
1076.0,32.946
1068.0,34.923
1066.0,36.03
1068.0,36.747
1066.0,38.73
1067.0,41.071
1064.0,42.421
1065.0,42.832
1070.0,43.196
1066.0,43.66
1271.0,44.182
1995.0,44.199
2691.0,44.315
1790.0,46.437
427.0,52.044
1375.0,13.125
1864.0,21.554
1228.0,28.197
1313.0,31.507
1684.0,33.195
1688.0,34.025
1603.0,34.983
1221.0,36.118
994.0,36.929
1085.0,37.397
1147.0,37.655
1057.0,38.15
1071.0,39.233
1142.0,39.732
1240.0,39.05
1136.0,37.689
1067.0,12.052
1064.0,20.546
1064.0,27.027
1045.0,30.058
1044.0,31.694
1036.0,33.278
1067.0,34.588
1085.0,35.183
1074.0,35.293
1063.0,35.029
1057.0,34.552
1048.0,33.646
1042.0,32.466
1056.0,32.02
1060.0,33.473
1058.0,34.1
1063.0,34.073
1069.0,33.154
1062.0,31.622
1051.0,32.708
1032.0,10.611
1055.0,21.007
1070.0,31.79
1048.0,37.688
1045.0,39.544
1049.0,39.175
1053.0,38.505
1056.0,36.9
1056.0,35.746
1057.0,11.385
1060.0,22.457
1068.0,33.925
1064.0,40.369
1065.0,42.066
1069.0,41.898
1068.0,41.194
1072.0,40.547
1068.0,39.928
1064.0,39.753
1068.0,39.633
1071.0,38.001
1570.0,36.295
2295.0,11.662
2436.0,23.673
1328.0,35.528
1661.0,42.985
1933.0,45.073
1685.0,44.125
1154.0,43.038
1796.0,41.797
1773.0,42.196
1429.0,43.013
1193.0,44.622
1362.0,45.069
1423.0,44.704
1344.0,43.296
1756.0,41.216
1434.0,39.24
1151.0,11.987
1147.0,24.267
1090.0,36.45
1063.0,43.891
1029.0,47.029
1057.0,46.801
1146.0,44.677
1103.0,43.421
1044.0,43.44
1105.0,45.981
1353.0,49.12
1275.0,51.893
1156.0,52.194
1055.0,50.937
1056.0,48.914
1047.0,47.192
1058.0,45.539
1077.0,45.005
1076.0,12.324
1059.0,24.453
1061.0,35.94
1073.0,43.196
1063.0,46.807
1063.0,46.967
1056.0,45.623
1074.0,44.535
1064.0,46.199
1043.0,48.699
1039.0,52.129
1053.0,54.333
1057.0,54.725
1057.0,53.21
1059.0,51.699
1063.0,51.141
1061.0,50.881
1060.0,51.593
1048.0,51.637
1044.0,51.008
1038.0,49.497
1037.0,47.371
1051.0,45.827
1063.0,46.378
1066.0,46.938
1068.0,47.477
1067.0,47.865
2319.0,13.194
2284.0,24.461
1694.0,34.068
1858.0,40.87
1322.0,44.299
1466.0,45.354
1538.0,45.781
1528.0,46.297
1579.0,47.661
1138.0,49.843
1074.0,52.219
1112.0,54.413
1312.0,53.992
1702.0,52.537
1767.0,51.085
1640.0,51.021
1453.0,51.905
1414.0,52.957
1388.0,53.314
1384.0,53.319
1656.0,53.349
1838.0,52.304
1405.0,51.721
1642.0,52.577
1462.0,53.862
1387.0,54.264
1253.0,54.467
1145.0,55.008
1056.0,54.58
1026.0,53.995
1043.0,52.858
1084.0,52.283
1220.0,52.401
1236.0,52.791
1214.0,52.662
1057.0,50.578
1056.0,49.056
1066.0,47.357
1070.0,46.59
1069.0,46.292
1083.0,46.0
1077.0,14.156
1056.0,24.013
1041.0,31.493
1061.0,36.962
1058.0,39.832
1049.0,41.943
1049.0,43.651
1057.0,45.279
1052.0,46.845
1054.0,48.855
1058.0,52.001
1043.0,54.044
1045.0,53.683
1053.0,51.826
1060.0,50.142
1061.0,49.974
1060.0,51.207
1058.0,51.909
1063.0,52.386
1059.0,53.051
2156.0,53.505
2126.0,52.955
1511.0,52.848
1348.0,54.012
1149.0,54.967
1171.0,55.562
1067.0,56.029
1180.0,56.953
1471.0,56.873
1186.0,56.618
1204.0,56.079
1433.0,56.021
1571.0,56.414
1663.0,56.732
1987.0,56.607
1876.0,56.642
1515.0,55.859
1491.0,54.919
1762.0,54.284
1810.0,53.828
1242.0,53.156
1783.0,52.673
1496.0,52.388
1115.0,52.752
1047.0,51.654
1047.0,50.429
1055.0,49.431
1043.0,49.162
1051.0,48.35
1084.0,46.392
1170.0,43.971
1246.0,43.604
1283.0,40.835
1087.0,32.66
1057.0,14.156
1062.0,21.937
1067.0,27.902
1064.0,31.667
1062.0,34.165
1056.0,36.628
1078.0,39.724
1063.0,42.289
1060.0,44.394
1069.0,47.761
1071.0,51.325
1066.0,53.611
1049.0,53.419
1054.0,51.248
1055.0,49.85
1059.0,49.376
1055.0,49.266
1045.0,49.772
1050.0,50.424
1053.0,51.578
1048.0,52.274
1045.0,52.283
1058.0,52.109
1067.0,53.016
1070.0,54.136
1054.0,55.167
1037.0,55.377
1033.0,56.186
1048.0,56.389
1249.0,56.076
1259.0,55.837
1101.0,55.986
1293.0,56.424
1605.0,56.933
1902.0,57.266
2029.0,57.859
2036.0,58.16
1473.0,58.1
1180.0,57.456
1565.0,57.38
1318.0,57.276
1090.0,57.204
1669.0,56.533
1786.0,56.212
1503.0,56.098
1708.0,55.167
1230.0,54.919
1617.0,55.178
1796.0,54.919
1445.0,53.757
1249.0,53.353
1071.0,52.211
1062.0,50.203
1068.0,49.417
1054.0,50.766
1116.0,52.236
1330.0,53.42
1173.0,54.863
1204.0,52.373
1258.0,42.658
1107.0,12.988
1062.0,18.729
1068.0,22.965
1073.0,25.875
1072.0,27.926
1066.0,30.857
1071.0,34.713
1072.0,37.989
1072.0,41.085
1056.0,44.211
1061.0,48.638
1060.0,51.246
1053.0,50.623
1042.0,48.6
1037.0,47.081
1037.0,46.431
1050.0,45.392
1052.0,45.771
1040.0,47.256
1044.0,49.15
1051.0,51.038
1046.0,51.286
1042.0,51.152
1048.0,51.874
1047.0,52.897
1106.0,53.627
1110.0,54.317
1040.0,55.086
1011.0,55.528
1006.0,55.494
1088.0,54.941
1586.0,55.113
1515.0,55.481
1418.0,56.331
1766.0,56.679
1590.0,57.21
1440.0,57.709
1483.0,58.222
1480.0,57.824
1185.0,57.701
1062.0,58.042
1082.0,57.975
1061.0,57.691
1070.0,57.495
1098.0,57.314
1128.0,57.034
1137.0,57.562
1416.0,57.631
1939.0,57.402
1498.0,56.574
1443.0,56.739
1406.0,56.548
1411.0,55.27
1420.0,54.919
1495.0,56.133
1474.0,56.759
1197.0,57.549
1243.0,59.172
1538.0,57.045
1384.0,47.2
1451.0,11.953
1477.0,16.508
1452.0,19.716
1281.0,21.472
1192.0,23.491
1120.0,25.996
1328.0,29.753
1258.0,33.234
1105.0,36.549
1070.0,40.056
1068.0,44.085
1074.0,46.696
1060.0,45.956
1048.0,44.193
1048.0,43.792
1057.0,43.041
1046.0,41.636
1056.0,41.348
1051.0,42.811
1046.0,45.511
1042.0,48.039
1050.0,49.252
1044.0,49.386
1040.0,49.953
1041.0,50.712
1054.0,51.615
1109.0,52.569
1061.0,53.459
1032.0,53.738
1032.0,53.529
1019.0,53.588
1012.0,53.656
1004.0,54.064
1009.0,54.873
1025.0,55.168
1051.0,55.781
1033.0,56.242
1041.0,56.568
1051.0,56.479
1038.0,56.604
1062.0,56.961
1073.0,57.234
1102.0,56.649
1122.0,56.915
1122.0,57.209
1115.0,57.618
1107.0,58.395
1096.0,58.633
1174.0,58.308
1722.0,57.471
1630.0,57.996
1343.0,58.431
1327.0,57.599
1350.0,56.993
1395.0,57.747
1420.0,58.117
1467.0,58.739
1415.0,60.479
1107.0,58.848
1293.0,48.993
1468.0,11.61
1197.0,15.35
1209.0,17.924
1271.0,19.395
1271.0,20.86
1252.0,23.056
1393.0,25.991
1154.0,29.266
1103.0,32.459
1127.0,36.302
1141.0,40.301
1041.0,41.645
1057.0,40.302
1069.0,38.941
1052.0,39.541
1043.0,39.241
1056.0,38.063
1059.0,37.326
1059.0,38.232
1063.0,41.113
1049.0,44.231
1044.0,46.067
1060.0,46.281
1069.0,46.824
1060.0,47.584
1059.0,48.97
1060.0,50.15
1067.0,51.552
1090.0,51.949
1023.0,51.815
1015.0,51.756
1032.0,51.913
1034.0,52.981
1002.0,53.667
998.0,54.118
992.0,54.471
1022.0,54.82
1038.0,54.852
1045.0,54.584
1027.0,54.699
1024.0,55.495
1044.0,55.808
1073.0,55.965
1101.0,55.685
1124.0,56.354
1127.0,57.711
1135.0,59.064
1128.0,59.45
1102.0,59.145
1390.0,58.685
1895.0,59.51
1971.0,60.053
1705.0,59.845
1431.0,59.013
1339.0,59.902
1228.0,58.86
1191.0,59.001
1321.0,60.792
1395.0,59.228
1116.0,49.226
1174.0,11.702
1413.0,15.293
1252.0,17.629
1235.0,19.059
1253.0,20.287
1230.0,21.711
1220.0,24.287
1449.0,27.387
1216.0,30.457
1147.0,34.146
1439.0,37.5
1376.0,38.001
1546.0,35.574
1379.0,33.942
1206.0,35.088
1120.0,35.469
1052.0,34.314
1055.0,33.477
1049.0,33.701
1049.0,36.786
1033.0,39.793
1048.0,41.711
1065.0,41.986
1094.0,42.087
1093.0,43.219
1099.0,45.42
1092.0,47.257
1098.0,48.587
1132.0,48.782
1100.0,48.974
1025.0,49.069
1019.0,49.991
1031.0,50.839
1037.0,51.911
1031.0,52.366
1014.0,52.679
1018.0,53.023
1013.0,52.599
1026.0,52.405
1031.0,52.631
1032.0,53.582
1035.0,54.519
1034.0,54.74
1059.0,54.312
1080.0,55.189
1090.0,56.891
1119.0,59.333
1103.0,60.282
1140.0,60.01
1116.0,60.217
1124.0,61.561
1416.0,62.666
1808.0,62.506
1719.0,62.263
1371.0,62.018
1234.0,60.274
1251.0,58.967
1272.0,60.372
1365.0,58.796
1541.0,49.222
1169.0,12.582
1214.0,15.642
1436.0,17.956
1229.0,19.382
1254.0,21.052
1294.0,22.224
1235.0,23.881
1214.0,26.235
1428.0,29.116
1192.0,32.635
1171.0,35.502
1517.0,35.349
1452.0,32.023
1673.0,30.126
1429.0,30.08
1184.0,30.295
1094.0,29.854
1044.0,28.652
1052.0,29.037
1041.0,31.739
1036.0,34.547
1057.0,36.056
1163.0,36.051
1159.0,36.397
1131.0,38.015
1130.0,40.953
1128.0,43.38
1131.0,44.543
1136.0,44.549
1093.0,44.732
659.0,45.434
1040.0,46.775
1031.0,48.144
1028.0,49.317
1029.0,50.032
1015.0,50.469
1015.0,50.413
1024.0,50.315
1020.0,50.206
1030.0,51.038
1026.0,52.314
1020.0,52.987
1027.0,53.185
1036.0,52.906
1055.0,54.249
1082.0,56.394
1085.0,59.318
1095.0,60.991
1106.0,61.016
1098.0,62.428
1082.0,63.742
1089.0,64.983
1203.0,65.809
1819.0,65.797
1747.0,64.924
1404.0,61.965
1292.0,58.689
1364.0,59.077
1449.0,57.671
1428.0,48.673
1470.0,12.705
1147.0,15.17
1506.0,17.444
1398.0,19.447
1224.0,21.184
1228.0,22.429
1204.0,23.779
1220.0,25.546
1271.0,28.218
1378.0,31.283
1136.0,34.155
1172.0,33.41
1353.0,29.808
1377.0,26.817
1587.0,26.235
1299.0,26.571
1132.0,26.393
1066.0,25.689
1041.0,25.689
1035.0,27.959
1042.0,30.192
1047.0,30.948
1059.0,30.378
1085.0,30.656
1109.0,32.851
1138.0,36.57
1129.0,39.002
1105.0,40.023
1111.0,40.19
853.0,40.604
202.0,41.512
53.0,43.418
1032.0,44.494
1028.0,45.496
1020.0,46.166
1019.0,47.094
1022.0,46.943
1037.0,46.718
1063.0,47.33
1059.0,48.601
1034.0,50.305
1042.0,51.281
1044.0,51.083
1083.0,51.436
1067.0,53.118
1088.0,56.077
1094.0,59.402
1082.0,61.693
1077.0,62.677
1100.0,64.13
1095.0,66.391
1085.0,67.47
1134.0,68.165
1752.0,67.953
2090.0,67.181
1594.0,62.836
1454.0,58.511
1460.0,57.64
1537.0,55.84
1497.0,48.016
1391.0,11.187
1359.0,12.975
1366.0,15.019
1234.0,17.091
1183.0,18.746
1206.0,20.29
1269.0,21.748
1311.0,23.655
1265.0,26.476
1170.0,29.704
1114.0,31.826
1118.0,30.999
1085.0,27.341
1079.0,24.481
1061.0,23.794
1046.0,24.73
1056.0,24.821
1057.0,23.981
1053.0,23.797
1037.0,25.28
1041.0,26.528
1050.0,26.333
1040.0,25.386
1073.0,25.835
1198.0,28.234
1143.0,31.536
1104.0,33.682
1121.0,34.801
1115.0,35.063
1103.0,36.161
1080.0,37.477
777.0,39.512
248.0,39.748
1035.0,39.507
1034.0,40.382
1020.0,41.547
1004.0,42.287
1078.0,42.72
1491.0,43.938
1638.0,45.765
1616.0,47.103
1756.0,47.789
1913.0,47.65
2123.0,48.332
2104.0,51.228
1945.0,55.205
1959.0,58.956
1429.0,61.633
1054.0,63.288
1066.0,64.949
1282.0,67.11
1928.0,68.506
1862.0,68.83
1698.0,68.976
1513.0,66.687
1813.0,62.273
1370.0,57.252
1192.0,56.194
1367.0,54.929
1820.0,48.236
1158.0,9.421
1026.0,10.835
1054.0,12.852
1135.0,15.072
1153.0,16.758
1144.0,18.213
1265.0,19.77
1158.0,21.219
1080.0,23.646
1069.0,26.606
1045.0,28.705
1045.0,27.916
1075.0,24.72
1069.0,22.351
1062.0,22.491
1048.0,23.76
1034.0,24.051
1040.0,23.088
1043.0,22.066
1041.0,22.791
1023.0,22.983
1027.0,22.133
1043.0,21.601
1032.0,22.363
1024.0,24.664
1029.0,27.013
1040.0,28.568
1056.0,29.21
1074.0,29.856
1097.0,31.301
1124.0,33.121
1136.0,35.019
1113.0,34.566
1144.0,33.322
1038.0,34.076
1032.0,35.667
1008.0,37.458
1067.0,38.932
1496.0,40.751
1188.0,42.858
1027.0,44.391
1124.0,44.85
1644.0,45.07
2037.0,46.498
2041.0,49.991
1605.0,54.661
1143.0,58.479
1174.0,61.133
1292.0,62.969
1463.0,64.634
1619.0,67.417
1755.0,68.649
1272.0,69.377
1341.0,69.045
1516.0,66.38
1572.0,61.263
1471.0,56.643
1418.0,55.446
1277.0,54.707
1435.0,49.404
1166.0,8.185
1060.0,9.262
1040.0,11.707
1031.0,14.245
1046.0,16.163
1053.0,17.581
1067.0,18.545
1107.0,19.011
1062.0,19.99
1056.0,22.595
1057.0,24.828
1055.0,24.644
1061.0,22.288
1056.0,20.499
1053.0,20.812
1052.0,22.461
1038.0,22.954
1034.0,22.275
1031.0,20.97
1046.0,20.45
1053.0,20.04
1042.0,19.471
1037.0,19.262
1043.0,20.524
1008.0,22.297
978.0,24.404
1035.0,25.423
1051.0,25.98
1066.0,26.487
1062.0,27.855
1053.0,29.544
1065.0,31.217
1104.0,30.91
1178.0,29.994
1116.0,29.983
1033.0,31.92
1039.0,33.655
1123.0,35.606
1606.0,37.885
1526.0,40.755
1122.0,42.535
1152.0,44.263
1215.0,45.344
1068.0,46.911
1222.0,50.332
1397.0,54.943
1089.0,58.525
1226.0,60.963
1423.0,62.545
1520.0,64.365
1612.0,66.148
1876.0,67.802
1612.0,68.48
1372.0,68.649
1207.0,65.764
1188.0,60.761
1367.0,55.873
1603.0,55.702
1537.0,54.841
1625.0,50.152
1221.0,8.038
1050.0,9.24
1143.0,11.844
1039.0,14.24
1006.0,16.072
1018.0,17.571
1026.0,18.005
1164.0,17.752
1272.0,18.286
1173.0,20.318
1042.0,22.603
1048.0,22.584
1053.0,20.823
1048.0,19.384
1055.0,19.579
1051.0,21.022
1044.0,21.951
1032.0,21.365
1033.0,20.478
1028.0,19.64
1022.0,18.941
1030.0,18.393
1028.0,18.317
1040.0,19.636
1045.0,21.489
1041.0,23.336
1025.0,23.999
1042.0,24.581
1050.0,24.863
1061.0,25.846
1098.0,27.413
1166.0,28.506
1172.0,28.547
1166.0,28.319
1051.0,28.949
1042.0,30.767
1078.0,31.913
1190.0,33.263
1784.0,35.948
2210.0,39.311
1711.0,42.496
1409.0,45.16
1212.0,46.867
1264.0,48.744
1407.0,51.62
1250.0,55.372
1039.0,58.956
1007.0,61.441
1041.0,63.088
1116.0,63.746
1490.0,64.229
1820.0,65.487
1738.0,66.76
1459.0,67.431
1667.0,64.95
1628.0,60.374
1272.0,56.047
1198.0,55.652
1361.0,54.983
1779.0,49.478
1540.0,8.934
1063.0,10.547
1198.0,12.996
1464.0,14.726
1155.0,16.287
1010.0,17.489
1028.0,17.903
1059.0,17.651
1092.0,17.705
1079.0,19.738
1076.0,21.821
1060.0,21.926
1048.0,20.408
1053.0,18.867
1049.0,19.248
1052.0,20.549
1062.0,21.259
1063.0,21.05
1041.0,20.126
1041.0,19.572
1054.0,19.032
1059.0,18.682
1059.0,18.749
1053.0,19.956
1059.0,21.633
1055.0,23.433
1040.0,24.27
1037.0,24.339
1047.0,24.735
1059.0,25.749
1061.0,26.82
1053.0,28.032
1047.0,28.491
1031.0,28.969
991.0,29.959
967.0,31.346
1008.0,31.971
1392.0,33.141
2203.0,35.789
2302.0,40.082
1748.0,43.51
1255.0,46.993
1129.0,49.173
1174.0,51.942
1175.0,54.03
1489.0,57.158
1730.0,60.592
1320.0,63.466
1431.0,64.165
1489.0,63.976
1096.0,62.922
1497.0,63.725
1530.0,65.182
1148.0,66.023
1073.0,64.31
1074.0,59.707
1093.0,56.192
1047.0,56.108
1045.0,55.333
1081.0,49.758
1067.0,9.2
1067.0,11.267
1220.0,13.337
1240.0,15.088
1146.0,16.174
1054.0,17.496
1051.0,18.065
1061.0,17.51
1079.0,17.783
1072.0,19.525
1054.0,21.351
1060.0,21.742
1062.0,20.365
1058.0,18.968
1066.0,19.39
1057.0,20.516
1058.0,21.173
1054.0,21.128
1044.0,20.057
1046.0,19.543
1051.0,19.296
1055.0,19.525
1053.0,19.832
1044.0,20.74
1059.0,22.346
1069.0,24.406
1054.0,25.26
1058.0,25.11
1057.0,25.214
1053.0,26.258
1048.0,27.801
1021.0,29.381
1027.0,30.126
1039.0,30.5
1054.0,31.332
1056.0,32.502
1054.0,33.699
1328.0,35.313
2093.0,38.76
2303.0,43.06
1964.0,46.161
1872.0,49.056
1612.0,51.637
1088.0,54.362
1104.0,56.697
1137.0,59.523
1881.0,62.806
1896.0,65.727
1680.0,66.085
1116.0,64.525
998.0,62.737
1002.0,63.337
1069.0,65.07
1069.0,65.451
1150.0,64.141
1427.0,59.913
1624.0,56.898
1571.0,56.542
1110.0,55.698
1065.0,50.06
1061.0,9.106
1057.0,11.334
1069.0,13.308
1087.0,14.668
1073.0,16.061
1066.0,17.477
1065.0,18.225
1050.0,17.864
1035.0,18.2
1044.0,19.828
1049.0,21.549
1100.0,21.8
1172.0,20.573
1059.0,19.498
1053.0,19.47
1053.0,20.542
1040.0,21.125
1046.0,21.324
1051.0,20.587
1055.0,20.277
1052.0,20.304
1055.0,21.019
1061.0,21.435
1059.0,22.082
1066.0,23.891
1060.0,26.463
1052.0,27.326
1049.0,26.727
1042.0,26.474
1038.0,27.545
1049.0,29.543
1064.0,31.781
1061.0,32.837
1059.0,32.845
1062.0,33.257
1062.0,34.429
1060.0,36.548
2365.0,39.297
1299.0,42.763
1818.0,46.81
2659.0,49.434
2338.0,51.131
1672.0,53.905
1125.0,56.853
1091.0,59.183
1201.0,61.914
1696.0,64.989
1433.0,67.532
1292.0,67.163
1174.0,64.801
1021.0,63.793
1024.0,64.587
1045.0,66.323
1046.0,66.923
1046.0,64.989
1198.0,60.491
1446.0,57.271
1379.0,57.102
1203.0,56.55
1043.0,51.111
1055.0,9.116
1049.0,11.359
1050.0,13.316
1071.0,14.568
1072.0,16.051
1069.0,17.544
1058.0,18.604
1047.0,18.953
1056.0,19.528
1057.0,21.522
1062.0,23.105
1064.0,23.068
1087.0,21.584
1105.0,20.454
1059.0,20.385
1030.0,20.982
1072.0,21.462
1055.0,21.986
1052.0,21.736
1055.0,21.573
1072.0,21.669
1055.0,22.55
1060.0,23.359
1058.0,24.387
1054.0,26.597
1048.0,30.054
1053.0,31.479
1058.0,30.698
1061.0,30.156
1057.0,30.801
1060.0,33.077
1065.0,35.67
1065.0,36.782
1066.0,36.477
1067.0,36.668
1067.0,38.637
1066.0,40.721
1063.0,44.001
2218.0,47.158
1465.0,50.223
1942.0,52.019
2780.0,53.512
2358.0,56.595
1724.0,60.232
1116.0,62.883
1093.0,64.891
1357.0,67.089
1445.0,68.649
1238.0,68.092
1273.0,66.119
1131.0,65.408
1034.0,66.572
1054.0,68.048
1044.0,68.649
1043.0,66.584
1043.0,62.432
1093.0,59.284
1323.0,58.825
1189.0,57.75
1110.0,52.084
1089.0,9.56
1034.0,12.007
1014.0,14.468
1048.0,16.146
1063.0,17.826
1050.0,19.64
1051.0,20.811
1053.0,21.432
1052.0,22.748
1055.0,24.873
1048.0,26.082
1052.0,25.98
1051.0,24.045
1059.0,22.788
1053.0,21.972
1074.0,22.347
1172.0,22.747
1143.0,23.695
1079.0,24.089
1059.0,23.763
1055.0,24.029
1062.0,25.291
1062.0,26.191
1069.0,28.08
1073.0,31.136
1071.0,36.087
1073.0,38.674
1072.0,38.276
1072.0,37.21
1076.0,37.261
1065.0,38.738
1069.0,41.136
1067.0,42.252
1061.0,42.209
1059.0,42.42
1065.0,44.609
1061.0,47.326
1066.0,50.31
1066.0,52.115
2591.0,53.228
1745.0,54.599
1251.0,56.774
1043.0,60.421
1236.0,64.555
1580.0,66.762
567.0,67.588
710.0,68.649
1250.0,69.49
1522.0,69.547
1428.0,68.649
1476.0,68.004
1384.0,68.649
1509.0,69.96
1135.0,70.763
1071.0,69.794
1043.0,66.219
1052.0,63.684
1046.0,63.051
1038.0,61.565
1058.0,54.698
1072.0,10.687
1064.0,14.161
1028.0,17.772
996.0,20.443
1014.0,22.746
1040.0,24.522
1045.0,25.236
1043.0,25.651
1047.0,26.633
1046.0,28.002
1039.0,28.72
1017.0,28.509
1033.0,27.18
1032.0,25.687
1047.0,24.964
1060.0,24.82
1059.0,25.457
1062.0,26.911
1073.0,27.818
1068.0,28.06
1065.0,28.734
1060.0,29.677
1062.0,30.944
1061.0,33.4
1066.0,37.42
1074.0,43.02
1071.0,46.297
1067.0,46.721
1064.0,45.965
1068.0,45.327
1074.0,46.065
1062.0,47.562
1049.0,48.04
1046.0,47.866
1047.0,48.51
1069.0,51.057
1047.0,53.532
1010.0,55.182
967.0,55.573
754.0,55.305
1891.0,56.701
874.0,58.898
325.0,62.834
746.0,66.658
1635.0,68.649
1915.0,68.75
1818.0,69.102
1789.0,69.169
1638.0,69.729
1717.0,69.471
1804.0,69.276
1293.0,69.979
1069.0,71.188
1025.0,72.193
1073.0,71.809
1094.0,69.508
1073.0,68.649
1051.0,69.914
1053.0,68.649
1058.0,59.63
1058.0,12.477
1062.0,16.898
1063.0,20.885
1061.0,23.865
1056.0,26.383
1007.0,28.345
969.0,29.291
982.0,29.273
1001.0,29.34
996.0,29.836
1020.0,30.283
1051.0,29.995
1060.0,29.467
1069.0,28.488
1055.0,28.007
1065.0,28.168
1063.0,28.728
1061.0,30.598
1073.0,32.57
1071.0,34.164
1064.0,35.339
1057.0,36.592
1057.0,38.17
1065.0,40.881
1080.0,45.161
1073.0,49.989
1062.0,53.301
1044.0,54.309
1053.0,53.607
1053.0,53.014
1062.0,53.141
1049.0,54.048
669.0,53.961
194.0,53.449
51.0,54.119
56.0,56.291
95.0,58.281
151.0,59.083
301.0,58.278
111.0,57.865
439.0,58.462
955.0,60.936
1172.0,64.046
1701.0,67.857
1940.0,69.982
1782.0,70.403
1716.0,70.27
1121.0,69.541
1019.0,70.196
508.0,70.568
161.0,70.785
245.0,71.478
199.0,72.328
481.0,73.059
527.0,72.312
1415.0,70.715
1416.0,70.79
1091.0,73.256
1045.0,72.008
1056.0,61.343
1054.0,14.344
1057.0,19.229
1021.0,22.353
975.0,24.532
949.0,26.983
965.0,29.003
1016.0,30.758
1051.0,31.266
1050.0,31.263
1063.0,31.255
1069.0,31.29
1064.0,31.266
1063.0,31.448
1068.0,31.839
1070.0,31.929
1076.0,31.765
1063.0,32.261
1043.0,34.554
1049.0,37.771
1049.0,41.121
1026.0,43.283
1018.0,45.213
1002.0,47.513
1038.0,50.486
1065.0,53.398
1056.0,56.561
1019.0,58.461
997.0,59.187
1005.0,58.153
538.0,57.286
153.0,57.666
599.0,59.185
298.0,58.714
129.0,58.137
127.0,58.866
57.0,61.564
23.0,63.012
19.0,62.849
11.0,61.995
1.0,61.039
683.0,61.492
1257.0,63.504
1212.0,66.535
1204.0,70.078
924.0,71.682
651.0,72.48
850.0,71.852
766.0,70.89
356.0,70.633
109.0,70.921
102.0,71.748
189.0,72.659
419.0,73.012
683.0,73.423
559.0,72.273
383.0,70.327
1014.0,69.893
1710.0,72.447
1121.0,70.824
1022.0,60.056
983.0,14.902
954.0,19.497
957.0,22.051
1001.0,23.355
1038.0,25.15
1060.0,28.005
1059.0,30.917
1052.0,32.772
1041.0,33.515
1054.0,33.794
1051.0,33.398
1033.0,33.271
1023.0,33.991
1018.0,35.372
1037.0,36.554
1035.0,35.741
987.0,35.462
609.0,38.435
293.0,43.095
190.0,46.984
121.0,50.431
38.0,53.388
46.0,56.072
119.0,58.32
220.0,59.853
595.0,60.96
376.0,61.814
266.0,61.591
496.0,60.713
123.0,59.486
17.0,60.491
1481.0,61.919
1361.0,61.812
1013.0,60.999
843.0,61.784
1108.0,64.927
1234.0,66.459
1101.0,66.368
699.0,65.244
455.0,63.655
498.0,63.153
1098.0,65.416
1394.0,68.649
1076.0,71.318
669.0,72.44
379.0,72.804
331.0,72.746
373.0,71.595
1586.0,70.851
1328.0,70.869
1042.0,71.673
1042.0,72.639
1064.0,72.685
1055.0,73.0
1050.0,72.381
1035.0,69.939
1033.0,68.627
1044.0,71.088
1057.0,69.562
1048.0,57.87
1021.0,14.436
1022.0,18.563
1024.0,20.962
960.0,22.069
631.0,24.147
237.0,27.052
62.0,30.711
107.0,33.967
267.0,36.102
510.0,36.858
605.0,36.953
804.0,36.263
749.0,36.514
594.0,37.744
314.0,39.073
85.0,38.956
32.0,38.858
12.0,42.304
218.0,47.923
137.0,52.456
20.0,55.653
1127.0,58.65
1846.0,60.943
1862.0,62.692
1330.0,63.576
1109.0,63.684
1067.0,63.94
1229.0,63.782
1650.0,62.769
1650.0,61.784
1538.0,62.638
1141.0,64.646
602.0,64.76
218.0,63.963
227.0,65.086
1193.0,67.82
2089.0,69.205
1823.0,69.524
1121.0,67.743
1053.0,65.208
1042.0,64.458
1029.0,66.246
1044.0,69.828
1052.0,72.207
1060.0,72.559
1069.0,72.79
1057.0,72.612
1035.0,71.302
1040.0,70.997
1033.0,71.022
1018.0,71.809
705.0,72.487
486.0,72.75
792.0,73.065
832.0,72.147
282.0,70.177
150.0,68.738
190.0,70.681
25.0,68.853
1816.0,57.402
2121.0,13.635
2075.0,17.67
1356.0,20.478
1057.0,22.719
1053.0,24.81
1065.0,27.896
1141.0,31.599
1139.0,35.302
1126.0,38.488
1090.0,40.455
1347.0,40.371
1679.0,39.568
1719.0,39.079
1705.0,39.1
1168.0,40.25
1045.0,40.705
1034.0,41.787
1047.0,46.653
1044.0,52.976
1045.0,57.049
1053.0,59.898
1048.0,62.053
1029.0,64.068
1039.0,65.174
1006.0,65.548
755.0,66.043
345.0,66.167
199.0,65.984
610.0,65.122
351.0,64.245
73.0,65.629
17.0,67.816
1221.0,68.055
1224.0,67.712
1121.0,68.203
1101.0,70.505
1121.0,71.625
1076.0,71.262
1053.0,69.111
1057.0,65.981
1068.0,64.422
1059.0,66.352
1052.0,70.096
1057.0,72.358
1066.0,72.166
1060.0,72.102
1054.0,72.061
1047.0,70.743
1070.0,70.473
1048.0,71.035
1045.0,71.795
1039.0,72.272
1028.0,72.746
1029.0,73.635
768.0,73.253
272.0,71.121
22.0,69.539
74.0,70.515
168.0,68.77
4.0,57.823
1088.0,12.57
1086.0,17.294
1073.0,21.384
1060.0,24.928
743.0,27.996
125.0,30.456
58.0,33.93
60.0,37.399
46.0,40.588
111.0,42.131
216.0,42.092
648.0,41.172
1041.0,40.664
975.0,40.501
887.0,41.018
977.0,41.89
1008.0,44.0
936.0,49.998
343.0,56.818
162.0,61.052
97.0,62.986
466.0,64.594
417.0,66.077
77.0,67.29
6.0,67.537
998.0,68.488
1038.0,68.739
965.0,68.429
941.0,67.879
496.0,67.52
47.0,68.668
29.0,70.744
26.0,70.949
25.0,70.535
29.0,71.234
373.0,72.672
958.0,72.835
1059.0,72.042
1013.0,69.21
988.0,66.03
991.0,63.965
959.0,65.828
443.0,69.91
35.0,72.072
121.0,71.457
34.0,71.02
974.0,71.065
892.0,70.113
477.0,70.031
104.0,70.95
22.0,71.816
17.0,72.405
31.0,72.777
3.0,73.549
1034.0,73.737
998.0,71.434
983.0,69.741
1028.0,70.854
915.0,69.032
807.0,57.846
593.0,12.591
71.0,18.128
151.0,23.797
379.0,28.941
322.0,32.715
137.0,35.35
64.0,37.852
995.0,40.377
565.0,42.3
312.0,43.233
395.0,42.853
36.0,42.004
7.0,42.008
120.0,41.982
953.0,42.631
1036.0,43.498
69.0,46.446
12.0,53.247
23.0,60.128
28.0,64.523
36.0,65.676
333.0,66.997
947.0,67.894
675.0,68.633
517.0,69.384
657.0,70.219
929.0,70.915
809.0,70.431
298.0,69.971
73.0,70.049
43.0,71.088
302.0,72.789
951.0,72.745
698.0,71.916
128.0,72.226
245.0,73.256
175.0,72.742
31.0,71.127
1062.0,68.422
1046.0,64.805
1012.0,62.613
1017.0,64.43
1042.0,68.649
947.0,70.576
901.0,69.344
1040.0,68.684
1078.0,68.649
1031.0,67.71
956.0,67.852
734.0,68.832
293.0,69.456
63.0,69.292
16.0,69.65
15.0,71.054
68.0,71.682
70.0,69.996
1617.0,68.706
1028.0,70.351
992.0,68.649
1031.0,57.069
1039.0,12.614
1122.0,18.905
1395.0,25.538
1574.0,32.334
1991.0,36.987
2085.0,39.989
1675.0,41.989
1161.0,43.706
1059.0,44.69
1049.0,45.004
982.0,44.199
486.0,43.765
58.0,43.996
27.0,43.77
6.0,44.778
14.0,45.73
113.0,49.367
532.0,56.55
968.0,63.343
996.0,67.126
1484.0,68.489
1591.0,68.98
1306.0,69.33
685.0,69.487
546.0,69.99
560.0,70.731
511.0,70.773
537.0,69.5
716.0,68.859
1081.0,69.364
2022.0,70.568
1350.0,71.911
1053.0,71.764
1053.0,70.15
1049.0,69.521
1049.0,69.61
969.0,68.346
488.0,66.234
35.0,63.489
36.0,59.908
41.0,57.47
150.0,59.057
568.0,62.582
335.0,63.71
19.0,61.64
19.0,60.368
19.0,59.984
562.0,59.621
763.0,61.713
764.0,64.618
571.0,63.92
295.0,63.049
391.0,64.479
651.0,62.582
432.0,51.927
502.0,12.17
545.0,19.415
318.0,27.361
374.0,35.08
869.0,39.895
1261.0,42.645
1102.0,44.53
1035.0,45.851
1053.0,46.732
1052.0,46.258
1051.0,44.863
1044.0,44.834
1042.0,44.868
1052.0,45.305
973.0,46.129
611.0,48.151
255.0,51.88
58.0,58.737
44.0,65.313
34.0,68.915
115.0,69.805
356.0,69.992
61.0,69.458
94.0,68.648
75.0,67.89
42.0,67.848
363.0,66.341
342.0,64.429
559.0,63.401
560.0,64.055
362.0,65.584
122.0,66.381
118.0,64.927
510.0,12.375
524.0,20.66
637.0,29.457
719.0,36.869
817.0,41.035
306.0,43.517
309.0,44.539
1229.0,45.485
1002.0,46.394
1014.0,45.666
1055.0,44.802
1047.0,44.46
1023.0,44.94
1036.0,45.562
1050.0,46.702
1053.0,48.633
1044.0,52.472
1036.0,59.028
1035.0,65.291
1052.0,68.649
1038.0,68.648
1005.0,67.274
885.0,65.248
771.0,62.568
879.0,12.96
707.0,21.87
269.0,30.214
427.0,36.439
369.0,39.996
502.0,41.129
563.0,41.814
289.0,42.8
166.0,44.11
233.0,44.983
21.0,44.333
116.0,44.052
61.0,44.591
33.0,45.41
7.0,46.176
19.0,47.229
2.0,49.849
498.0,55.876
645.0,60.86
630.0,62.745
833.0,61.61
538.0,12.879
113.0,21.421
222.0,28.815
591.0,33.072
773.0,35.155
904.0,36.192
948.0,37.091
1460.0,38.522
1359.0,41.304
1077.0,42.501
971.0,42.875
1025.0,42.798
1030.0,43.726
1035.0,44.262
1061.0,44.015
1049.0,43.582
1017.0,44.022
980.0,47.683
983.0,12.303
1001.0,20.932
1025.0,27.874
1055.0,31.711
1059.0,33.34
1059.0,34.255
1058.0,34.612
1066.0,35.768
1074.0,36.813
1085.0,37.378
1034.0,37.233
1031.0,38.228
1048.0,39.539
883.0,40.111
362.0,38.962
33.0,37.03
13.0,11.328
14.0,19.898
20.0,27.54
24.0,31.29
152.0,32.876
212.0,33.727
491.0,34.143
724.0,34.41
603.0,34.267
443.0,33.179
488.0,32.523
141.0,31.788
101.0,31.203
32.0,10.546
3.0,32.671
1223.0,33.313
872.0,33.71
735.0,33.533
536.0,30.814
462.0,8.069
934.0,18.427
834.0,29.411
480.0,35.659
1523.0,37.544
1628.0,36.422
1372.0,35.371
1194.0,34.699
1070.0,33.13
1035.0,8.662
1044.0,19.857
1061.0,32.008
1046.0,39.497
1001.0,41.528
977.0,40.9
995.0,40.109
989.0,39.295
958.0,39.103
966.0,38.802
988.0,37.408
1009.0,35.836
1014.0,9.279
989.0,20.738
961.0,33.324
968.0,41.275
993.0,44.025
1034.0,43.539
1061.0,42.23
1059.0,40.972
1060.0,41.138
1057.0,42.37
1067.0,43.45
1065.0,43.593
1047.0,42.766
1055.0,40.52
1074.0,38.359
1086.0,9.289
1049.0,20.79
1018.0,32.558
1037.0,40.52
1065.0,44.198
1020.0,44.155
1008.0,42.664
1010.0,41.836
1016.0,42.612
1029.0,45.009
693.0,47.654
306.0,49.434
163.0,49.083
265.0,48.094
45.0,46.013
316.0,43.945
670.0,42.251
404.0,9.059
534.0,19.179
402.0,29.224
1742.0,36.415
1489.0,39.916
1430.0,40.974
735.0,40.798
559.0,41.622
832.0,43.998
1410.0,47.113
1572.0,49.895
1516.0,51.377
1519.0,51.028
1342.0,49.124
1080.0,47.069
1020.0,46.426
1026.0,46.979
1036.0,47.931
1066.0,48.647
1064.0,49.326
1038.0,48.475
1005.0,46.58
990.0,45.559
982.0,46.066
1015.0,47.013
1027.0,47.384
1052.0,47.422
1064.0,9.037
1057.0,16.929
1034.0,24.117
1014.0,29.718
990.0,33.136
965.0,35.354
959.0,37.263
954.0,40.01
976.0,42.785
1029.0,45.78
1053.0,48.407
1056.0,50.267
1051.0,49.652
1046.0,47.227
1056.0,45.608
1065.0,45.191
1064.0,46.565
1059.0,47.953
1060.0,49.705
1062.0,50.545
1061.0,51.327
1064.0,50.631
1071.0,50.413
1065.0,51.35
1063.0,52.465
1064.0,53.138
1066.0,53.354
1067.0,53.726
1056.0,53.615
1048.0,52.869
1048.0,52.143
1012.0,52.042
918.0,52.507
651.0,53.382
238.0,53.133
246.0,52.2
2209.0,50.867
2040.0,49.996
1373.0,49.222
925.0,49.384
852.0,49.26
734.0,48.717
348.0,48.788
948.0,49.092
1139.0,48.309
1222.0,46.248
1283.0,9.582
982.0,15.025
961.0,19.932
956.0,23.706
1002.0,26.461
1054.0,29.411
1055.0,32.868
1067.0,36.527
1069.0,39.688
1052.0,42.684
1021.0,45.901
1010.0,47.841
1028.0,47.195
1051.0,45.16
1062.0,44.054
1058.0,44.042
1056.0,44.394
1060.0,45.868
1047.0,47.819
990.0,49.731
1025.0,51.241
1035.0,51.138
1007.0,51.21
1018.0,52.126
1028.0,53.596
1030.0,54.067
1037.0,54.408
1047.0,55.276
1056.0,55.352
1062.0,54.919
1066.0,54.92
1066.0,55.174
1058.0,55.879
1056.0,56.649
1063.0,56.942
1060.0,57.176
1060.0,56.856
1059.0,56.235
1055.0,55.973
1063.0,55.35
1076.0,55.494
1065.0,55.377
1058.0,54.919
1064.0,55.438
1064.0,55.159
1061.0,54.114
1054.0,52.826
1055.0,51.758
1063.0,50.978
1051.0,49.398
2730.0,47.861
2754.0,46.552
2717.0,45.161
1943.0,43.968
592.0,44.622
868.0,45.712
1874.0,46.175
1457.0,47.165
1125.0,45.14
1123.0,38.238
1117.0,9.845
1186.0,14.546
1192.0,18.253
987.0,20.893
1040.0,22.713
1038.0,24.964
1045.0,28.302
1065.0,32.362
1072.0,35.34
1077.0,38.625
1071.0,42.429
1064.0,44.845
1066.0,44.291
1056.0,43.245
1042.0,42.826
1062.0,42.566
1063.0,42.066
1066.0,43.009
1064.0,44.886
1060.0,46.993
1027.0,49.129
1007.0,49.976
1041.0,50.258
1051.0,51.08
1062.0,52.182
1054.0,52.712
1037.0,53.446
999.0,54.413
980.0,54.481
964.0,54.258
968.0,54.5
989.0,54.634
1025.0,55.465
1058.0,56.103
1030.0,56.687
1044.0,57.619
1057.0,57.998
1055.0,58.25
1047.0,57.523
1044.0,57.282
1008.0,57.795
1006.0,57.635
1068.0,57.065
1073.0,57.548
1069.0,57.484
1073.0,57.04
1068.0,56.722
1070.0,56.119
1068.0,55.573
1069.0,54.953
1071.0,55.14
1062.0,54.919
2349.0,53.705
2603.0,53.213
1709.0,53.933
687.0,54.835
1444.0,54.919
1736.0,56.032
1445.0,54.271
1727.0,45.679
1195.0,9.931
1140.0,13.988
1129.0,16.944
1346.0,18.828
1143.0,20.201
1202.0,21.866
1123.0,24.381
1055.0,27.298
1182.0,29.731
1309.0,33.079
1116.0,37.323
1068.0,39.846
1060.0,39.627
1057.0,38.829
1048.0,39.769
1040.0,39.1
1062.0,38.299
1063.0,38.624
1216.0,40.44
1296.0,43.173
1141.0,45.761
1066.0,47.206
1047.0,47.84
1060.0,48.413
1088.0,49.411
1106.0,50.354
1078.0,51.522
1075.0,52.39
1064.0,52.743
1050.0,52.707
1049.0,52.592
1055.0,53.213
1053.0,54.037
1067.0,54.945
1072.0,56.068
1058.0,56.549
1051.0,57.207
1052.0,57.65
1054.0,57.039
1024.0,56.847
1017.0,57.343
1028.0,57.501
1037.0,57.53
1045.0,57.486
1049.0,57.57
1049.0,57.907
1055.0,57.697
1057.0,57.379
1063.0,56.608
1067.0,56.179
1061.0,56.927
1070.0,57.744
1074.0,56.748
1806.0,56.186
1652.0,57.343
2390.0,57.313
2336.0,57.481
2378.0,58.486
2307.0,56.791
2024.0,48.105
1156.0,10.045
1342.0,13.703
1450.0,16.341
1154.0,17.741
1085.0,18.781
1113.0,19.797
1367.0,21.32
1472.0,23.295
1547.0,25.751
1624.0,29.007
1760.0,33.129
1814.0,35.781
1525.0,35.437
1157.0,35.029
1047.0,35.765
1036.0,35.236
1044.0,34.135
1034.0,34.014
1052.0,35.242
1089.0,38.371
1283.0,41.587
1420.0,43.499
1137.0,43.995
1048.0,44.37
1058.0,45.483
1076.0,46.99
1185.0,48.674
1256.0,49.814
1280.0,50.002
1092.0,50.068
1063.0,50.396
1064.0,50.745
1063.0,51.871
1062.0,52.941
1066.0,53.744
1084.0,54.581
1078.0,55.367
1052.0,55.747
1055.0,55.224
1065.0,55.369
1073.0,55.732
1060.0,56.398
1044.0,56.28
1041.0,56.648
1051.0,56.722
1058.0,57.297
1046.0,57.591
1045.0,57.261
1049.0,56.472
1058.0,56.38
1057.0,57.534
1054.0,58.101
1047.0,57.647
1048.0,57.248
1052.0,58.21
1150.0,58.279
1388.0,57.548
1874.0,58.931
1470.0,57.215
1589.0,48.129
1345.0,10.242
1672.0,13.964
1393.0,16.284
1056.0,17.193
1076.0,17.829
1122.0,18.447
1070.0,19.933
1165.0,21.353
1762.0,23.775
1766.0,27.157
1788.0,31.26
1574.0,33.015
1647.0,31.985
2092.0,30.699
1911.0,30.765
1592.0,30.281
1512.0,29.108
1533.0,29.033
1562.0,30.371
1077.0,33.183
1136.0,36.51
1737.0,38.158
1196.0,38.507
1043.0,38.727
1034.0,40.008
1039.0,42.727
1080.0,45.021
1234.0,46.091
1335.0,46.205
1269.0,46.307
1052.0,46.943
1060.0,48.08
1065.0,49.43
1067.0,50.787
1062.0,51.798
1105.0,52.695
1299.0,52.982
1344.0,53.269
1108.0,52.975
1063.0,53.097
1063.0,53.766
1064.0,54.667
1058.0,54.793
1058.0,55.194
1061.0,55.57
1065.0,55.905
1060.0,56.848
1054.0,56.607
1055.0,55.737
1058.0,55.725
1055.0,57.164
1052.0,58.255
1059.0,57.585
1063.0,57.885
1062.0,58.892
1063.0,58.274
1043.0,57.159
1045.0,58.039
1018.0,56.572
1043.0,47.324
1261.0,10.708
1842.0,14.286
1929.0,16.362
1683.0,17.112
1466.0,17.686
1564.0,18.467
1900.0,19.85
1649.0,21.591
1400.0,24.13
1551.0,27.827
1733.0,31.218
1926.0,31.845
1877.0,29.389
1774.0,26.608
2010.0,26.032
2270.0,25.606
1862.0,25.104
1311.0,24.88
1688.0,25.789
1345.0,28.5
1113.0,31.478
1070.0,32.873
1041.0,32.648
1021.0,32.784
1034.0,34.616
1022.0,38.219
1060.0,40.698
1081.0,41.875
1077.0,41.602
1088.0,41.919
1074.0,42.599
1043.0,44.432
1053.0,45.988
1047.0,47.161
1065.0,48.158
1223.0,49.834
1301.0,50.419
1342.0,50.554
1200.0,50.327
1061.0,50.781
1076.0,51.532
1083.0,52.557
1073.0,52.666
1066.0,52.601
1064.0,53.679
1061.0,54.758
1061.0,55.818
1053.0,55.928
1039.0,55.236
1046.0,55.416
1047.0,57.125
1049.0,58.371
1046.0,58.207
1046.0,58.876
1054.0,59.776
1059.0,58.323
1048.0,56.161
1020.0,57.647
1028.0,56.756
1020.0,47.664
1026.0,11.341
1315.0,14.593
1995.0,16.473
2169.0,17.488
2286.0,18.145
2155.0,19.295
1662.0,20.818
1111.0,22.591
1261.0,25.503
1665.0,28.63
1581.0,31.763
1216.0,31.198
1072.0,27.757
1420.0,24.117
1494.0,22.952
1445.0,22.924
1430.0,22.813
1129.0,22.462
1692.0,22.916
1723.0,25.321
1399.0,27.601
1527.0,28.164
1845.0,27.931
1243.0,28.353
993.0,30.3
1018.0,33.815
1047.0,36.256
1225.0,37.093
1483.0,36.901
1313.0,37.301
1208.0,38.673
1106.0,40.479
1070.0,41.528
1043.0,42.332
1058.0,43.603
1250.0,45.46
1398.0,46.59
1315.0,46.79
1217.0,47.211
1105.0,47.946
1065.0,48.951
1073.0,49.506
1079.0,49.707
1070.0,49.928
1063.0,50.871
1058.0,52.442
1053.0,54.49
1040.0,55.327
1035.0,55.038
1024.0,55.728
1040.0,57.862
1053.0,59.084
1051.0,59.53
1043.0,59.862
1043.0,59.995
1054.0,58.188
1069.0,55.464
1073.0,56.988
1035.0,56.128
1030.0,48.623
1019.0,11.395
1020.0,13.951
1026.0,16.019
1120.0,17.505
1131.0,18.471
1058.0,19.589
1037.0,20.983
1050.0,22.693
1043.0,25.287
1047.0,28.409
1060.0,30.859
1060.0,29.758
1088.0,25.874
1082.0,22.023
1086.0,20.496
1073.0,21.025
1096.0,21.347
1080.0,21.136
1103.0,21.317
1532.0,22.899
2004.0,24.589
2213.0,24.455
2239.0,23.883
1773.0,24.908
1176.0,27.038
1080.0,29.647
1160.0,31.412
1568.0,32.151
1483.0,32.309
1392.0,32.914
1390.0,34.481
1453.0,35.891
1413.0,36.302
1533.0,35.757
1544.0,37.16
1194.0,39.96
1237.0,41.363
1351.0,42.271
1380.0,43.643
1516.0,44.643
1245.0,45.396
1061.0,45.716
1070.0,45.491
1092.0,45.818
1092.0,47.416
1083.0,50.037
1071.0,52.975
1072.0,54.09
1046.0,54.846
1020.0,56.394
1012.0,58.638
1016.0,60.454
1030.0,60.925
1033.0,60.521
1034.0,60.589
1042.0,58.003
1045.0,55.218
1041.0,55.622
1089.0,55.594
1048.0,49.468
1034.0,10.202
1032.0,11.775
1016.0,13.712
1014.0,15.318
1015.0,16.558
1027.0,17.905
1014.0,19.278
1024.0,21.247
1034.0,23.767
1042.0,26.808
1035.0,28.858
1050.0,27.675
1036.0,23.849
1024.0,20.611
1021.0,19.787
1026.0,20.762
1042.0,21.376
1073.0,20.747
1064.0,20.431
1071.0,21.525
1088.0,22.261
1103.0,21.732
1115.0,21.217
1226.0,22.149
1528.0,24.093
1529.0,26.115
1420.0,27.272
1492.0,27.806
1325.0,28.022
1360.0,29.193
1584.0,30.636
1262.0,31.583
1280.0,30.925
1434.0,29.625
1496.0,30.602
1409.0,33.9
1479.0,35.926
1179.0,37.315
1124.0,38.992
1459.0,40.451
1459.0,41.138
1390.0,40.948
1377.0,40.49
1325.0,41.256
1356.0,43.791
1426.0,47.36
1233.0,50.444
1087.0,52.427
1058.0,54.132
1051.0,57.138
1039.0,60.197
1035.0,62.356
1050.0,62.377
1047.0,61.767
1040.0,60.565
1036.0,58.157
1037.0,55.372
1044.0,55.685
1055.0,55.866
1044.0,50.757
1041.0,9.333
1040.0,10.516
1029.0,12.348
1030.0,14.273
1031.0,15.582
1039.0,16.699
1035.0,17.912
1036.0,19.064
1048.0,20.757
1046.0,23.387
1034.0,25.544
1032.0,24.672
1032.0,21.79
1029.0,19.972
1031.0,20.251
1037.0,21.713
1035.0,22.288
1051.0,21.324
1083.0,20.139
1094.0,20.098
1081.0,19.851
1082.0,19.07
1103.0,19.057
1101.0,20.279
1100.0,22.022
1245.0,23.71
1646.0,24.339
1611.0,24.824
1575.0,24.802
1413.0,25.404
1143.0,26.431
1586.0,27.05
1368.0,25.858
1249.0,24.456
1338.0,25.383
1366.0,28.059
1322.0,30.135
1352.0,31.813
1148.0,34.249
1106.0,36.383
1315.0,37.393
1264.0,37.087
1221.0,37.195
1239.0,38.288
1183.0,41.013
1191.0,44.81
1323.0,48.042
1435.0,50.685
1121.0,53.743
1069.0,57.428
1049.0,61.198
1043.0,63.058
1035.0,63.089
1035.0,62.349
1046.0,60.916
1048.0,57.94
1050.0,55.527
1057.0,56.009
1057.0,56.356
1064.0,51.757
1050.0,8.62
1026.0,9.908
1021.0,12.211
1023.0,14.246
1030.0,15.581
1037.0,16.594
1030.0,17.03
1029.0,17.289
1039.0,18.002
1037.0,20.374
1036.0,22.55
1037.0,22.578
1038.0,20.546
1047.0,19.394
1055.0,20.087
1055.0,21.769
1045.0,22.431
1052.0,21.396
1060.0,19.951
1047.0,19.212
1063.0,18.431
1082.0,17.851
1085.0,18.023
1108.0,19.388
1096.0,21.149
1092.0,22.814
1177.0,23.293
1449.0,23.436
1587.0,23.356
1419.0,23.529
1448.0,23.645
1170.0,23.391
1565.0,22.51
1329.0,21.682
1235.0,22.478
1326.0,24.665
1355.0,26.14
1292.0,27.72
1342.0,30.293
1148.0,32.74
1110.0,33.89
1337.0,34.341
1273.0,34.922
1238.0,36.952
1244.0,39.793
1174.0,43.097
1168.0,46.849
1421.0,50.205
1470.0,53.125
1105.0,57.069
1076.0,60.066
1049.0,62.092
1037.0,62.809
1041.0,62.749
1048.0,61.074
1057.0,58.634
1045.0,55.787
1052.0,56.133
1072.0,56.396
1084.0,52.513
1105.0,9.292
1103.0,10.731
1020.0,12.945
1024.0,14.894
1034.0,15.872
1029.0,16.707
1020.0,17.0
1024.0,16.724
1038.0,17.075
1025.0,18.881
1039.0,20.926
1049.0,21.288
1034.0,19.712
1027.0,18.823
1041.0,19.304
1040.0,20.703
1042.0,21.412
1020.0,20.878
1011.0,19.775
1030.0,19.019
1044.0,18.306
1038.0,17.591
1041.0,17.969
1072.0,19.252
1088.0,20.975
1074.0,22.73
1081.0,23.249
1167.0,23.465
1395.0,23.609
1457.0,23.352
1559.0,22.836
1524.0,21.731
1451.0,20.902
1549.0,20.437
1359.0,21.292
1345.0,22.82
1379.0,23.781
1489.0,25.174
1438.0,27.5
1473.0,30.373
1154.0,31.667
1137.0,32.671
1368.0,33.526
1247.0,36.285
1278.0,39.271
1246.0,43.131
1202.0,47.156
1197.0,50.902
1373.0,53.533
1418.0,55.704
1094.0,57.172
1057.0,59.708
1049.0,61.273
1040.0,62.157
1023.0,60.996
1033.0,58.668
1049.0,56.206
1063.0,56.388
1084.0,56.378
1097.0,52.69
1094.0,9.86
1054.0,11.645
1075.0,13.779
1033.0,15.289
1031.0,16.328
1054.0,17.089
1051.0,17.303
1036.0,16.843
1026.0,16.893
1029.0,18.356
1035.0,20.313
1036.0,20.824
1041.0,19.542
1041.0,18.472
1030.0,18.936
1017.0,20.212
1035.0,20.886
1025.0,20.751
1038.0,19.704
1030.0,19.181
1056.0,18.394
1065.0,17.798
1064.0,18.028
1084.0,19.464
1109.0,21.149
1097.0,22.959
1085.0,23.55
1080.0,23.883
1080.0,23.751
1053.0,23.915
1059.0,23.359
1049.0,22.222
1362.0,21.353
1364.0,21.225
1236.0,21.451
1224.0,22.232
1363.0,23.007
1352.0,24.331
1453.0,26.478
1561.0,29.266
1275.0,30.717
1196.0,31.914
1542.0,33.532
1728.0,36.942
1598.0,40.448
1519.0,44.809
1469.0,49.107
1337.0,52.503
1322.0,54.117
1392.0,54.712
1148.0,54.918
1060.0,56.862
1034.0,59.309
1050.0,60.802
1041.0,60.485
1046.0,58.347
1034.0,56.589
1048.0,56.431
1060.0,56.819
1059.0,53.224
1084.0,9.722
1113.0,11.776
1140.0,13.896
1179.0,15.343
1024.0,16.392
1029.0,17.119
1037.0,17.411
1042.0,17.089
1022.0,17.016
1010.0,18.463
1019.0,20.335
1033.0,20.787
1036.0,19.73
1040.0,18.979
1042.0,19.156
1043.0,20.15
1067.0,20.704
1045.0,20.727
1066.0,19.802
1087.0,19.311
1084.0,18.623
1082.0,18.149
1085.0,18.41
1127.0,19.689
1168.0,21.422
1364.0,23.122
2024.0,24.102
2087.0,24.281
2108.0,24.597
2222.0,24.899
1576.0,24.829
1073.0,24.002
1025.0,23.497
1065.0,23.426
1214.0,23.312
1795.0,23.63
1525.0,24.28
1291.0,25.421
1171.0,27.698
1125.0,30.634
1098.0,32.805
1284.0,34.237
1297.0,36.292
1227.0,39.603
1457.0,43.131
1173.0,47.247
1059.0,51.675
1077.0,55.033
1084.0,55.89
1089.0,55.544
1080.0,54.886
1060.0,55.879
1044.0,58.142
1024.0,59.712
1023.0,59.964
1029.0,57.79
1033.0,56.272
1038.0,56.772
1037.0,57.09
1052.0,54.081
1061.0,9.266
1049.0,11.404
1050.0,13.471
1087.0,14.805
1129.0,15.845
1037.0,17.049
1027.0,17.69
1050.0,17.257
1045.0,17.2
1105.0,18.649
1587.0,20.377
1787.0,20.71
2056.0,19.836
2086.0,19.003
1445.0,19.316
1112.0,20.25
1287.0,20.804
1897.0,20.738
1998.0,20.001
1636.0,19.449
1578.0,19.089
1563.0,18.774
2155.0,19.046
2087.0,20.186
2094.0,22.143
2200.0,24.134
1866.0,25.086
1701.0,25.361
1335.0,25.607
1196.0,26.468
1336.0,26.707
1992.0,26.781
1738.0,26.732
1189.0,26.797
1074.0,26.411
1043.0,26.499
1152.0,27.288
1231.0,28.387
1096.0,30.807
1054.0,33.685
1059.0,36.187
1070.0,38.162
1071.0,40.009
1211.0,43.153
1367.0,46.229
1242.0,50.278
1088.0,54.499
1068.0,57.406
1064.0,58.599
1058.0,57.179
1054.0,56.246
1047.0,56.658
1042.0,58.608
1044.0,59.794
1042.0,59.516
1045.0,57.711
1039.0,56.406
1033.0,57.011
1051.0,57.734
1050.0,54.208
1041.0,8.817
1035.0,11.072
1049.0,12.883
1060.0,14.398
1064.0,15.734
1056.0,17.065
1037.0,17.857
1019.0,18.006
1028.0,18.362
1036.0,19.854
1140.0,21.328
1809.0,21.36
1664.0,20.49
1530.0,19.531
2025.0,19.451
2039.0,20.318
1970.0,21.046
1582.0,21.363
1358.0,20.761
1405.0,20.381
1500.0,20.061
1623.0,19.994
1862.0,20.477
1668.0,21.589
1672.0,23.632
2075.0,26.475
2273.0,28.004
2217.0,28.161
2148.0,28.289
1892.0,29.013
1674.0,30.028
1581.0,31.209
1742.0,31.479
1859.0,31.458
1494.0,31.479
1620.0,31.804
1327.0,32.41
1451.0,33.262
1260.0,35.13
1384.0,37.32
1236.0,39.62
1013.0,42.231
1026.0,44.767
1044.0,47.597
1078.0,50.352
1140.0,53.169
1168.0,56.714
1174.0,59.217
1060.0,60.167
1058.0,59.729
1063.0,58.531
1062.0,59.066
1058.0,60.526
1037.0,61.637
1025.0,60.389
1037.0,58.277
1040.0,56.597
1037.0,57.556
1044.0,57.793
1057.0,53.931
1059.0,8.889
1050.0,11.069
1039.0,13.234
1049.0,15.11
1051.0,16.731
1051.0,18.289
1033.0,19.546
1047.0,19.795
1029.0,20.911
1046.0,22.589
1053.0,23.896
1111.0,23.789
1535.0,22.233
1782.0,21.094
1476.0,20.909
1195.0,21.263
1137.0,22.016
1084.0,22.717
1070.0,22.572
1106.0,21.979
1176.0,21.792
1544.0,22.487
1687.0,22.972
1671.0,24.141
1408.0,27.33
1354.0,32.221
1647.0,34.957
1539.0,34.983
1065.0,34.66
1083.0,34.707
1170.0,36.23
1131.0,37.943
1242.0,38.794
1714.0,38.781
1859.0,38.88
1169.0,40.185
1089.0,41.361
1045.0,42.47
1230.0,42.341
1219.0,43.042
1267.0,44.817
1118.0,47.731
1046.0,50.535
1043.0,53.748
1045.0,56.137
1048.0,57.705
1080.0,59.617
1135.0,61.288
1120.0,62.864
1058.0,62.736
1055.0,62.052
1062.0,62.733
1067.0,64.268
1068.0,65.152
1054.0,64.213
1050.0,61.896
1053.0,60.171
1049.0,61.088
1044.0,60.802
1048.0,55.03
1055.0,9.084
1060.0,12.164
1051.0,15.374
1048.0,18.188
1057.0,20.247
1050.0,21.85
1044.0,22.905
1039.0,23.251
1833.0,24.07
1158.0,25.423
1611.0,26.222
1734.0,26.429
1653.0,24.791
1314.0,23.529
1068.0,22.655
1079.0,22.936
1121.0,23.668
1409.0,24.785
1146.0,25.187
1086.0,24.841
1273.0,24.864
1345.0,25.746
1317.0,26.869
1304.0,28.224
1291.0,32.228
1712.0,38.963
1709.0,43.053
1637.0,43.621
1218.0,43.002
1047.0,42.793
1042.0,43.635
1070.0,45.065
1063.0,45.699
1103.0,45.776
1075.0,46.262
1051.0,48.249
1034.0,49.787
1061.0,50.49
1061.0,49.491
1071.0,48.589
1096.0,49.527
1064.0,52.05
1053.0,55.612
1048.0,59.01
1057.0,60.539
1067.0,61.483
1064.0,62.084
1061.0,63.122
1056.0,64.402
1057.0,65.115
1061.0,64.907
1059.0,65.952
1063.0,67.131
1064.0,68.649
1049.0,68.183
1051.0,65.818
1054.0,65.19
1053.0,66.796
1044.0,65.759
1047.0,57.69
1051.0,10.226
1059.0,14.281
1051.0,18.528
1050.0,21.592
1055.0,24.203
1062.0,25.752
1056.0,26.943
1050.0,27.274
1892.0,27.118
1690.0,27.308
2168.0,27.639
2094.0,27.613
2183.0,26.951
1382.0,25.638
1070.0,24.745
1076.0,25.038
1335.0,26.159
1549.0,27.547
1118.0,28.292
1234.0,28.729
1277.0,29.665
997.0,30.893
1010.0,32.458
1018.0,34.985
1026.0,39.493
1163.0,46.427
1233.0,50.497
1073.0,51.524
1073.0,50.853
1063.0,50.788
1065.0,51.38
1055.0,51.98
1037.0,51.703
1057.0,51.744
1083.0,52.413
1073.0,54.469
1078.0,56.378
1074.0,56.684
1055.0,55.175
1060.0,53.522
1064.0,53.686
1059.0,55.74
1058.0,58.617
1047.0,62.199
1048.0,63.671
1061.0,64.93
1064.0,65.142
1060.0,65.36
1064.0,66.46
1059.0,67.026
1059.0,67.503
1055.0,68.649
1056.0,69.892
1055.0,71.023
1057.0,70.559
1063.0,68.649
1065.0,68.649
1056.0,70.709
1054.0,69.193
1059.0,58.766
1059.0,12.068
1057.0,16.527
1053.0,19.816
1057.0,21.667
1054.0,23.818
1054.0,25.897
1059.0,27.982
1061.0,28.401
2625.0,28.506
2363.0,28.411
2545.0,28.222
2550.0,28.045
2246.0,27.895
1527.0,27.271
1080.0,26.841
1362.0,27.233
2101.0,28.331
1792.0,30.319
1167.0,31.984
1148.0,33.674
1133.0,35.525
1149.0,37.59
1043.0,40.367
1021.0,44.039
1056.0,48.289
1054.0,53.136
1071.0,56.378
1077.0,56.936
1054.0,56.511
1052.0,55.773
1064.0,56.5
1064.0,57.686
1053.0,57.596
1027.0,56.86
1064.0,57.624
1079.0,59.821
1062.0,61.478
1053.0,62.016
1047.0,60.567
1043.0,58.417
1054.0,58.052
1047.0,59.555
1051.0,62.252
1060.0,65.576
1067.0,67.329
1066.0,68.649
1053.0,69.164
1068.0,68.672
1068.0,68.235
1060.0,68.649
1048.0,69.419
1057.0,70.432
1053.0,72.3
1057.0,72.877
1056.0,71.991
1051.0,69.686
1045.0,69.13
1050.0,70.691
1052.0,68.648
1056.0,57.344
1058.0,12.686
1059.0,16.767
1059.0,18.945
1062.0,20.205
1064.0,21.923
1059.0,24.129
1061.0,26.599
1064.0,28.111
1067.0,28.544
2714.0,28.644
2721.0,28.15
2707.0,28.053
2235.0,28.199
1637.0,28.677
1355.0,29.634
1792.0,29.879
1352.0,30.626
1122.0,32.764
1102.0,35.977
1102.0,38.857
1160.0,41.939
1313.0,45.493
1179.0,49.129
1000.0,52.765
969.0,55.751
974.0,58.645
1001.0,60.476
1021.0,60.745
1033.0,59.81
1048.0,58.958
1053.0,59.805
1053.0,61.747
1045.0,61.819
1036.0,61.084
1061.0,61.78
1073.0,63.967
1067.0,66.104
1054.0,66.221
1039.0,64.729
1050.0,62.434
1040.0,61.853
1055.0,63.516
1054.0,66.116
1044.0,68.552
1053.0,70.111
1051.0,71.47
1028.0,71.861
1040.0,71.454
1058.0,70.578
1058.0,70.36
1052.0,71.439
1055.0,72.595
1054.0,73.492
1060.0,73.632
1062.0,72.445
1057.0,69.838
1042.0,68.604
1042.0,69.719
1061.0,67.102
1069.0,55.716
1050.0,11.862
1056.0,15.31
1066.0,17.695
1069.0,19.151
1072.0,20.889
1064.0,23.041
1069.0,25.374
1068.0,26.824
1066.0,27.804
2423.0,28.492
2511.0,28.14
1714.0,28.168
2083.0,28.126
2293.0,29.74
1313.0,31.746
887.0,32.367
768.0,32.701
768.0,35.761
1090.0,39.986
1553.0,44.476
1925.0,48.239
2130.0,52.191
1806.0,56.072
1149.0,58.969
1042.0,61.007
988.0,62.43
992.0,63.131
1029.0,63.175
1050.0,62.634
1066.0,61.844
1052.0,62.961
1031.0,65.113
997.0,65.059
978.0,64.777
1036.0,65.392
1044.0,67.406
1048.0,68.858
1031.0,69.007
1045.0,67.541
1048.0,65.05
1047.0,64.336
1045.0,66.053
1052.0,68.649
1053.0,70.297
1032.0,71.585
1036.0,72.683
1053.0,72.948
1066.0,72.665
1066.0,72.315
1069.0,72.593
1066.0,72.655
1059.0,72.989
1055.0,73.508
1061.0,73.725
1073.0,73.079
1072.0,70.228
1067.0,68.619
1049.0,68.782
1052.0,66.697
1070.0,55.817
1071.0,11.097
1050.0,14.413
1056.0,17.086
1068.0,18.991
1055.0,20.902
1059.0,23.005
1048.0,25.303
1024.0,27.034
1030.0,27.873
1025.0,28.696
2617.0,28.772
2642.0,28.154
2192.0,28.7
1798.0,30.651
1884.0,33.168
1018.0,33.774
877.0,34.391
617.0,38.414
504.0,44.196
530.0,49.484
797.0,53.545
968.0,57.54
363.0,60.888
467.0,63.254
1229.0,64.693
1054.0,65.646
1065.0,66.356
1060.0,66.302
1065.0,65.74
1065.0,65.347
1055.0,66.211
1044.0,68.011
1023.0,68.541
973.0,67.871
977.0,68.547
984.0,70.388
1008.0,71.312
1024.0,71.076
1032.0,68.814
1040.0,66.315
986.0,65.384
959.0,67.548
1008.0,70.554
1036.0,71.551
1054.0,72.081
1059.0,72.536
1061.0,73.027
1058.0,72.343
1066.0,72.843
1072.0,72.488
1062.0,72.433
1049.0,72.524
1049.0,73.264
1063.0,73.967
1073.0,73.63
1071.0,71.086
1070.0,70.032
1088.0,70.418
1079.0,68.649
1063.0,57.992
1050.0,10.669
1037.0,14.334
909.0,17.074
438.0,19.413
100.0,21.492
10.0,23.661
43.0,26.36
27.0,28.672
37.0,30.035
27.0,30.655
324.0,30.295
863.0,30.393
1021.0,31.011
1195.0,32.866
1231.0,34.986
695.0,35.172
331.0,35.867
544.0,41.16
610.0,48.354
915.0,53.881
1145.0,57.785
941.0,61.12
962.0,63.878
838.0,65.746
890.0,67.045
1378.0,68.34
1129.0,69.207
1033.0,69.21
1006.0,68.961
1011.0,68.426
992.0,69.074
983.0,70.447
970.0,70.38
936.0,69.945
944.0,70.554
948.0,72.219
958.0,72.921
949.0,72.335
951.0,69.703
974.0,66.806
1020.0,65.221
1058.0,67.371
1068.0,70.444
1074.0,71.765
1069.0,71.303
1070.0,71.654
1055.0,71.842
1028.0,71.272
1033.0,71.291
1034.0,71.196
1031.0,71.564
1021.0,71.575
1018.0,72.431
1049.0,73.555
1094.0,73.967
1065.0,72.659
1017.0,71.462
1012.0,72.556
1040.0,70.322
1017.0,59.649
858.0,10.127
442.0,14.195
346.0,17.474
731.0,20.546
310.0,23.337
69.0,26.044
450.0,28.998
391.0,32.054
248.0,34.401
293.0,35.156
308.0,35.02
325.0,34.973
309.0,35.85
227.0,37.256
581.0,37.949
258.0,37.843
282.0,38.967
390.0,45.431
152.0,53.378
456.0,58.585
774.0,61.784
749.0,64.66
928.0,66.33
778.0,68.065
795.0,68.975
772.0,70.212
610.0,71.081
1361.0,71.095
1052.0,70.394
989.0,70.078
1043.0,70.791
1033.0,71.689
952.0,71.874
962.0,70.73
996.0,71.097
1042.0,72.385
1066.0,72.492
1056.0,71.751
1046.0,68.959
1049.0,65.388
1048.0,63.536
1034.0,65.268
1034.0,68.801
1055.0,70.117
1033.0,69.259
1007.0,68.649
872.0,69.286
509.0,68.958
289.0,68.649
143.0,68.864
28.0,68.649
3.0,68.649
12.0,69.924
36.0,72.074
72.0,73.377
193.0,72.602
548.0,72.281
808.0,73.256
832.0,70.94
382.0,59.254
172.0,9.901
5.0,14.114
1.0,18.268
895.0,22.506
784.0,26.213
654.0,29.401
341.0,32.781
340.0,35.944
378.0,38.755
586.0,39.803
647.0,39.885
914.0,40.045
930.0,40.361
510.0,41.114
500.0,41.278
463.0,41.13
499.0,42.708
411.0,49.405
472.0,57.014
1293.0,62.352
1336.0,64.9
1040.0,66.473
1054.0,67.842
1055.0,68.755
1060.0,69.635
1066.0,70.551
1059.0,70.793
1049.0,69.778
1041.0,68.899
1047.0,68.636
1042.0,69.654
1034.0,71.164
1036.0,70.669
1018.0,69.166
942.0,68.946
594.0,69.441
102.0,68.786
101.0,67.177
52.0,64.491
30.0,60.987
39.0,58.972
102.0,60.272
221.0,63.414
402.0,64.619
558.0,62.602
415.0,62.09
692.0,62.598
455.0,61.993
170.0,62.141
43.0,61.661
12.0,61.324
39.0,60.853
6.0,61.748
5.0,64.941
1040.0,68.879
956.0,68.828
655.0,68.649
596.0,70.142
534.0,67.471
729.0,55.482
706.0,8.959
595.0,13.604
616.0,19.326
620.0,25.839
473.0,30.767
145.0,34.165
231.0,37.259
402.0,39.775
324.0,42.222
624.0,43.441
1430.0,43.037
1099.0,43.069
1071.0,43.418
1046.0,44.099
1044.0,44.366
1056.0,44.495
1053.0,46.666
1044.0,53.074
1067.0,59.498
1064.0,64.311
1001.0,65.935
858.0,66.478
706.0,66.735
345.0,66.535
92.0,66.18
41.0,65.96
139.0,65.176
420.0,63.54
554.0,61.741
566.0,62.371
772.0,63.973
873.0,65.32
496.0,64.349
920.0,55.598
1920.0,55.685
2259.0,55.723
2113.0,57.5
1810.0,54.978
1685.0,44.289
1863.0,8.232
2080.0,13.135
1751.0,20.778
1359.0,29.392
509.0,35.193
238.0,37.978
1543.0,40.069
1319.0,41.928
1062.0,43.682
1047.0,44.105
1032.0,43.953
1026.0,43.515
1032.0,44.516
1032.0,45.234
1002.0,45.732
750.0,46.626
477.0,49.115
237.0,54.58
35.0,59.768
38.0,62.712
175.0,63.226
344.0,62.458
386.0,61.382
46.0,59.751
2349.0,8.993
2011.0,15.109
1319.0,23.243
1578.0,31.851
1915.0,36.823
1168.0,39.374
1014.0,40.362
1049.0,41.406
1077.0,43.12
1069.0,43.708
1040.0,43.702
1053.0,43.554
1069.0,44.586
1070.0,45.307
1040.0,45.647
1060.0,45.896
1031.0,47.186
987.0,50.46
1039.0,54.151
1054.0,55.941
1005.0,10.113
738.0,17.073
239.0,24.417
8.0,30.367
168.0,34.036
594.0,35.824
237.0,36.575
12.0,38.044
1092.0,40.622
1089.0,42.236
1075.0,42.401
1000.0,42.731
1000.0,43.641
1058.0,43.963
1028.0,43.171
639.0,41.462
169.0,40.673
77.0,10.531
176.0,18.318
708.0,24.97
1060.0,29.295
874.0,31.754
330.0,32.808
241.0,33.523
286.0,34.841
622.0,36.614
503.0,37.671
86.0,37.59
15.0,38.105
65.0,39.234
18.0,39.44
72.0,37.653
40.0,10.284
478.0,18.423
162.0,26.034
339.0,30.387
802.0,31.97
1000.0,32.4
938.0,32.787
387.0,32.742
48.0,32.381
4.0,31.583
5.0,30.486
27.0,29.644
311.0,30.579
935.0,9.689
889.0,6.221
937.0,15.756
960.0,26.413
825.0,32.971
160.0,34.309
61.0,33.418
491.0,32.696
176.0,31.726
8.0,7.232
414.0,17.396
728.0,29.533
997.0,37.248
980.0,39.151
618.0,37.957
96.0,36.828
15.0,36.581
4.0,36.458
40.0,36.011
517.0,35.058
994.0,32.509
1072.0,7.315
1046.0,17.204
1024.0,28.442
1000.0,36.211
975.0,39.249
503.0,39.022
184.0,38.214
1024.0,37.668
670.0,38.551
105.0,39.852
13.0,41.003
994.0,40.956
820.0,39.681
604.0,37.947
757.0,6.283
557.0,14.52
255.0,23.797
6.0,30.599
1016.0,34.187
21.0,35.029
960.0,34.956
9.0,35.824
23.0,38.723
19.0,41.556
16.0,43.948
177.0,45.109
863.0,44.936
782.0,43.214
271.0,41.586
40.0,40.142
39.0,39.065
136.0,5.332
709.0,10.858
1037.0,17.264
1067.0,23.157
1044.0,26.531
1045.0,28.411
868.0,30.177
281.0,33.408
26.0,37.337
24.0,40.898
31.0,43.943
9.0,45.337
1074.0,44.786
1061.0,42.871
1044.0,41.945
1048.0,41.571
1049.0,41.796
1051.0,42.954
1051.0,44.196
1060.0,45.854
1056.0,46.156
1041.0,44.489
982.0,43.689
667.0,43.987
137.0,44.257
37.0,43.795
11.0,43.717
61.0,5.692
1526.0,9.296
2136.0,13.599
1706.0,17.752
1584.0,20.863
1754.0,23.248
1878.0,26.385
1792.0,30.32
1067.0,33.723
1033.0,36.959
1659.0,39.989
1376.0,41.925
1059.0,41.537
1037.0,40.083
1042.0,39.977
858.0,40.559
247.0,41.3
30.0,42.724
23.0,44.798
5.0,46.914
7.0,47.984
209.0,47.96
773.0,47.886
707.0,48.637
759.0,49.142
320.0,49.696
158.0,49.975
365.0,50.599
497.0,50.463
230.0,50.003
557.0,49.875
708.0,50.346
777.0,51.005
937.0,52.131
1446.0,52.214
1076.0,51.907
1051.0,51.507
1046.0,50.885
1051.0,50.312
1022.0,50.048
724.0,50.068
167.0,50.167
10.0,51.324
7.0,52.462
19.0,52.66
10.0,51.193
99.0,49.115
406.0,47.665
84.0,7.419
5.0,10.763
727.0,13.683
566.0,16.372
403.0,18.53
545.0,20.389
687.0,22.93
794.0,25.911
855.0,28.389
748.0,31.294
935.0,34.809
827.0,37.21
733.0,37.029
468.0,36.798
511.0,38.008
1080.0,38.779
1125.0,39.491
1054.0,40.557
1063.0,42.363
1063.0,44.286
1044.0,46.271
1042.0,47.202
1042.0,47.708
989.0,48.298
575.0,48.916
212.0,49.522
52.0,50.468
18.0,51.642
32.0,52.035
8.0,52.123
26.0,52.159
379.0,53.018
801.0,54.049
722.0,54.918
434.0,55.631
258.0,56.191
88.0,56.818
42.0,56.764
314.0,55.975
517.0,55.566
782.0,55.58
249.0,55.804
153.0,55.603
231.0,56.578
482.0,56.814
530.0,56.349
491.0,55.588
410.0,54.623
277.0,53.427
312.0,52.074
447.0,51.192
1072.0,50.439
1047.0,48.832
1010.0,47.987
1026.0,48.513
1062.0,49.001
1057.0,49.451
1034.0,50.317
1032.0,47.808
1049.0,40.127
1060.0,8.747
1041.0,12.454
1026.0,15.143
1036.0,16.798
1068.0,18.037
1014.0,19.284
817.0,20.708
443.0,22.638
164.0,24.594
87.0,27.22
105.0,31.063
57.0,34.066
51.0,34.371
87.0,34.273
137.0,35.525
283.0,36.134
612.0,35.871
327.0,36.38
571.0,38.039
699.0,40.237
390.0,42.877
79.0,44.246
93.0,44.8
35.0,45.207
6.0,46.016
5.0,47.467
1.0,48.808
126.0,50.306
230.0,50.785
258.0,50.946
429.0,50.995
618.0,52.027
280.0,53.09
419.0,54.15
653.0,55.223
925.0,56.489
746.0,57.599
975.0,57.713
1418.0,57.165
1069.0,56.45
1042.0,56.972
998.0,57.011
994.0,56.973
1040.0,57.14
1054.0,57.558
1056.0,57.759
1065.0,57.698
1058.0,57.213
1058.0,56.435
1026.0,56.134
993.0,56.939
1003.0,57.004
1028.0,56.012
1045.0,55.738
1060.0,56.493
1059.0,56.782
1060.0,56.685
1057.0,57.087
1075.0,54.794
1076.0,45.987
1050.0,9.2
1064.0,13.016
1015.0,15.664
835.0,17.061
544.0,18.031
293.0,18.621
62.0,19.626
19.0,20.594
24.0,22.133
30.0,24.864
135.0,28.924
330.0,31.505
296.0,31.793
546.0,31.374
528.0,31.901
418.0,31.426
299.0,30.944
93.0,31.183
25.0,32.472
7.0,35.321
14.0,38.177
2.0,39.856
14.0,40.209
6.0,40.07
753.0,41.263
818.0,44.0
982.0,46.293
563.0,47.617
94.0,47.776
215.0,47.692
601.0,48.428
848.0,49.502
519.0,50.532
1049.0,51.959
1215.0,53.373
1529.0,54.901
1032.0,55.879
1003.0,56.239
1012.0,55.953
1048.0,55.788
1038.0,56.069
1059.0,56.272
1057.0,56.457
1046.0,56.603
1056.0,57.525
1054.0,57.754
1052.0,58.122
1029.0,57.431
1021.0,56.781
1030.0,57.033
1009.0,58.592
1007.0,58.962
998.0,58.543
988.0,58.677
998.0,59.325
1024.0,59.116
1048.0,58.27
1050.0,58.677
1063.0,56.648
1059.0,48.161
1052.0,9.42
1058.0,13.048
1063.0,15.54
1057.0,16.765
1060.0,17.361
1053.0,17.78
1067.0,18.353
1071.0,19.174
1076.0,20.408
1038.0,23.209
971.0,27.287
972.0,29.965
1050.0,29.593
1056.0,28.467
989.0,27.463
921.0,26.443
674.0,25.431
381.0,25.533
406.0,27.178
423.0,30.026
511.0,32.968
515.0,34.356
696.0,34.232
308.0,34.139
2382.0,35.93
1692.0,39.263
865.0,41.952
659.0,43.033
508.0,42.978
435.0,43.075
407.0,43.993
1159.0,45.958
1701.0,47.377
2010.0,48.568
2075.0,50.066
1146.0,52.042
981.0,53.225
1032.0,53.475
1046.0,53.383
1058.0,53.363
1055.0,53.801
1027.0,54.395
1033.0,54.28
1033.0,54.796
989.0,55.56
974.0,56.17
967.0,56.856
976.0,56.576
1016.0,55.842
1055.0,56.008
1065.0,58.177
1061.0,58.556
1062.0,58.501
1061.0,58.961
1056.0,60.275
1026.0,59.475
976.0,58.122
946.0,58.208
944.0,56.172
991.0,47.869
1030.0,9.637
1043.0,13.268
1055.0,15.533
1060.0,16.582
1061.0,16.936
1064.0,17.438
1059.0,17.993
1055.0,18.789
1056.0,20.222
1064.0,23.329
1069.0,27.193
1051.0,29.305
1035.0,27.984
1065.0,25.833
1056.0,23.95
1048.0,22.56
1056.0,21.491
1046.0,21.985
1040.0,23.605
1044.0,26.319
1045.0,28.88
1043.0,29.778
1043.0,29.521
1046.0,29.606
2662.0,31.421
2376.0,35.152
1024.0,37.591
772.0,38.645
499.0,38.689
96.0,38.89
526.0,40.062
1284.0,41.944
1249.0,43.179
1281.0,44.195
1366.0,45.785
1141.0,48.186
963.0,49.336
980.0,50.166
995.0,50.168
1008.0,50.577
1006.0,50.951
1018.0,51.758
1040.0,51.738
1053.0,52.573
1045.0,53.499
1046.0,54.534
1034.0,55.56
1061.0,55.343
1069.0,55.057
1063.0,55.399
1056.0,57.066
1062.0,58.396
1067.0,57.929
1062.0,58.621
1057.0,59.744
1034.0,59.049
978.0,56.938
970.0,57.126
982.0,55.151
973.0,46.523
967.0,10.272
954.0,13.601
978.0,15.723
1012.0,16.519
1019.0,16.81
1026.0,17.325
999.0,18.0
989.0,19.241
996.0,21.014
1003.0,24.198
992.0,28.12
992.0,28.98
1021.0,26.544
1031.0,23.129
1059.0,20.985
1065.0,19.773
1064.0,19.308
1064.0,19.752
1059.0,20.966
1063.0,23.569
1061.0,25.595
1062.0,26.135
1070.0,25.689
1064.0,26.148
2117.0,28.219
1975.0,30.905
1416.0,32.933
1651.0,33.799
1370.0,34.204
269.0,34.575
680.0,35.837
1354.0,37.785
1259.0,38.343
1178.0,38.487
1178.0,40.27
1037.0,43.201
1128.0,45.182
1093.0,46.26
1043.0,46.852
1059.0,47.343
1062.0,47.664
1065.0,48.214
1068.0,48.306
1064.0,49.2
1061.0,50.541
1052.0,52.06
1002.0,53.645
977.0,54.02
1023.0,53.391
1059.0,54.054
1057.0,56.003
1066.0,57.074
1070.0,56.845
1050.0,57.633
1034.0,58.905
1061.0,57.616
1063.0,55.113
1065.0,55.328
1063.0,53.782
1067.0,45.868
1066.0,10.483
1060.0,13.663
1050.0,15.5
1046.0,16.152
1052.0,16.607
1045.0,17.447
1037.0,18.836
1034.0,20.504
1038.0,22.612
1028.0,25.72
1033.0,28.927
1031.0,28.95
993.0,25.592
975.0,21.533
971.0,19.291
975.0,18.639
986.0,18.685
1005.0,19.184
997.0,20.055
1011.0,21.754
1019.0,23.248
1012.0,23.409
1013.0,23.068
1020.0,24.019
2422.0,25.914
2209.0,27.888
2307.0,29.28
2225.0,30.017
2240.0,30.606
1937.0,31.112
1589.0,32.362
1580.0,33.671
1250.0,33.653
1202.0,33.47
1336.0,35.147
1105.0,38.121
1258.0,40.102
1155.0,41.449
1075.0,42.359
1074.0,43.568
1086.0,44.065
1075.0,43.888
1063.0,44.213
1064.0,44.868
1061.0,46.642
1063.0,48.801
1048.0,51.23
1046.0,51.871
999.0,51.852
1026.0,52.625
1030.0,54.645
1035.0,56.207
1058.0,56.418
1070.0,56.484
1073.0,57.459
1077.0,55.924
1079.0,53.349
1075.0,53.545
1038.0,52.893
1024.0,46.42
1048.0,9.961
1068.0,12.226
1067.0,13.868
1070.0,14.809
1088.0,15.488
1073.0,16.661
1059.0,18.372
1052.0,20.663
1053.0,23.227
1049.0,26.526
1048.0,28.939
1041.0,28.017
1033.0,23.74
1036.0,19.78
1052.0,17.963
1049.0,17.865
1041.0,18.493
1038.0,18.894
1026.0,19.328
1001.0,20.561
965.0,21.427
947.0,21.3
958.0,20.956
1008.0,22.121
2468.0,23.863
2422.0,25.592
2305.0,26.505
2290.0,27.328
2002.0,27.838
1163.0,28.426
1153.0,29.046
1637.0,29.602
1151.0,29.028
1068.0,28.328
1218.0,29.809
1502.0,33.112
1288.0,34.602
1208.0,35.621
1361.0,36.859
1276.0,38.629
1753.0,39.214
1628.0,38.91
1089.0,39.101
1052.0,40.068
1053.0,42.099
1051.0,45.038
1060.0,47.653
1023.0,49.028
1087.0,49.443
1079.0,50.803
1065.0,53.306
1096.0,55.537
1086.0,55.503
1082.0,55.146
1257.0,55.02
1494.0,53.818
1225.0,51.663
1016.0,52.778
1051.0,52.827
1072.0,47.958
1071.0,9.366
1064.0,10.718
1051.0,12.181
1166.0,13.57
1248.0,14.62
1271.0,15.995
1274.0,17.376
1083.0,19.465
1058.0,21.789
1062.0,24.761
1064.0,26.924
1068.0,25.7
1064.0,21.685
1064.0,18.424
1065.0,17.242
1049.0,17.902
1054.0,18.706
1038.0,18.817
1029.0,18.497
1035.0,19.121
1044.0,19.906
1054.0,19.399
1053.0,19.256
1049.0,20.603
1072.0,22.437
1052.0,23.787
1046.0,24.515
1067.0,24.865
1219.0,25.16
1352.0,25.624
1595.0,25.983
1730.0,25.575
1333.0,24.441
1244.0,23.425
1242.0,24.751
1593.0,27.751
1814.0,28.925
1768.0,29.521
1694.0,31.658
2107.0,33.913
1733.0,34.285
1853.0,33.612
1416.0,33.797
1057.0,35.569
1034.0,37.647
1101.0,40.676
1094.0,43.611
1325.0,45.506
1537.0,46.882
1824.0,49.121
1432.0,52.508
1671.0,54.921
1926.0,55.046
1862.0,53.717
1748.0,53.456
1331.0,52.447
1815.0,51.662
1569.0,53.573
1035.0,54.587
1098.0,51.411
1049.0,9.648
1034.0,10.773
1054.0,12.543
1063.0,13.972
1220.0,14.826
1472.0,15.746
1371.0,16.764
1100.0,17.743
1064.0,19.114
1073.0,21.534
1062.0,23.679
1061.0,23.033
1056.0,19.979
1063.0,17.87
1065.0,17.724
1053.0,19.18
1055.0,20.037
1047.0,19.586
1040.0,18.488
1038.0,18.314
1003.0,18.128
988.0,17.752
1020.0,18.057
1043.0,19.518
1035.0,21.256
1036.0,22.736
1027.0,23.236
1040.0,23.176
1037.0,23.129
1025.0,22.746
1137.0,22.626
1911.0,22.28
2067.0,20.991
1551.0,20.418
1381.0,20.997
1325.0,22.856
1302.0,23.886
1864.0,24.962
1898.0,27.578
2209.0,29.872
2324.0,30.579
2051.0,30.03
1942.0,30.553
1248.0,32.309
1030.0,34.894
1129.0,37.399
1790.0,40.347
1547.0,42.413
1253.0,44.389
1538.0,47.694
1873.0,51.454
1473.0,54.136
1352.0,54.731
1408.0,53.683
1373.0,53.32
1837.0,52.714
1321.0,52.929
1365.0,55.032
1205.0,56.586
1055.0,54.221
1062.0,9.832
1074.0,11.2
1072.0,13.154
1075.0,14.591
1072.0,15.188
1080.0,15.737
1067.0,16.286
1058.0,16.622
1057.0,17.27
1068.0,19.531
1076.0,21.925
1183.0,21.792
1216.0,19.68
1179.0,18.251
1065.0,18.923
1063.0,20.406
1058.0,21.056
1058.0,20.426
1054.0,19.059
1043.0,18.228
1043.0,17.689
1039.0,17.177
1052.0,17.686
1059.0,19.085
1047.0,20.753
1031.0,22.34
1048.0,23.107
1035.0,23.001
1033.0,22.425
1087.0,21.65
1086.0,20.818
1019.0,19.788
1018.0,19.003
1035.0,18.196
1062.0,18.684
1073.0,19.828
1089.0,20.888
1155.0,22.301
1153.0,24.602
1085.0,26.908
1049.0,27.371
1066.0,26.897
1167.0,27.545
1093.0,29.597
1040.0,32.269
1011.0,35.143
1306.0,38.62
2227.0,40.351
1869.0,43.02
1607.0,45.955
2040.0,49.519
1597.0,52.557
1073.0,54.307
1025.0,54.394
1041.0,54.143
1135.0,54.331
1815.0,54.152
1315.0,55.858
1622.0,57.733
1686.0,56.225
1080.0,10.081
1057.0,11.731
1077.0,13.79
1101.0,15.052
1091.0,15.72
1076.0,15.929
1080.0,16.174
1078.0,16.094
1051.0,16.55
1067.0,18.526
1071.0,20.848
1058.0,20.987
1120.0,19.58
1119.0,18.493
1072.0,19.054
1059.0,20.213
1066.0,20.783
1051.0,20.446
1041.0,19.299
1031.0,18.542
1028.0,17.894
1020.0,17.426
1017.0,17.665
1024.0,19.145
1027.0,20.895
1027.0,22.491
1050.0,23.242
1045.0,23.192
1038.0,22.862
1036.0,22.077
1016.0,20.91
1034.0,19.194
1018.0,18.024
1040.0,17.54
1047.0,17.545
1048.0,18.181
1042.0,19.318
1045.0,20.594
1024.0,22.56
1054.0,24.444
1059.0,24.329
1063.0,24.092
1057.0,24.866
1069.0,27.368
1057.0,30.327
1038.0,33.546
1051.0,37.124
1069.0,39.596
1090.0,42.17
1087.0,44.699
1076.0,47.242
1079.0,50.282
1070.0,52.762
1058.0,54.068
1043.0,54.546
1063.0,54.957
1404.0,55.048
2028.0,56.702
1845.0,58.144
1660.0,56.984
1872.0,10.341
1799.0,11.95
1556.0,14.091
1469.0,15.327
1554.0,15.859
1466.0,16.276
1382.0,16.476
1328.0,15.969
1516.0,16.374
1422.0,17.979
1206.0,20.068
1196.0,20.439
1263.0,19.457
1353.0,18.404
1280.0,18.585
1089.0,19.578
1073.0,20.038
1072.0,20.06
1071.0,19.378
1073.0,18.875
1052.0,18.148
1033.0,17.561
1017.0,18.007
1017.0,19.354
1028.0,21.068
1047.0,22.812
1085.0,23.557
1049.0,23.691
1044.0,23.668
1043.0,23.207
1038.0,21.823
1033.0,19.583
1030.0,18.215
1008.0,17.429
1022.0,17.358
1032.0,17.852
1042.0,18.59
1029.0,19.855
1018.0,21.495
1022.0,22.768
1024.0,22.584
1027.0,22.222
1028.0,23.204
1022.0,25.692
1032.0,29.342
1042.0,33.079
1010.0,36.701
1013.0,39.286
1024.0,41.73
1047.0,43.791
1047.0,45.911
1040.0,48.188
1039.0,50.904
1040.0,52.665
1054.0,53.658
1045.0,54.279
1100.0,54.718
1264.0,56.3
1430.0,57.959
1571.0,57.248
1382.0,10.204
1357.0,12.033
1514.0,14.038
1691.0,15.418
1396.0,15.963
1138.0,16.669
1505.0,16.683
1437.0,16.391
1309.0,16.304
1323.0,17.806
1347.0,19.661
1478.0,20.095
1534.0,19.262
1160.0,18.591
1129.0,18.638
1182.0,19.458
1222.0,19.867
1081.0,19.863
1063.0,19.291
1059.0,18.899
1070.0,18.333
1052.0,17.965
1023.0,18.108
1010.0,19.504
1018.0,21.159
1022.0,22.973
1020.0,23.753
997.0,24.265
1040.0,24.452
1044.0,24.409
1039.0,23.102
1038.0,20.888
1046.0,19.571
1037.0,18.577
1034.0,18.208
1036.0,18.687
1040.0,19.333
1044.0,20.228
1035.0,21.459
1029.0,22.811
1048.0,22.983
1045.0,22.974
1042.0,23.37
1048.0,25.666
1052.0,29.386
1048.0,33.615
1053.0,36.943
1046.0,39.423
1041.0,42.14
1034.0,44.538
1050.0,45.566
1044.0,47.613
1045.0,49.946
1038.0,51.699
1048.0,52.255
1061.0,52.627
1082.0,53.622
1065.0,55.454
1123.0,57.556
1374.0,57.137
1503.0,9.659
1479.0,11.639
1357.0,13.741
1314.0,15.057
1406.0,15.962
1327.0,16.639
1127.0,17.006
1259.0,16.715
1393.0,16.583
1251.0,17.719
1318.0,19.279
1321.0,19.618
1286.0,19.067
1473.0,18.332
1235.0,18.61
1122.0,19.447
1373.0,20.028
1439.0,20.116
1366.0,19.51
1210.0,19.165
1061.0,18.592
1066.0,18.146
1084.0,18.405
1046.0,19.835
1036.0,21.658
1050.0,23.628
1054.0,24.736
1049.0,25.301
1042.0,25.716
1017.0,25.933
1030.0,25.125
1034.0,23.26
1036.0,21.902
1040.0,21.225
1046.0,21.044
1042.0,21.21
1032.0,21.708
1032.0,22.391
1041.0,23.631
1036.0,25.042
1027.0,25.854
1031.0,26.295
1044.0,26.723
1063.0,28.659
1050.0,31.737
1046.0,36.186
1055.0,39.589
1052.0,42.034
1054.0,44.869
1048.0,46.537
1038.0,46.872
1043.0,48.473
1053.0,50.295
1050.0,51.629
1045.0,51.583
1037.0,51.782
1034.0,52.768
1039.0,54.82
1069.0,56.71
1077.0,55.667
1116.0,9.003
1338.0,11.151
1482.0,12.977
1399.0,14.509
1270.0,15.661
1287.0,16.797
1389.0,17.445
1306.0,17.461
1135.0,17.457
1260.0,18.336
1397.0,19.382
1272.0,19.532
1313.0,18.875
1265.0,18.392
1258.0,18.615
1511.0,19.479
1224.0,20.28
1119.0,20.616
1402.0,20.129
1326.0,19.766
1406.0,19.208
1508.0,18.841
1356.0,19.079
1373.0,20.562
1313.0,22.441
1093.0,24.921
1039.0,26.28
1052.0,27.275
1044.0,27.894
1029.0,28.48
1021.0,28.334
1028.0,27.194
1058.0,26.466
1049.0,26.007
1033.0,25.723
1041.0,26.19
1039.0,26.257
1028.0,26.054
1038.0,27.09
1041.0,28.423
1046.0,30.177
1039.0,31.374
1048.0,32.81
1046.0,34.061
1042.0,36.768
1029.0,40.188
1038.0,43.594
1053.0,45.975
1058.0,48.45
1053.0,49.61
1041.0,49.852
1045.0,50.542
1048.0,52.346
1050.0,53.496
1048.0,52.711
1045.0,51.949
1051.0,52.556
1045.0,54.957
1037.0,56.569
1030.0,54.373
1023.0,8.421
1034.0,10.709
1046.0,12.771
1068.0,14.333
1158.0,16.004
1328.0,17.415
1512.0,18.516
1442.0,18.921
1369.0,19.148
1433.0,20.103
1508.0,21.06
1307.0,20.919
1148.0,20.036
1481.0,19.549
1408.0,19.614
1246.0,20.245
1290.0,20.693
1263.0,21.38
1258.0,21.276
1482.0,20.96
1210.0,20.376
1150.0,20.274
1412.0,20.782
1336.0,22.101
1413.0,25.022
1473.0,28.736
1296.0,31.194
1373.0,32.538
1290.0,32.781
1141.0,32.973
1034.0,33.063
1029.0,33.076
1057.0,33.074
1066.0,33.182
1063.0,33.232
1066.0,33.688
1075.0,33.661
1070.0,32.928
1043.0,32.605
1041.0,33.398
1037.0,35.699
1040.0,38.693
1039.0,40.554
1043.0,42.095
1055.0,44.03
1056.0,46.364
1047.0,48.941
1037.0,50.999
1026.0,52.76
1027.0,53.05
1019.0,53.212
1027.0,54.366
1038.0,56.089
1038.0,57.241
1034.0,56.887
1031.0,55.14
1032.0,54.913
1029.0,56.829
1021.0,57.561
1033.0,53.476
1032.0,8.164
1034.0,10.941
1035.0,13.742
1036.0,15.903
1030.0,18.052
1031.0,19.698
1034.0,20.971
1048.0,21.39
1105.0,22.023
1586.0,22.811
2069.0,23.981
1888.0,23.906
1819.0,22.786
1804.0,21.809
1635.0,21.254
1465.0,21.601
1555.0,21.832
1540.0,22.702
1421.0,22.842
1349.0,22.725
1364.0,22.482
1410.0,22.951
1417.0,23.542
1543.0,25.307
1158.0,28.946
1146.0,35.094
1343.0,39.304
1368.0,40.52
1157.0,40.346
1089.0,39.817
1068.0,39.756
1102.0,40.082
1082.0,40.502
1052.0,41.3
1056.0,41.81
1049.0,42.509
1051.0,43.021
1044.0,42.333
1072.0,40.73
1060.0,40.353
1048.0,42.527
1035.0,46.062
1027.0,48.647
1048.0,50.262
1032.0,51.435
1008.0,52.501
1020.0,53.679
1025.0,55.455
1036.0,57.376
1025.0,57.472
1016.0,57.144
1025.0,58.012
1056.0,60.072
1047.0,62.087
1047.0,61.987
1060.0,60.198
1077.0,59.503
1087.0,61.26
1080.0,60.728
1055.0,54.288
1045.0,8.577
1064.0,12.187
1074.0,15.85
1143.0,18.768
1438.0,20.929
1452.0,22.984
1152.0,24.383
1082.0,25.186
1091.0,25.431
1127.0,25.743
1169.0,26.042
1983.0,25.962
1516.0,25.351
1729.0,24.01
1721.0,23.156
1153.0,23.258
1329.0,24.008
1574.0,24.85
1598.0,25.411
1501.0,25.557
1420.0,25.917
1449.0,26.898
1475.0,27.887
1161.0,29.991
1041.0,34.879
1124.0,42.108
1322.0,46.989
1271.0,47.729
1088.0,47.671
1058.0,47.64
1072.0,47.719
1073.0,47.882
1065.0,47.906
1044.0,48.494
1036.0,49.434
1045.0,50.726
1049.0,51.949
1047.0,51.594
1039.0,49.661
1056.0,48.093
1063.0,49.132
1056.0,52.031
1041.0,54.326
1041.0,55.807
1040.0,56.538
1027.0,57.133
1023.0,58.061
1012.0,59.309
1025.0,60.906
1063.0,61.161
1052.0,61.117
1059.0,62.072
1063.0,63.758
1069.0,65.513
1149.0,66.125
1146.0,64.47
1079.0,63.895
1207.0,65.277
1756.0,63.905
2337.0,54.954
1817.0,10.136
1113.0,14.116
1036.0,17.102
1248.0,19.264
1876.0,21.313
1572.0,23.374
1346.0,25.588
1396.0,26.581
1618.0,27.06
1752.0,27.049
1879.0,26.503
2235.0,26.479
1884.0,25.743
1302.0,24.831
1785.0,24.104
1595.0,24.628
1147.0,25.788
1074.0,26.859
1084.0,27.885
1069.0,29.404
1073.0,30.679
1084.0,32.457
1076.0,34.506
1060.0,37.298
1067.0,42.097
1076.0,48.59
1072.0,52.638
1075.0,53.207
1074.0,53.276
1076.0,53.649
1073.0,54.803
1056.0,55.755
1039.0,55.654
1033.0,55.337
1035.0,56.0
1043.0,57.813
1044.0,59.335
1051.0,59.543
1053.0,57.708
1055.0,55.576
1064.0,55.27
1056.0,56.914
1049.0,59.26
1048.0,60.556
1030.0,61.318
1045.0,62.086
1052.0,62.971
1100.0,64.14
1077.0,64.443
1036.0,64.483
1035.0,64.354
1098.0,65.6
1595.0,67.0
2060.0,68.649
1614.0,68.692
1250.0,67.0
1635.0,66.365
1823.0,67.155
1988.0,64.76
2271.0,54.081
1852.0,10.519
1776.0,14.355
1692.0,16.919
1085.0,18.621
1051.0,20.369
1232.0,22.31
1733.0,24.373
1418.0,25.626
1440.0,26.112
1687.0,26.191
1746.0,26.023
1636.0,25.301
1617.0,24.761
1633.0,24.069
1645.0,24.308
2021.0,25.659
1913.0,26.85
1825.0,28.787
1367.0,30.633
1034.0,33.382
1044.0,36.005
1049.0,39.219
1100.0,42.58
1115.0,46.075
1048.0,49.811
1049.0,54.897
1063.0,57.816
1068.0,57.996
1072.0,57.731
1045.0,58.064
1056.0,59.75
1058.0,61.655
1049.0,62.46
1040.0,61.774
1032.0,61.897
1040.0,63.426
1052.0,64.524
1048.0,64.956
1047.0,63.502
1044.0,61.203
1043.0,60.695
1027.0,62.327
1029.0,63.814
1074.0,64.945
1051.0,65.478
1024.0,66.622
1043.0,67.943
1042.0,68.649
1050.0,68.911
1053.0,68.268
1130.0,68.385
1660.0,69.223
2175.0,70.686
1904.0,71.604
1301.0,70.82
1127.0,68.649
1325.0,67.122
1734.0,67.286
1722.0,64.222
1478.0,52.733
1724.0,9.775
2073.0,13.516
1675.0,16.285
1814.0,18.26
1184.0,19.897
1060.0,21.88
1050.0,23.282
1082.0,23.988
1337.0,24.448
1656.0,24.764
1904.0,24.236
1772.0,23.64
1895.0,23.443
1873.0,23.832
1697.0,24.933
1820.0,26.224
1961.0,27.596
1577.0,29.823
1520.0,33.281
1127.0,37.017
1015.0,41.038
1036.0,45.455
1068.0,49.92
1270.0,53.542
1371.0,56.977
1194.0,60.144
1056.0,62.061
1059.0,62.699
1061.0,62.169
1066.0,62.267
1054.0,63.741
1057.0,66.089
1064.0,66.548
1061.0,65.719
1052.0,65.897
1051.0,67.257
1055.0,68.319
1057.0,68.638
1054.0,66.672
1047.0,64.161
1052.0,63.746
1055.0,65.564
1056.0,67.492
1052.0,68.047
1969.0,68.792
1256.0,70.023
1043.0,71.072
1056.0,71.801
1065.0,71.906
1043.0,72.119
1072.0,72.008
1095.0,72.301
1122.0,72.961
1549.0,72.912
1223.0,72.116
1090.0,69.643
1279.0,67.92
1174.0,68.012
1092.0,65.11
1087.0,53.522
1076.0,9.39
1095.0,12.932
1380.0,15.896
1171.0,18.025
1061.0,19.753
1069.0,21.333
1058.0,22.637
1049.0,23.257
1027.0,22.997
1040.0,22.522
1080.0,21.994
1084.0,21.827
1096.0,22.694
1087.0,24.221
1066.0,25.544
1044.0,26.697
1079.0,27.635
1091.0,30.992
1081.0,35.855
1073.0,41.009
1070.0,45.836
1080.0,50.778
1205.0,55.307
1247.0,58.963
1267.0,61.957
1140.0,64.658
1070.0,66.365
1068.0,66.965
1061.0,66.46
1063.0,66.351
1056.0,67.349
1049.0,68.947
1059.0,69.0
1049.0,68.423
1036.0,68.962
1050.0,70.355
1061.0,71.321
1063.0,71.129
1064.0,69.152
1054.0,66.215
1056.0,65.584
1059.0,67.718
1048.0,69.8
1050.0,70.361
2307.0,70.558
2376.0,71.445
2393.0,72.464
2329.0,72.814
2276.0,73.328
1898.0,73.679
1131.0,73.098
1056.0,73.177
1082.0,73.598
1287.0,73.69
1263.0,72.828
1203.0,71.087
1154.0,69.803
1002.0,69.745
1023.0,67.544
1000.0,56.568
984.0,9.166
1024.0,12.875
1047.0,15.958
1050.0,18.161
1057.0,20.096
1069.0,21.601
1069.0,23.011
1069.0,23.538
1044.0,23.489
1028.0,22.533
1024.0,21.771
1020.0,22.11
1049.0,23.734
1054.0,25.996
1083.0,28.527
1073.0,28.946
1066.0,29.199
1075.0,33.305
1067.0,39.774
1060.0,46.108
1069.0,51.506
1056.0,56.212
1060.0,59.948
1064.0,62.855
1062.0,65.496
1055.0,67.568
1053.0,69.144
1063.0,69.578
1069.0,69.559
1068.0,69.085
1058.0,69.703
1039.0,70.894
1038.0,70.812
1047.0,69.872
1049.0,70.592
1052.0,72.429
1053.0,73.256
1057.0,72.529
1063.0,69.908
1059.0,66.896
1056.0,66.289
1051.0,68.287
1056.0,70.705
1028.0,71.279
2263.0,71.191
2321.0,71.528
2342.0,72.355
2233.0,72.827
2229.0,73.074
2251.0,72.913
1968.0,72.129
1288.0,71.702
1069.0,72.045
1136.0,73.315
1387.0,73.389
1227.0,72.113
1245.0,70.646
1123.0,71.31
994.0,68.97
1022.0,57.721
1044.0,8.729
1054.0,12.581
1049.0,15.515
1042.0,17.911
1057.0,20.103
1061.0,22.003
1061.0,23.822
1056.0,25.39
996.0,25.733
1005.0,25.452
1059.0,24.943
1063.0,25.152
1059.0,26.74
1055.0,29.536
1053.0,32.258
1029.0,32.45
990.0,32.338
1019.0,36.865
1043.0,44.22
1052.0,51.124
1046.0,56.634
1041.0,60.601
1052.0,63.867
1046.0,66.118
1037.0,68.018
1027.0,69.641
1035.0,70.993
1042.0,71.205
1055.0,70.854
1054.0,70.311
1052.0,70.64
1054.0,71.789
1051.0,71.278
1048.0,70.405
1050.0,70.991
1045.0,72.714
1027.0,73.037
1044.0,72.012
1060.0,69.695
1069.0,66.584
1055.0,65.619
1050.0,67.411
1063.0,70.155
1066.0,70.748
1960.0,70.084
2482.0,70.181
2272.0,71.052
2003.0,71.341
1569.0,71.438
1417.0,70.861
1293.0,69.889
1528.0,69.132
1213.0,69.749
1202.0,71.337
1517.0,72.983
1275.0,72.067
1262.0,70.643
1553.0,71.413
1078.0,68.775
983.0,56.912
1011.0,8.184
1049.0,11.905
1043.0,14.754
1046.0,17.57
1055.0,20.298
1035.0,22.666
1038.0,25.681
1022.0,28.265
982.0,30.198
999.0,30.644
1046.0,30.831
1066.0,31.158
1068.0,32.195
1067.0,34.746
1065.0,36.573
1041.0,36.383
1018.0,36.0
1014.0,41.053
1000.0,48.867
1026.0,55.739
1047.0,60.469
1046.0,63.425
1050.0,65.857
1050.0,67.425
1040.0,68.245
1035.0,69.327
1035.0,69.881
1034.0,69.295
1060.0,68.649
1063.0,68.649
1052.0,69.249
1055.0,70.552
1056.0,69.976
1048.0,68.368
1040.0,68.556
1033.0,69.163
1060.0,69.277
1068.0,68.273
1072.0,65.848
1079.0,62.701
1070.0,61.204
1066.0,62.172
1069.0,64.252
1070.0,64.816
2238.0,64.482
2417.0,64.521
2615.0,65.889
2600.0,66.203
2120.0,65.993
577.0,65.022
778.0,63.243
1026.0,61.764
1405.0,62.596
1167.0,65.259
952.0,68.649
1449.0,69.155
2219.0,68.718
1969.0,69.625
1094.0,66.893
993.0,54.465
1045.0,7.412
1048.0,10.744
1056.0,14.261
1052.0,18.224
1053.0,21.571
1042.0,24.734
973.0,28.169
1001.0,32.179
1037.0,35.159
1014.0,37.043
992.0,37.374
1002.0,37.491
1001.0,38.233
1037.0,39.741
1037.0,40.394
1029.0,39.759
1022.0,40.048
996.0,45.006
979.0,52.806
977.0,58.544
998.0,61.98
1041.0,63.782
1049.0,64.625
1053.0,64.845
1041.0,64.567
1034.0,64.076
1052.0,63.27
1059.0,61.293
1073.0,59.883
1076.0,60.457
1068.0,61.889
1070.0,63.879
1062.0,63.391
1071.0,57.663
1074.0,58.771
1059.0,59.429
1061.0,61.607
1069.0,59.143
1071.0,46.601
1062.0,5.701
1048.0,8.645
1048.0,13.649
1045.0,20.146
1043.0,24.742
1719.0,28.07
2508.0,31.117
2290.0,35.302
2218.0,38.679
1080.0,40.541
829.0,41.128
430.0,41.288
837.0,41.916
627.0,42.869
471.0,43.071
688.0,42.64
360.0,42.826
1093.0,46.831
1165.0,52.93
549.0,57.171
1144.0,58.56
1045.0,58.312
1014.0,58.012
990.0,42.885
1025.0,32.388
992.0,5.196
949.0,8.344
944.0,14.783
961.0,23.445
982.0,29.223
968.0,32.26
959.0,34.251
959.0,36.929
962.0,40.093
990.0,41.905
985.0,42.232
957.0,42.669
964.0,43.441
984.0,44.118
1004.0,44.144
1028.0,42.754
1054.0,41.857
1069.0,43.555
1071.0,46.477
1070.0,6.083
1060.0,9.687
1052.0,16.284
1053.0,24.493
1066.0,30.014
1081.0,32.589
1079.0,34.192
1066.0,36.135
1042.0,39.576
1043.0,41.659
1056.0,42.45
1059.0,42.536
1039.0,43.348
1046.0,43.416
1072.0,41.79
1047.0,39.758
922.0,7.16
802.0,12.082
705.0,18.239
675.0,24.44
678.0,28.702
1069.0,30.719
1051.0,31.977
822.0,33.543
1021.0,36.412
918.0,37.817
931.0,38.171
1001.0,38.12
850.0,38.994
860.0,38.967
646.0,7.976
710.0,14.114
716.0,21.177
1000.0,26.353
1849.0,29.365
1811.0,30.458
1121.0,30.698
1071.0,30.883
1027.0,30.032
1002.0,29.411
1024.0,28.636
1000.0,29.083
1033.0,7.806
1039.0,5.182
1013.0,12.736
970.0,22.149
971.0,29.037
967.0,31.09
962.0,30.13
972.0,29.906
980.0,30.248
1012.0,31.343
1041.0,31.067
1065.0,4.452
1067.0,10.219
1050.0,17.694
1051.0,23.997
1045.0,27.089
1043.0,27.778
1044.0,28.049
1039.0,29.49
1025.0,31.605
1026.0,34.004
1043.0,36.027
1006.0,36.646
974.0,35.382
877.0,34.194
900.0,3.453
997.0,7.511
1076.0,12.828
1032.0,18.226
1011.0,21.252
979.0,22.849
629.0,24.028
221.0,26.283
224.0,29.673
321.0,33.406
425.0,36.546
280.0,37.923
411.0,37.865
515.0,37.003
455.0,36.816
224.0,35.99
161.0,3.176
233.0,5.887
526.0,10.114
877.0,14.67
413.0,17.713
102.0,19.376
96.0,20.9
73.0,23.472
424.0,26.574
760.0,29.817
797.0,32.664
755.0,34.337
858.0,34.629
742.0,34.372
1204.0,36.114
1105.0,37.308
1020.0,37.502
1026.0,37.484
1052.0,38.464
1066.0,40.241
1049.0,41.227
972.0,40.791
977.0,39.618
1025.0,46.161
1063.0,4.831
1060.0,7.177
1054.0,10.045
1037.0,13.481
1030.0,15.937
1035.0,17.49
1040.0,18.943
1027.0,20.727
1020.0,22.495
1027.0,24.763
881.0,27.823
472.0,30.4
199.0,30.779
60.0,31.206
15.0,33.407
17.0,35.513
15.0,36.344
27.0,37.164
27.0,38.054
35.0,39.732
110.0,41.639
376.0,42.205
538.0,41.897
181.0,41.258
98.0,41.143
259.0,42.058
113.0,42.607
2.0,43.075
12.0,42.948
4.0,42.955
8.0,43.571
568.0,45.407
589.0,47.37
293.0,48.513
262.0,49.728
365.0,49.985
364.0,50.028
715.0,49.962
825.0,49.861
646.0,50.415
774.0,50.393
858.0,50.885
824.0,51.986
742.0,53.815
537.0,54.919
630.0,54.132
645.0,52.6
1273.0,51.239
1427.0,50.047
1059.0,48.134
1050.0,7.165
1045.0,9.881
1037.0,12.505
1048.0,14.602
1055.0,16.113
1041.0,17.062
1034.0,17.995
1040.0,18.808
1029.0,20.253
1031.0,22.293
1036.0,25.683
1019.0,28.765
652.0,29.046
96.0,29.341
13.0,30.995
17.0,32.198
12.0,32.869
21.0,33.604
16.0,34.716
20.0,36.572
27.0,38.577
58.0,39.157
166.0,38.996
494.0,38.169
708.0,38.849
726.0,40.711
764.0,42.759
320.0,43.932
49.0,44.08
11.0,43.775
18.0,44.971
661.0,47.398
543.0,49.594
689.0,51.166
775.0,52.588
765.0,54.193
516.0,54.919
488.0,54.855
522.0,54.553
642.0,54.399
649.0,54.68
636.0,54.919
609.0,54.892
747.0,55.95
630.0,56.72
685.0,57.041
1702.0,56.826
1573.0,56.042
1084.0,55.37
1059.0,54.919
1037.0,54.719
1041.0,53.803
1048.0,52.729
1042.0,51.851
1029.0,53.044
1043.0,52.631
808.0,52.652
213.0,52.969
130.0,49.821
91.0,39.965
17.0,8.562
8.0,12.253
17.0,14.747
25.0,16.279
145.0,17.097
273.0,17.48
518.0,18.127
584.0,18.73
380.0,19.792
506.0,22.051
630.0,25.817
566.0,28.961
867.0,29.187
730.0,28.46
527.0,28.3
543.0,27.982
622.0,27.586
464.0,28.259
349.0,29.907
424.0,31.949
1641.0,34.077
1886.0,34.709
1122.0,34.047
1074.0,33.089
1043.0,34.015
1033.0,37.529
974.0,40.411
736.0,41.904
802.0,42.078
801.0,42.127
349.0,43.238
38.0,45.889
8.0,48.086
8.0,49.701
93.0,51.497
404.0,53.66
1998.0,54.859
972.0,55.058
961.0,54.919
967.0,54.926
1713.0,54.96
1881.0,54.919
1457.0,54.664
1179.0,55.291
1161.0,56.6
1146.0,57.42
1220.0,57.836
1371.0,57.348
1430.0,56.905
1094.0,57.513
1054.0,58.74
1039.0,58.961
849.0,58.433
430.0,58.806
83.0,59.719
75.0,59.127
35.0,58.102
6.0,58.214
3.0,54.919
3.0,44.959
66.0,8.938
1115.0,12.757
1098.0,15.523
1053.0,16.765
1135.0,17.19
1047.0,17.633
1015.0,17.943
1044.0,18.543
1056.0,19.348
1026.0,21.857
872.0,25.741
889.0,28.684
1057.0,28.623
1054.0,27.074
857.0,25.729
266.0,24.302
42.0,23.486
14.0,23.693
12.0,25.277
6.0,27.514
40.0,30.058
122.0,30.773
649.0,29.75
68.0,28.714
18.0,29.627
51.0,33.377
361.0,36.921
923.0,38.31
1027.0,38.519
553.0,38.592
68.0,40.074
19.0,42.616
43.0,44.275
428.0,45.833
925.0,47.763
359.0,50.351
101.0,52.12
599.0,52.858
403.0,53.004
16.0,53.139
51.0,53.525
151.0,53.036
792.0,52.432
205.0,53.359
54.0,54.702
65.0,55.749
15.0,56.683
15.0,56.498
30.0,56.206
30.0,57.15
22.0,58.701
30.0,59.753
207.0,59.536
913.0,60.427
956.0,61.294
934.0,60.368
11.0,59.309
25.0,58.952
41.0,56.382
1011.0,47.019
1023.0,9.006
1000.0,12.722
738.0,15.259
861.0,16.597
500.0,17.135
284.0,17.271
849.0,17.829
13.0,18.133
27.0,19.329
99.0,21.642
655.0,25.646
1009.0,28.202
701.0,27.765
88.0,25.746
1.0,23.554
58.0,21.811
124.0,20.666
420.0,21.112
896.0,22.154
1031.0,24.664
1012.0,26.854
706.0,27.312
207.0,26.236
99.0,25.718
28.0,26.973
9.0,30.056
23.0,32.755
29.0,34.141
1090.0,34.378
1079.0,34.907
1052.0,36.482
1072.0,38.574
1096.0,39.942
1075.0,40.352
1055.0,42.264
1025.0,45.362
1041.0,47.851
979.0,49.041
727.0,49.956
169.0,50.137
30.0,50.159
31.0,49.925
2130.0,49.598
1954.0,50.1
2067.0,52.087
2182.0,53.75
2406.0,55.173
2404.0,55.37
2305.0,55.178
2102.0,56.161
1374.0,57.828
1134.0,58.906
1073.0,58.924
990.0,59.876
1034.0,61.074
994.0,60.49
690.0,58.908
123.0,58.939
6.0,56.296
16.0,47.485
5.0,9.199
25.0,12.857
486.0,15.236
503.0,16.231
543.0,16.716
358.0,17.162
534.0,17.541
1481.0,18.105
1816.0,19.184
2028.0,21.932
1994.0,25.832
1930.0,27.73
1676.0,26.555
1274.0,23.84
1081.0,21.565
1062.0,19.655
1052.0,18.755
1043.0,19.229
1046.0,20.603
851.0,22.819
278.0,24.566
1.0,24.783
15.0,23.746
9.0,23.845
4.0,25.181
22.0,27.341
315.0,29.174
706.0,30.559
833.0,31.129
790.0,31.757
909.0,33.084
763.0,34.852
809.0,35.159
661.0,35.251
566.0,37.176
820.0,40.476
652.0,43.028
331.0,44.562
290.0,45.737
206.0,46.433
1360.0,46.416
1363.0,45.977
1053.0,45.911
1050.0,47.028
1062.0,48.957
1067.0,51.081
1048.0,53.035
1032.0,53.663
955.0,53.768
544.0,54.356
174.0,56.696
16.0,57.779
4.0,57.608
27.0,58.347
40.0,59.981
22.0,58.919
22.0,57.065
311.0,57.335
577.0,54.93
618.0,46.766
463.0,9.652
33.0,13.106
334.0,15.13
118.0,16.144
215.0,16.57
252.0,16.858
93.0,17.584
11.0,18.276
633.0,19.727
825.0,22.616
467.0,26.425
298.0,27.64
204.0,25.034
118.0,21.62
128.0,18.987
118.0,17.638
114.0,17.221
281.0,17.839
556.0,19.336
1151.0,21.2
1300.0,22.731
1018.0,22.733
1034.0,22.29
1051.0,22.818
1063.0,24.375
1068.0,26.048
1062.0,27.338
1039.0,28.373
1035.0,28.677
1052.0,29.301
1039.0,30.225
1020.0,31.148
1016.0,31.095
1042.0,31.283
1052.0,33.159
943.0,36.232
643.0,38.168
384.0,39.181
225.0,40.552
91.0,42.024
21.0,42.359
9.0,41.872
18.0,42.31
30.0,43.476
47.0,45.482
160.0,47.677
231.0,50.271
629.0,51.272
708.0,51.556
191.0,52.829
184.0,55.29
62.0,56.295
73.0,56.419
61.0,56.644
5.0,57.974
12.0,56.877
2.0,54.919
573.0,54.578
612.0,52.904
641.0,45.572
695.0,9.571
592.0,12.672
612.0,14.273
301.0,15.02
584.0,15.459
891.0,16.267
889.0,17.226
985.0,18.523
1390.0,20.614
1346.0,23.765
989.0,27.252
1028.0,27.649
1048.0,24.246
1057.0,19.961
1058.0,17.265
1054.0,16.416
1061.0,16.774
1067.0,17.568
1061.0,18.623
1062.0,20.236
1054.0,21.462
1053.0,21.193
1064.0,20.89
1057.0,21.961
1062.0,23.694
1057.0,25.204
1059.0,26.172
1071.0,27.072
1055.0,27.466
1046.0,27.605
1051.0,27.763
1048.0,27.778
1036.0,27.363
1020.0,27.763
813.0,29.571
534.0,32.058
529.0,32.946
463.0,33.163
298.0,34.797
162.0,37.047
126.0,37.482
175.0,37.409
459.0,38.171
457.0,39.558
785.0,40.819
746.0,43.252
593.0,46.679
214.0,48.051
62.0,48.977
12.0,50.237
9.0,52.721
17.0,54.909
19.0,54.737
12.0,54.918
16.0,55.479
106.0,54.112
970.0,51.738
724.0,51.088
458.0,49.63
782.0,44.272
480.0,8.694
451.0,10.704
657.0,11.787
767.0,12.518
429.0,13.115
605.0,14.256
1885.0,16.178
1890.0,18.348
1122.0,21.21
1056.0,24.556
1033.0,27.441
1007.0,26.733
1005.0,22.499
1052.0,18.304
1062.0,16.214
1063.0,16.329
1057.0,17.089
1060.0,17.668
1057.0,17.951
1064.0,19.258
1066.0,20.217
1038.0,20.096
996.0,19.614
955.0,20.968
961.0,22.586
981.0,24.153
998.0,24.972
1033.0,25.678
1062.0,26.166
1057.0,26.412
1061.0,25.996
1060.0,25.243
1050.0,24.077
1058.0,23.734
1065.0,25.305
1058.0,27.885
1054.0,28.066
1068.0,27.983
1064.0,29.849
1055.0,32.442
1045.0,32.601
1055.0,32.036
1076.0,32.522
1068.0,33.961
1072.0,36.12
1070.0,38.985
985.0,42.789
781.0,44.097
533.0,44.843
411.0,46.825
387.0,49.973
332.0,52.316
501.0,52.362
808.0,51.618
999.0,51.647
1049.0,50.277
860.0,48.723
796.0,48.782
1076.0,48.708
1268.0,44.918
1047.0,8.775
686.0,10.088
832.0,11.119
1183.0,11.836
1195.0,12.489
1754.0,13.66
1684.0,15.489
1206.0,17.445
1022.0,20.008
1044.0,22.929
1041.0,25.301
1046.0,24.32
1045.0,20.211
996.0,16.574
1020.0,15.285
1066.0,16.099
1058.0,17.241
1052.0,17.509
1057.0,17.18
1073.0,17.873
1058.0,18.462
1005.0,18.285
1004.0,18.335
1052.0,19.838
1061.0,21.368
1060.0,22.924
1064.0,23.693
1071.0,24.008
1060.0,24.087
1052.0,23.916
1031.0,23.603
982.0,22.526
974.0,20.996
1000.0,20.271
1026.0,20.953
1026.0,22.616
1043.0,23.442
1045.0,23.818
1043.0,26.006
1043.0,28.39
1048.0,28.384
1053.0,27.514
1058.0,27.698
1061.0,29.153
1055.0,32.037
1056.0,35.066
1066.0,38.254
1066.0,39.417
1063.0,40.221
1052.0,42.148
1043.0,45.938
1046.0,49.103
1040.0,50.141
1038.0,48.677
1043.0,48.136
1043.0,47.403
1584.0,47.093
1837.0,48.904
1182.0,50.091
1181.0,48.423
1368.0,10.168
1697.0,11.494
1695.0,12.686
1124.0,13.597
1303.0,14.084
1581.0,14.74
1545.0,15.83
1378.0,16.893
971.0,18.291
991.0,20.326
1019.0,22.594
1026.0,21.719
996.0,18.431
988.0,15.911
982.0,15.53
971.0,16.627
1014.0,17.785
1050.0,17.931
1057.0,17.138
1058.0,16.78
1051.0,16.847
1063.0,16.978
1068.0,17.608
1068.0,19.025
1066.0,20.741
1063.0,22.234
1062.0,22.875
1064.0,23.073
1065.0,22.788
1055.0,22.163
1057.0,21.436
1060.0,20.486
1057.0,19.217
1058.0,18.095
1046.0,18.082
1036.0,18.846
1045.0,19.722
1052.0,20.911
1037.0,23.243
1033.0,24.961
1043.0,25.013
1048.0,24.198
1047.0,24.161
1039.0,25.854
1030.0,28.454
1041.0,31.562
1049.0,34.381
1044.0,35.297
1033.0,35.912
1027.0,37.869
1020.0,41.768
1023.0,45.128
1021.0,46.861
994.0,46.566
969.0,45.919
953.0,46.42
2203.0,47.609
2066.0,50.983
1801.0,53.313
1162.0,52.768
1091.0,10.671
1363.0,12.105
1324.0,13.72
1081.0,14.733
1238.0,15.111
1432.0,15.315
1277.0,15.704
1062.0,15.967
1008.0,16.92
990.0,19.063
975.0,21.37
970.0,21.135
1034.0,18.771
1068.0,16.92
1051.0,16.933
1056.0,17.845
1051.0,18.931
1037.0,18.744
1012.0,17.753
1042.0,17.15
1030.0,16.882
1026.0,16.85
1030.0,17.418
1042.0,18.971
1057.0,20.626
1052.0,22.213
1065.0,22.844
1073.0,23.064
1067.0,22.408
1061.0,21.535
1056.0,20.198
1055.0,18.99
1059.0,17.726
1061.0,16.957
1059.0,16.696
1064.0,17.082
1078.0,17.977
1068.0,19.412
1058.0,21.058
1057.0,22.339
1061.0,22.527
1070.0,21.656
1061.0,21.717
1058.0,23.008
1064.0,25.435
1062.0,28.12
1047.0,30.752
1049.0,32.104
1054.0,33.013
1055.0,34.714
1055.0,37.715
1057.0,41.417
1060.0,43.987
1062.0,44.562
1065.0,44.692
1065.0,46.04
1143.0,48.362
1518.0,52.245
1855.0,55.646
1297.0,56.103
1026.0,10.606
1042.0,12.154
1091.0,13.942
1084.0,15.111
1316.0,15.256
1333.0,15.32
1298.0,15.496
1028.0,15.632
1199.0,16.252
1261.0,18.189
1192.0,20.474
1061.0,20.749
1061.0,19.134
1073.0,17.83
1064.0,17.721
1066.0,18.517
1064.0,19.363
1058.0,19.176
1070.0,18.248
1033.0,17.654
1039.0,17.404
1020.0,17.163
1023.0,17.65
1036.0,19.116
1064.0,20.74
1054.0,22.506
1055.0,23.173
1073.0,23.128
1057.0,22.695
1058.0,21.81
1087.0,20.239
1084.0,18.813
1061.0,17.446
1051.0,16.769
1065.0,16.309
1075.0,16.738
1085.0,17.564
1073.0,18.614
1073.0,19.244
1075.0,19.901
1072.0,19.576
1061.0,19.013
1053.0,19.211
1045.0,20.266
1062.0,22.544
1044.0,25.14
1050.0,27.398
1052.0,28.898
1056.0,30.915
1066.0,33.34
1062.0,35.601
1064.0,38.817
1059.0,41.607
1059.0,42.595
1061.0,43.605
1058.0,45.366
1042.0,49.069
1040.0,53.229
1050.0,56.522
1082.0,57.254
1048.0,10.387
1046.0,12.037
1061.0,13.997
1067.0,15.067
1338.0,15.172
1608.0,15.547
1107.0,15.569
1168.0,15.497
1361.0,15.834
1257.0,17.341
1265.0,19.268
1108.0,19.702
1078.0,18.594
1160.0,17.668
1162.0,17.399
1080.0,18.125
1060.0,18.583
1060.0,18.899
1065.0,18.342
1061.0,18.178
1009.0,17.753
1015.0,17.436
1152.0,17.726
1438.0,19.167
1605.0,20.956
1669.0,22.687
1541.0,23.631
1455.0,23.889
1572.0,23.539
1495.0,22.576
1499.0,21.023
1322.0,19.071
1160.0,17.676
1245.0,16.844
1110.0,16.546
1072.0,16.683
1109.0,17.516
1147.0,18.149
1075.0,18.534
1044.0,18.403
1061.0,18.274
1063.0,17.765
1068.0,17.823
1068.0,18.972
1059.0,20.951
1051.0,23.293
1051.0,25.48
1050.0,27.219
1045.0,30.382
1045.0,33.836
1031.0,35.923
1041.0,38.734
1042.0,41.594
1031.0,43.067
1029.0,43.675
1032.0,45.751
1016.0,49.095
1027.0,53.027
1034.0,56.304
1042.0,56.685
1044.0,10.406
1063.0,12.275
1025.0,14.065
1033.0,15.067
1110.0,15.418
1685.0,15.675
1361.0,15.731
1484.0,15.649
1683.0,15.67
1537.0,16.748
1846.0,18.194
1242.0,18.724
1074.0,17.903
1084.0,17.188
1709.0,17.07
2128.0,17.772
1514.0,18.372
1066.0,18.674
1059.0,18.377
1046.0,18.312
1071.0,18.118
1214.0,17.861
1473.0,18.098
1627.0,19.464
1528.0,21.24
1429.0,23.07
1501.0,23.983
1325.0,24.355
1437.0,24.197
1362.0,23.636
1426.0,22.175
1589.0,19.815
1650.0,18.358
1522.0,17.434
1357.0,17.069
1301.0,17.327
1353.0,18.004
1305.0,18.438
1597.0,18.769
1151.0,18.657
1016.0,18.366
1050.0,17.902
1037.0,17.835
1047.0,18.734
1033.0,21.024
1038.0,23.4
1094.0,25.296
1190.0,27.329
1119.0,30.849
1044.0,34.335
1054.0,36.787
1060.0,39.486
1065.0,42.19
1058.0,43.756
1028.0,44.361
991.0,45.871
973.0,48.789
951.0,52.348
1054.0,54.59
1048.0,54.707
1049.0,9.903
1050.0,11.975
1043.0,14.098
1041.0,15.089
1016.0,15.58
1026.0,15.776
1069.0,16.236
1478.0,16.015
2006.0,15.72
1417.0,16.436
1228.0,17.506
2023.0,17.951
1849.0,17.295
1099.0,16.91
1135.0,17.1
1888.0,17.872
2022.0,18.503
1673.0,18.71
1067.0,18.488
1049.0,18.597
1076.0,18.458
1692.0,18.151
1682.0,18.465
1285.0,19.731
1354.0,21.571
1442.0,23.458
1524.0,24.813
1520.0,25.488
1870.0,26.008
1428.0,25.507
1345.0,24.047
1510.0,21.542
1857.0,19.785
1521.0,18.739
1609.0,18.685
1476.0,19.141
1330.0,19.913
1407.0,20.227
1275.0,20.526
1281.0,20.722
1100.0,20.504
1073.0,19.645
1061.0,19.539
1062.0,20.183
1067.0,22.748
1084.0,25.481
1136.0,27.686
1120.0,29.627
1159.0,32.67
1071.0,35.754
1055.0,37.834
1064.0,40.427
1069.0,43.337
1064.0,44.741
1064.0,45.199
1062.0,45.901
1056.0,48.214
1043.0,51.144
1036.0,52.949
1041.0,52.815
1053.0,9.057
1045.0,11.339
1039.0,13.366
1038.0,14.641
1042.0,15.348
1036.0,16.1
1046.0,16.796
1045.0,16.652
1045.0,16.511
1031.0,16.897
1058.0,17.543
1361.0,17.967
1460.0,17.331
1144.0,16.938
1049.0,17.215
1065.0,18.047
1734.0,18.671
1771.0,18.75
1141.0,18.597
1039.0,18.788
1066.0,18.74
1252.0,18.53
2078.0,19.061
1789.0,20.372
1687.0,22.308
1883.0,24.543
1550.0,26.305
1154.0,27.546
1255.0,28.056
1959.0,28.126
2239.0,26.794
2117.0,24.669
2073.0,22.678
1376.0,21.509
1051.0,21.484
1035.0,22.418
1079.0,23.066
1378.0,23.222
1959.0,23.695
1518.0,23.957
1447.0,24.009
1155.0,23.529
1056.0,23.092
1078.0,24.212
1086.0,26.41
1136.0,29.393
1239.0,31.816
1249.0,34.285
1342.0,36.919
1177.0,39.201
1072.0,40.244
1074.0,42.255
1064.0,44.553
1057.0,46.233
1062.0,46.149
1065.0,46.163
1062.0,47.243
1055.0,50.196
1040.0,52.143
1014.0,51.257
1048.0,8.166
1049.0,10.615
1042.0,12.663
1053.0,14.025
1049.0,15.134
1056.0,16.559
1037.0,17.558
1032.0,17.849
1046.0,17.856
1053.0,18.271
1045.0,18.889
1045.0,18.96
1041.0,18.329
1051.0,17.776
1073.0,18.058
1067.0,18.614
1055.0,18.797
1103.0,19.138
1104.0,19.153
1060.0,19.325
1053.0,19.36
1061.0,19.542
1056.0,20.059
1078.0,21.523
1087.0,23.794
1074.0,27.316
1089.0,29.872
1069.0,31.487
1043.0,31.984
1045.0,31.715
1056.0,30.499
1099.0,28.363
1087.0,27.203
1071.0,26.558
1051.0,26.555
1036.0,27.499
1167.0,27.88
1635.0,27.687
1851.0,27.542
1553.0,27.811
1334.0,28.511
1476.0,29.379
1727.0,30.055
1626.0,31.032
1216.0,32.699
1415.0,35.157
1379.0,37.528
1294.0,39.93
1425.0,42.54
1627.0,43.408
1174.0,43.917
1058.0,45.08
1053.0,47.244
1058.0,48.572
1066.0,48.561
1063.0,48.035
1056.0,48.46
1067.0,50.586
1063.0,52.359
1050.0,50.609
1031.0,7.582
1042.0,10.162
1047.0,12.265
1035.0,13.893
1041.0,15.452
1037.0,17.155
1037.0,18.969
1025.0,19.727
1024.0,20.26
1050.0,21.074
1054.0,22.166
1037.0,22.222
1030.0,21.079
1039.0,20.28
1039.0,19.854
1054.0,19.984
1025.0,19.787
1025.0,20.016
1048.0,20.207
1043.0,20.702
1032.0,20.655
1031.0,21.114
1022.0,21.937
1016.0,23.855
1029.0,27.418
1033.0,32.893
1031.0,36.615
1032.0,38.554
1033.0,38.36
1019.0,37.376
996.0,35.928
1014.0,34.359
1051.0,34.122
1059.0,34.509
1077.0,35.014
1133.0,35.6
1335.0,35.732
1618.0,35.551
1431.0,33.922
1682.0,33.449
1605.0,35.135
1401.0,38.061
1405.0,40.083
1546.0,41.196
1808.0,41.902
1734.0,42.939
1221.0,44.554
1158.0,46.616
1568.0,49.016
1515.0,49.169
1450.0,48.303
1532.0,48.965
1569.0,50.804
1513.0,52.78
1523.0,53.621
1380.0,53.058
1100.0,52.362
1067.0,53.456
1070.0,54.373
1060.0,51.488
1040.0,7.478
1012.0,10.295
1046.0,13.004
1042.0,15.117
1031.0,17.199
1044.0,19.278
1041.0,21.476
1040.0,22.733
1033.0,23.378
1032.0,24.131
1040.0,24.811
1038.0,24.623
1031.0,23.503
1034.0,22.366
1041.0,21.695
1047.0,21.662
1052.0,21.624
1049.0,21.896
1048.0,22.396
1047.0,22.932
1048.0,23.058
1050.0,23.75
1050.0,24.783
1035.0,27.068
1045.0,31.83
1039.0,38.712
1042.0,43.449
1036.0,45.116
1033.0,45.458
1036.0,45.12
1038.0,43.719
1017.0,41.97
1025.0,41.958
1038.0,43.079
1042.0,43.788
1069.0,44.341
1125.0,44.631
1273.0,43.903
1488.0,41.921
1301.0,40.318
1320.0,42.476
1729.0,46.34
1482.0,48.427
1410.0,49.434
1369.0,49.738
1399.0,49.738
1523.0,50.79
1267.0,52.514
1130.0,54.456
1304.0,54.553
1377.0,53.029
1289.0,53.062
1292.0,54.788
1268.0,57.151
1229.0,58.435
1301.0,57.741
1589.0,57.135
1301.0,57.947
1335.0,57.966
1160.0,52.113
1048.0,8.052
1022.0,11.285
1007.0,14.584
1040.0,17.105
1050.0,19.252
1034.0,21.285
1032.0,23.166
1047.0,24.394
1042.0,24.989
1024.0,25.524
1026.0,25.268
1031.0,24.851
1033.0,23.85
1029.0,22.649
1032.0,22.09
1034.0,22.531
1043.0,23.184
1058.0,23.852
1049.0,24.635
1055.0,26.039
1051.0,27.18
1048.0,28.15
1051.0,29.471
1047.0,31.976
1038.0,36.783
1037.0,43.929
1039.0,48.577
1036.0,49.904
1035.0,50.835
1037.0,51.761
1040.0,51.557
1041.0,50.904
1028.0,51.173
1029.0,52.091
1045.0,52.4
1055.0,52.416
1086.0,52.638
1161.0,52.059
1261.0,49.713
1528.0,47.728
1266.0,49.567
1381.0,53.393
1702.0,55.887
1287.0,56.493
1208.0,56.01
1237.0,56.218
1280.0,57.274
1441.0,58.627
1196.0,59.43
1133.0,58.754
1292.0,57.816
1356.0,58.064
1208.0,59.47
1244.0,61.053
1200.0,61.883
1173.0,61.459
1316.0,60.847
1553.0,61.564
1465.0,60.065
1538.0,52.045
1335.0,8.761
1115.0,12.368
1014.0,15.613
1011.0,17.85
1056.0,19.721
1060.0,21.341
1049.0,22.959
1038.0,23.882
1040.0,24.202
1042.0,24.334
1042.0,23.806
1052.0,23.251
1040.0,22.23
1044.0,21.385
1070.0,21.218
1044.0,22.58
1031.0,23.958
1030.0,25.329
1040.0,27.003
1048.0,29.677
1046.0,32.156
1039.0,34.64
1052.0,37.041
1051.0,39.48
1055.0,43.883
1047.0,49.965
1037.0,53.917
1047.0,54.904
1050.0,55.582
1051.0,57.008
1042.0,58.503
1042.0,60.059
1043.0,60.557
1048.0,60.635
1042.0,60.522
1033.0,60.899
1037.0,60.657
1047.0,59.956
1038.0,57.996
1034.0,56.246
1013.0,57.151
1043.0,60.075
1036.0,62.036
1055.0,62.414
1125.0,62.33
1361.0,63.054
1557.0,64.279
1292.0,65.2
1629.0,65.386
1479.0,64.281
1323.0,63.569
1344.0,63.699
1451.0,64.756
1454.0,66.029
1504.0,65.868
1197.0,64.419
1130.0,63.177
1310.0,63.091
1266.0,61.367
1268.0,51.233
1263.0,8.749
1207.0,12.54
1183.0,15.578
1364.0,17.756
1497.0,19.574
1444.0,20.892
1583.0,22.121
1347.0,22.773
1105.0,22.421
1037.0,21.995
1021.0,21.501
1044.0,20.942
1056.0,20.941
1048.0,20.739
1048.0,21.135
1060.0,22.241
1057.0,23.756
1030.0,25.968
1047.0,28.974
1045.0,32.682
1039.0,36.473
1045.0,40.738
1047.0,44.511
1050.0,47.723
1043.0,51.516
1027.0,56.42
1037.0,59.759
1050.0,60.269
1036.0,60.607
1028.0,62.237
1031.0,63.963
1039.0,65.859
1037.0,66.092
1031.0,65.43
1022.0,65.353
1026.0,66.202
1045.0,66.58
1045.0,65.854
1032.0,63.907
1022.0,61.852
1020.0,61.961
1024.0,64.316
1035.0,65.959
1030.0,66.129
1034.0,65.754
1029.0,66.968
1031.0,68.649
1033.0,69.28
1026.0,69.805
1072.0,69.513
1074.0,69.275
1080.0,68.712
1075.0,68.694
1186.0,68.649
1515.0,67.952
1561.0,66.467
1309.0,64.688
1388.0,64.858
1368.0,62.839
1364.0,51.576
1631.0,8.604
1610.0,12.48
1517.0,15.727
1141.0,17.951
1193.0,19.626
1488.0,21.005
1438.0,21.993
1286.0,22.203
1282.0,21.646
1306.0,20.474
1255.0,19.515
1375.0,19.442
1509.0,20.281
1326.0,20.913
1474.0,21.347
1185.0,22.045
1022.0,23.711
1021.0,26.719
1041.0,30.804
1055.0,35.661
1057.0,40.275
1060.0,45.192
1042.0,49.902
1042.0,53.558
1044.0,57.287
1051.0,61.643
1046.0,64.562
1042.0,65.183
1042.0,65.126
1039.0,66.208
1051.0,67.679
1048.0,69.028
1029.0,68.995
1034.0,68.279
1040.0,68.383
1047.0,69.623
1045.0,70.508
1039.0,70.314
1031.0,68.083
1015.0,65.62
1063.0,65.135
1089.0,66.848
1070.0,68.649
1074.0,68.649
1138.0,68.649
1122.0,69.145
1080.0,70.388
1026.0,71.389
1033.0,72.2
1084.0,72.603
1316.0,72.58
1583.0,71.859
1518.0,71.263
1360.0,70.758
1247.0,69.921
1319.0,68.539
1886.0,66.74
2103.0,67.015
2123.0,64.984
1793.0,53.853
1218.0,8.178
1084.0,12.37
1113.0,15.696
1593.0,18.217
2162.0,19.874
1668.0,20.965
1513.0,21.966
1639.0,22.257
1801.0,21.567
1375.0,20.072
1366.0,19.2
1440.0,19.209
1352.0,20.35
1293.0,21.771
1501.0,22.779
1552.0,23.392
1410.0,24.707
1415.0,28.419
1431.0,33.057
1370.0,39.041
1157.0,44.208
1083.0,49.269
1073.0,54.013
1048.0,58.029
1016.0,61.629
1007.0,65.45
1025.0,67.977
919.0,68.557
1062.0,68.725
1051.0,68.968
1057.0,70.024
1052.0,70.881
1046.0,70.825
1036.0,70.173
1039.0,70.477
1046.0,71.879
1029.0,72.854
1032.0,72.437
1048.0,70.714
1052.0,67.749
1053.0,67.267
1046.0,68.844
1049.0,70.324
1107.0,70.24
1286.0,70.173
1113.0,70.517
1068.0,71.819
1097.0,72.55
1857.0,73.457
2240.0,73.452
1659.0,73.198
1079.0,72.585
1094.0,71.876
1687.0,71.79
1709.0,71.311
1318.0,70.572
1348.0,68.556
1413.0,68.5
1459.0,66.087
1649.0,54.812
1707.0,7.878
1517.0,11.883
1430.0,15.263
1672.0,17.774
2149.0,19.604
2129.0,21.136
1699.0,22.298
1359.0,22.653
1815.0,22.205
1598.0,20.898
1490.0,19.999
1226.0,19.867
1066.0,21.739
1058.0,23.987
1076.0,25.931
1219.0,26.374
1309.0,27.211
1288.0,30.698
1159.0,36.524
1077.0,42.891
1073.0,48.795
1073.0,53.844
1063.0,58.105
1064.0,61.802
1067.0,64.855
1063.0,67.984
1060.0,69.941
1019.0,70.705
1005.0,70.376
995.0,70.144
1011.0,70.746
1039.0,71.671
1042.0,71.456
1051.0,70.552
1030.0,70.8
1040.0,72.26
1050.0,72.648
1051.0,72.632
1037.0,70.993
1045.0,68.597
1056.0,67.541
1047.0,69.139
1045.0,70.498
1193.0,70.638
1836.0,70.376
1970.0,70.595
2079.0,71.643
1820.0,72.171
1183.0,72.742
1099.0,72.603
1548.0,71.955
2107.0,70.622
2061.0,70.348
1271.0,70.682
1050.0,71.723
1119.0,70.965
1516.0,69.197
1365.0,69.047
1305.0,66.276
1390.0,54.179
1453.0,7.441
1493.0,11.29
1713.0,14.173
1561.0,16.827
1346.0,19.109
1329.0,20.919
1752.0,22.73
1730.0,23.75
1257.0,23.704
1801.0,22.92
1775.0,22.178
1281.0,22.574
1267.0,24.555
1089.0,27.201
1049.0,30.268
1054.0,30.709
1060.0,30.254
1060.0,33.828
1160.0,40.529
1263.0,47.888
1212.0,53.838
1099.0,58.146
1071.0,61.74
1069.0,64.195
1062.0,66.145
1054.0,67.854
1041.0,68.649
1029.0,68.815
1028.0,68.166
1025.0,67.476
1027.0,68.364
1022.0,69.741
1023.0,69.161
1054.0,68.033
1036.0,67.676
1040.0,68.567
1048.0,68.854
1056.0,68.405
1058.0,66.727
1046.0,65.227
1046.0,64.08
1051.0,64.957
1046.0,66.221
1399.0,66.123
1778.0,66.23
1499.0,66.201
1368.0,67.142
1477.0,67.635
1615.0,68.533
1576.0,67.637
1084.0,65.712
1100.0,64.171
1585.0,64.463
1525.0,66.389
1077.0,68.847
1060.0,68.649
1058.0,67.755
1059.0,68.679
1038.0,65.864
1155.0,52.527
1508.0,6.724
1630.0,10.062
1797.0,12.944
1918.0,15.715
1870.0,18.152
1744.0,20.538
1819.0,23.088
2122.0,25.34
2104.0,26.779
1929.0,27.013
1968.0,26.415
1621.0,26.756
1283.0,28.619
1474.0,31.726
1366.0,34.689
1009.0,34.906
1046.0,33.734
1023.0,37.101
1025.0,43.779
1047.0,50.974
1123.0,56.446
1155.0,59.975
1154.0,62.112
1072.0,62.559
1057.0,62.268
1052.0,61.684
1053.0,60.616
1049.0,60.854
1000.0,61.691
1006.0,63.744
1038.0,60.716
1061.0,47.354
1058.0,4.951
1057.0,7.514
1007.0,10.97
1030.0,15.199
1028.0,18.324
1028.0,20.892
1055.0,24.144
1069.0,27.77
1060.0,30.614
1046.0,32.252
1054.0,32.538
1241.0,32.723
2038.0,34.356
1758.0,36.561
1616.0,38.433
1291.0,37.817
1118.0,35.632
1234.0,38.052
1130.0,43.72
1070.0,49.703
1070.0,53.459
1077.0,55.505
1060.0,46.454
1053.0,35.166
1073.0,3.722
1068.0,5.568
1069.0,9.876
1050.0,15.874
1024.0,20.116
1041.0,22.899
1106.0,25.746
1136.0,29.748
1090.0,33.953
1067.0,36.665
1036.0,37.539
1132.0,38.025
1386.0,39.112
1632.0,40.343
1277.0,40.406
1086.0,38.299
1087.0,35.241
1074.0,36.079
1091.0,3.504
1077.0,5.225
1046.0,9.988
1055.0,16.693
1072.0,21.837
1069.0,24.671
1050.0,27.048
1048.0,30.813
1063.0,35.444
1062.0,39.116
1064.0,40.498
1058.0,40.57
1057.0,40.816
1042.0,40.704
1037.0,39.14
1046.0,3.845
1049.0,5.762
1050.0,10.192
1060.0,17.178
1059.0,22.171
1056.0,24.949
1103.0,26.657
1069.0,29.576
1027.0,33.651
1036.0,37.261
1056.0,37.971
1052.0,37.915
1029.0,37.98
1046.0,4.519
1052.0,7.235
1068.0,12.377
1173.0,18.851
1626.0,23.867
1322.0,25.853
1099.0,26.638
1058.0,27.18
1015.0,27.646
1003.0,27.722
1013.0,28.065
1043.0,2.933
1048.0,6.624
1044.0,12.033
1056.0,17.124
1056.0,19.132
1054.0,18.973
1065.0,19.016
1050.0,20.398
1046.0,22.029
1061.0,2.535
1064.0,5.36
1045.0,9.712
1056.0,14.731
1063.0,17.613
1057.0,18.488
1064.0,18.302
1053.0,19.013
1072.0,20.794
1090.0,23.18
1081.0,25.707
1062.0,27.211
1076.0,2.325
1077.0,4.569
1089.0,8.353
1075.0,12.968
1056.0,15.903
1037.0,16.701
1041.0,16.651
1042.0,17.017
1032.0,18.815
1036.0,21.843
1051.0,24.959
1059.0,26.836
1058.0,27.481
1050.0,28.133
1046.0,2.774
1034.0,4.977
1016.0,8.279
1028.0,12.406
1028.0,14.967
999.0,15.922
982.0,16.244
1010.0,16.781
1154.0,18.233
1077.0,19.849
1118.0,22.281
1221.0,24.43
1195.0,25.194
1051.0,26.355
1036.0,28.916
1062.0,30.874
1065.0,31.216
1060.0,47.825
1161.0,45.444
1466.0,4.905
1305.0,7.068
1264.0,9.84
1022.0,12.886
995.0,14.829
1009.0,15.535
1047.0,16.131
1020.0,16.593
965.0,17.384
971.0,18.977
1010.0,21.617
1053.0,23.768
1047.0,24.569
1036.0,24.852
1026.0,26.273
999.0,27.398
1024.0,28.127
1047.0,28.452
1056.0,29.06
1061.0,30.722
1064.0,32.292
1058.0,32.278
1061.0,31.288
1067.0,29.831
1083.0,48.591
1072.0,48.86
1060.0,50.218
1074.0,51.921
1080.0,53.86
1071.0,54.316
1060.0,54.353
1064.0,53.538
1065.0,52.728
1066.0,51.985
1069.0,50.924
1056.0,49.018
1061.0,47.234
1055.0,47.07
1045.0,47.112
1038.0,47.463
1036.0,7.239
1044.0,9.996
1041.0,12.494
1025.0,14.542
995.0,15.723
976.0,16.291
967.0,16.546
999.0,16.896
1019.0,17.558
2063.0,19.664
2024.0,22.865
2135.0,25.667
2334.0,25.937
2091.0,25.031
1150.0,24.469
1058.0,24.528
1088.0,24.564
1072.0,25.442
1069.0,26.404
1144.0,28.414
1575.0,29.632
1333.0,29.127
1481.0,27.784
1522.0,26.438
1031.0,26.931
1039.0,30.129
1054.0,32.491
1041.0,32.508
1043.0,31.507
1041.0,31.119
1012.0,33.53
1013.0,37.376
1013.0,40.33
977.0,42.04
1004.0,44.376
999.0,46.81
1028.0,47.773
1064.0,48.368
1062.0,49.896
1069.0,51.514
1073.0,52.059
1067.0,51.883
1045.0,51.769
987.0,52.962
989.0,54.413
989.0,56.083
1011.0,56.846
1030.0,56.362
1029.0,56.388
1055.0,56.877
1048.0,57.757
1032.0,57.622
1043.0,56.483
1045.0,56.805
1044.0,57.594
1041.0,56.926
1037.0,56.261
1005.0,56.583
994.0,52.119
987.0,41.052
975.0,8.419
964.0,12.092
973.0,14.786
965.0,16.119
950.0,16.825
958.0,17.131
966.0,17.432
963.0,17.732
987.0,18.376
1049.0,20.841
736.0,24.493
788.0,27.419
1602.0,27.485
1904.0,25.72
1170.0,24.217
1224.0,22.848
1191.0,22.164
1059.0,22.626
1055.0,24.166
1335.0,26.093
1795.0,27.05
1881.0,26.567
1695.0,24.879
1762.0,23.419
1085.0,24.152
1057.0,27.244
1051.0,29.686
1046.0,30.22
1050.0,29.357
1048.0,29.306
1030.0,31.939
981.0,36.072
943.0,38.584
951.0,39.721
961.0,42.409
961.0,45.39
980.0,47.434
1017.0,48.655
1039.0,50.048
1036.0,51.134
1008.0,51.449
990.0,50.531
976.0,49.792
966.0,50.633
1022.0,52.721
1011.0,54.919
956.0,56.033
957.0,56.333
984.0,56.454
1010.0,57.539
994.0,59.144
991.0,59.828
1001.0,59.323
1019.0,60.421
1022.0,61.083
1031.0,60.461
967.0,59.642
960.0,59.428
992.0,55.938
1021.0,45.057
1032.0,8.682
1055.0,12.519
1065.0,15.178
1068.0,16.634
1060.0,17.17
1050.0,17.423
1057.0,17.696
1055.0,17.948
1056.0,18.951
997.0,21.295
886.0,24.992
1103.0,27.902
1034.0,27.707
931.0,25.488
1254.0,23.546
1586.0,21.761
1115.0,20.449
1061.0,20.547
1278.0,21.905
1170.0,23.851
1713.0,25.409
2248.0,24.867
1960.0,22.944
1722.0,21.78
1480.0,22.222
1075.0,24.398
1040.0,26.317
1013.0,27.321
1023.0,27.258
1062.0,27.523
1052.0,29.87
1027.0,33.155
1045.0,34.562
1049.0,35.342
1029.0,37.756
1012.0,41.337
986.0,43.904
970.0,45.687
969.0,47.741
975.0,48.854
970.0,48.584
974.0,47.661
992.0,47.029
1035.0,47.482
1055.0,49.92
1065.0,52.165
1063.0,54.332
1061.0,54.919
1060.0,55.132
1066.0,56.493
1064.0,58.643
1068.0,59.632
1071.0,59.438
1078.0,60.41
1070.0,61.796
1061.0,61.034
1056.0,59.789
1057.0,59.661
1065.0,56.32
1063.0,46.767
1042.0,8.61
1049.0,12.546
1070.0,15.12
1056.0,16.498
1040.0,17.029
1043.0,17.25
1071.0,17.439
1053.0,18.041
1035.0,18.839
1074.0,21.538
830.0,25.231
817.0,27.635
808.0,27.011
837.0,24.88
1211.0,22.603
1072.0,20.673
1070.0,19.253
1444.0,19.339
1152.0,20.601
722.0,22.596
632.0,24.114
741.0,23.59
891.0,21.932
1401.0,20.685
1245.0,21.146
1024.0,22.892
1055.0,24.687
1012.0,26.085
1029.0,26.45
1056.0,26.783
1061.0,28.235
1064.0,30.387
1066.0,31.085
1062.0,31.367
1032.0,33.736
1010.0,37.162
1013.0,39.392
1025.0,41.328
1039.0,43.419
1063.0,44.898
1077.0,44.886
1074.0,44.097
1056.0,43.609
1047.0,44.394
1058.0,46.218
1050.0,48.748
1037.0,51.493
1055.0,52.76
1048.0,52.993
1050.0,55.139
1054.0,57.185
1057.0,58.486
1039.0,58.602
1041.0,59.341
975.0,60.485
764.0,60.114
561.0,58.632
546.0,58.044
824.0,55.521
899.0,46.183
1009.0,8.744
1062.0,12.488
1048.0,14.947
876.0,16.195
362.0,16.769
166.0,17.062
156.0,17.493
179.0,17.881
104.0,19.102
1256.0,21.479
1027.0,25.142
966.0,27.087
1182.0,25.922
1598.0,23.102
1600.0,20.754
1380.0,18.868
1001.0,17.892
427.0,18.218
355.0,19.427
614.0,21.463
606.0,22.833
747.0,22.371
1206.0,20.899
1736.0,20.329
1575.0,20.942
1141.0,22.653
1006.0,24.243
1047.0,25.657
1064.0,26.279
1064.0,26.378
1070.0,26.953
1062.0,27.732
1033.0,28.163
1018.0,28.899
1061.0,31.08
1061.0,33.944
1045.0,35.114
1037.0,35.872
1025.0,38.082
1035.0,39.906
1054.0,40.215
1011.0,39.949
888.0,40.388
937.0,41.206
575.0,42.509
398.0,44.894
136.0,48.505
21.0,49.952
76.0,50.917
70.0,52.739
25.0,55.623
20.0,57.064
19.0,56.948
26.0,57.521
19.0,58.762
7.0,58.142
69.0,56.107
306.0,56.268
262.0,53.914
447.0,45.847
760.0,9.066
527.0,12.493
462.0,14.695
304.0,15.816
42.0,16.316
93.0,16.779
221.0,17.125
199.0,17.635
216.0,19.098
1157.0,21.956
1139.0,25.524
1112.0,26.828
300.0,24.291
111.0,20.848
82.0,18.335
70.0,16.685
97.0,16.316
276.0,16.982
635.0,18.337
299.0,20.284
386.0,21.678
424.0,21.365
716.0,20.16
483.0,20.133
151.0,21.2
1288.0,23.114
1299.0,24.449
1060.0,25.982
1054.0,26.477
1054.0,26.355
1058.0,26.012
1052.0,25.847
1034.0,25.97
996.0,26.833
731.0,28.651
415.0,30.826
258.0,31.158
351.0,31.174
295.0,33.165
148.0,35.215
44.0,35.907
6.0,35.83
20.0,36.814
12.0,37.868
15.0,38.936
20.0,41.423
5.0,45.314
27.0,46.837
23.0,47.728
7.0,49.553
3.0,52.689
17.0,54.667
218.0,55.147
452.0,55.633
641.0,56.551
905.0,55.16
587.0,53.066
256.0,52.809
51.0,51.464
24.0,44.917
11.0,8.755
2.0,11.745
3.0,13.213
520.0,13.932
330.0,14.415
446.0,15.0
733.0,15.881
829.0,16.899
690.0,18.981
697.0,22.377
442.0,25.932
567.0,26.314
866.0,22.908
450.0,18.89
540.0,16.112
360.0,15.131
512.0,15.45
1488.0,16.402
1745.0,17.711
1291.0,19.506
1072.0,20.653
1051.0,20.318
1040.0,19.36
1035.0,19.872
1038.0,21.208
881.0,23.017
287.0,24.47
51.0,25.608
35.0,26.149
10.0,25.854
5.0,25.451
10.0,24.485
15.0,23.752
14.0,24.024
7.0,25.629
21.0,27.233
749.0,27.017
941.0,26.883
1017.0,28.677
713.0,30.897
670.0,31.307
690.0,31.262
883.0,32.224
998.0,33.424
487.0,35.037
769.0,38.018
576.0,41.613
434.0,42.936
976.0,43.244
1508.0,45.244
1183.0,48.869
1015.0,51.635
999.0,52.318
1043.0,52.224
861.0,52.609
370.0,51.604
222.0,49.486
91.0,49.051
2.0,48.565
6.0,43.86
20.0,8.193
13.0,9.707
11.0,10.6
36.0,10.94
1350.0,11.394
846.0,12.329
904.0,13.999
1385.0,15.95
852.0,18.682
1381.0,22.13
1659.0,25.379
1946.0,25.071
1941.0,21.014
1763.0,16.989
1613.0,14.946
1513.0,14.982
1436.0,15.99
1115.0,16.622
1036.0,17.028
1014.0,18.455
668.0,19.603
110.0,18.994
17.0,18.467
4.0,19.243
6.0,20.687
10.0,22.613
2.0,23.728
1191.0,24.676
1213.0,25.195
1397.0,25.05
1537.0,24.392
1177.0,23.069
1044.0,21.56
1028.0,20.608
1040.0,21.408
1055.0,23.034
1012.0,23.339
1003.0,23.497
1020.0,25.3
1017.0,26.87
807.0,27.048
281.0,26.047
44.0,26.34
19.0,27.682
12.0,30.45
804.0,33.619
175.0,36.878
153.0,37.872
292.0,38.022
435.0,40.07
741.0,44.585
1031.0,47.813
1045.0,48.818
979.0,47.809
849.0,47.325
928.0,46.475
1000.0,45.569
489.0,46.219
42.0,46.599
21.0,43.823
2.0,9.016
1002.0,10.093
1006.0,10.536
440.0,10.645
37.0,11.103
15.0,12.18
23.0,13.948
20.0,15.82
22.0,17.869
28.0,20.715
40.0,23.183
376.0,22.455
961.0,18.66
664.0,15.192
627.0,14.206
172.0,15.179
29.0,16.168
9.0,16.513
30.0,16.414
52.0,16.883
1011.0,17.385
1027.0,17.277
1043.0,17.326
1021.0,18.388
695.0,20.106
157.0,21.744
989.0,22.83
836.0,23.487
593.0,23.419
516.0,23.07
729.0,22.242
971.0,21.106
823.0,19.545
233.0,18.3
11.0,18.254
3.0,19.314
833.0,19.954
926.0,20.764
1014.0,22.216
1028.0,23.528
964.0,23.307
421.0,22.342
44.0,22.062
12.0,23.366
25.0,25.961
6.0,28.933
7.0,31.271
18.0,32.406
1084.0,32.921
1008.0,35.192
1037.0,39.369
1051.0,42.741
1062.0,44.313
1022.0,43.027
976.0,42.469
979.0,42.295
1004.0,42.515
849.0,44.33
326.0,46.01
37.0,44.614
22.0,10.71
5.0,11.881
2067.0,12.601
2138.0,12.768
2418.0,12.792
1599.0,13.481
1298.0,14.67
1725.0,15.885
1531.0,17.012
1794.0,19.379
1356.0,21.579
1120.0,20.687
1031.0,17.294
1032.0,14.44
1037.0,14.076
958.0,15.11
490.0,16.288
22.0,16.684
8.0,16.054
3.0,15.913
1125.0,16.154
1179.0,16.433
1198.0,17.001
946.0,18.17
823.0,19.839
562.0,21.539
357.0,22.58
353.0,22.969
824.0,22.613
1035.0,21.791
1366.0,20.764
1154.0,19.533
1058.0,18.309
1065.0,17.206
1050.0,16.729
1030.0,17.035
795.0,17.819
163.0,18.69
9.0,19.759
12.0,20.584
14.0,20.597
1.0,20.057
16.0,19.487
87.0,20.007
95.0,22.033
559.0,24.588
107.0,26.141
176.0,27.221
451.0,28.686
315.0,30.711
541.0,33.819
792.0,37.214
284.0,39.321
457.0,38.736
565.0,38.128
282.0,38.954
994.0,40.949
1613.0,43.412
1109.0,46.176
1057.0,46.304
1053.0,10.865
1057.0,12.288
1050.0,13.565
975.0,14.238
676.0,14.352
256.0,14.543
43.0,15.141
2.0,15.517
9.0,16.33
24.0,18.262
23.0,20.465
11.0,20.082
4.0,17.084
74.0,14.936
338.0,14.685
478.0,15.713
653.0,16.803
465.0,16.902
650.0,16.075
888.0,16.095
760.0,16.268
177.0,16.525
163.0,17.009
122.0,18.419
5.0,20.159
3.0,21.694
4.0,22.708
5.0,22.725
4.0,22.368
1508.0,21.29
2025.0,20.132
1540.0,18.637
1321.0,17.39
964.0,16.598
806.0,16.203
717.0,16.323
801.0,17.097
977.0,17.913
1281.0,18.35
1565.0,18.598
1409.0,18.63
1032.0,18.252
1017.0,17.564
1053.0,17.899
1057.0,19.178
1061.0,20.979
1067.0,22.64
1062.0,23.756
1048.0,25.197
1046.0,26.865
1045.0,29.052
1034.0,32.533
1036.0,35.252
1049.0,35.059
1045.0,35.034
1044.0,36.673
1015.0,40.025
834.0,43.804
583.0,46.785
557.0,47.572
459.0,10.455
252.0,12.124
194.0,13.809
139.0,14.612
102.0,14.739
36.0,14.738
28.0,14.974
50.0,15.175
95.0,15.792
211.0,17.267
527.0,19.253
183.0,19.355
243.0,17.34
129.0,15.849
100.0,15.745
26.0,16.522
10.0,17.291
9.0,17.31
11.0,16.765
3.0,16.803
4.0,16.873
12.0,16.848
1316.0,17.432
1765.0,18.783
1490.0,20.409
1230.0,22.03
1070.0,22.987
579.0,23.155
727.0,22.826
419.0,21.84
654.0,20.3
277.0,18.5
320.0,17.371
1102.0,16.63
1153.0,16.24
1040.0,16.416
1051.0,17.177
1054.0,17.594
1065.0,17.667
1067.0,17.3
1061.0,17.111
1061.0,16.732
1060.0,16.374
1061.0,16.533
1061.0,17.722
1058.0,19.204
1061.0,20.318
1067.0,21.467
1060.0,22.955
1055.0,24.167
1056.0,26.136
1064.0,29.234
1068.0,32.039
1065.0,32.804
1055.0,32.859
1054.0,35.146
1040.0,39.964
1034.0,44.58
1034.0,47.51
1032.0,48.532
1033.0,10.465
1027.0,12.132
998.0,13.909
951.0,14.664
900.0,14.742
825.0,14.984
804.0,15.128
631.0,15.142
684.0,15.231
696.0,16.243
497.0,17.719
502.0,17.942
160.0,16.89
40.0,15.814
22.0,15.855
22.0,16.397
21.0,16.963
9.0,17.193
20.0,16.949
6.0,17.314
87.0,17.278
1032.0,17.383
1064.0,17.737
1736.0,19.062
1613.0,20.799
1234.0,22.473
1245.0,23.456
1384.0,23.777
1516.0,23.367
879.0,22.5
1353.0,21.062
2263.0,19.04
1476.0,17.738
1053.0,16.88
1051.0,16.642
1022.0,16.873
1020.0,17.428
1061.0,17.684
1064.0,17.454
1061.0,16.844
1069.0,16.661
1067.0,16.45
1064.0,16.017
1060.0,16.393
1069.0,17.257
1068.0,18.589
1072.0,19.761
1062.0,20.497
1057.0,21.63
1021.0,23.135
1000.0,25.481
1020.0,28.826
1032.0,31.825
1051.0,32.59
1068.0,32.614
1055.0,35.273
1061.0,40.276
1056.0,44.98
1054.0,47.18
1058.0,47.57
1058.0,10.261
1059.0,12.201
1074.0,13.996
1067.0,14.789
1062.0,14.933
1042.0,14.966
1054.0,15.139
1069.0,15.08
1064.0,14.962
1057.0,15.548
1054.0,16.752
1086.0,16.901
980.0,16.252
838.0,15.512
693.0,15.594
572.0,15.967
643.0,16.484
832.0,16.863
1007.0,16.949
1041.0,17.636
1054.0,17.642
1815.0,17.79
1210.0,18.012
1048.0,19.456
1056.0,21.233
1056.0,23.222
1057.0,24.438
1089.0,24.8
1091.0,24.612
1501.0,23.659
1965.0,22.089
1603.0,20.004
1486.0,18.294
1036.0,17.428
1043.0,17.338
1050.0,17.994
1042.0,18.561
998.0,18.459
1009.0,17.988
1057.0,17.269
1059.0,16.859
1058.0,16.635
1063.0,16.394
1069.0,16.786
1074.0,17.712
1070.0,18.934
1065.0,19.987
1054.0,20.764
1065.0,22.453
1052.0,24.145
1061.0,26.728
1068.0,29.902
1065.0,33.065
1062.0,34.194
1063.0,34.513
1064.0,36.641
1064.0,40.757
1063.0,44.567
1057.0,46.958
1051.0,47.204
1046.0,9.844
1002.0,12.027
1004.0,13.863
1025.0,14.851
1022.0,15.036
1031.0,15.089
1011.0,15.203
1016.0,15.172
1006.0,15.021
994.0,15.592
1001.0,16.319
1039.0,16.708
1037.0,16.011
1014.0,15.45
1007.0,15.499
1000.0,16.053
994.0,16.499
1008.0,16.643
1032.0,16.896
1033.0,17.73
1001.0,17.958
1428.0,18.075
1053.0,18.445
1039.0,19.818
1032.0,21.629
1036.0,23.591
1022.0,25.045
1053.0,25.897
1061.0,25.874
1150.0,25.23
1703.0,23.529
1601.0,21.39
1946.0,19.515
1205.0,18.703
1020.0,18.704
1043.0,19.547
1033.0,20.21
1029.0,19.846
987.0,19.365
966.0,18.874
992.0,18.318
1025.0,17.58
1034.0,17.151
1044.0,17.625
1067.0,18.695
1065.0,19.957
1058.0,21.304
1056.0,22.757
1064.0,24.955
1067.0,26.751
1061.0,28.668
1066.0,31.83
1072.0,34.799
1067.0,36.365
1060.0,36.801
1055.0,38.419
1062.0,40.601
1058.0,43.792
1052.0,45.915
1055.0,46.253
1064.0,9.098
1070.0,11.446
1068.0,13.354
1060.0,14.16
1057.0,14.546
1056.0,15.162
1061.0,15.625
1065.0,15.762
1060.0,15.747
1055.0,16.179
1062.0,16.729
1071.0,16.809
1068.0,16.299
1069.0,15.765
1066.0,15.783
1063.0,16.175
1062.0,16.387
1063.0,16.536
1063.0,16.698
1065.0,17.755
1064.0,18.353
1099.0,18.556
1075.0,19.071
1044.0,20.481
1009.0,22.271
1011.0,24.743
1018.0,26.488
1035.0,27.809
1021.0,27.888
1030.0,27.293
1038.0,25.583
1378.0,23.288
1829.0,21.294
1576.0,20.074
1070.0,20.131
1053.0,21.44
1048.0,21.871
1047.0,21.926
1013.0,22.069
996.0,21.938
1007.0,20.88
1005.0,19.684
1003.0,19.098
988.0,19.489
1010.0,20.728
1053.0,22.357
1062.0,24.329
1063.0,26.34
1070.0,28.952
1063.0,30.752
1065.0,32.118
1067.0,34.084
1061.0,36.927
1072.0,38.362
1075.0,39.027
1069.0,39.762
1062.0,40.589
1059.0,42.275
1061.0,44.983
1057.0,45.82
1055.0,8.076
1057.0,10.412
1076.0,12.097
1069.0,12.981
1065.0,13.917
1054.0,14.964
1062.0,15.961
1058.0,16.619
1055.0,16.833
1053.0,17.236
1047.0,17.786
1060.0,17.756
1065.0,17.024
1065.0,16.502
1066.0,16.532
1070.0,16.501
1064.0,16.483
1068.0,16.448
1065.0,16.638
1060.0,17.891
1055.0,18.669
1046.0,19.471
1075.0,20.273
1076.0,21.552
1048.0,23.929
1004.0,26.931
1010.0,29.512
1044.0,30.902
1061.0,31.226
1043.0,30.241
1044.0,28.368
1051.0,25.82
1152.0,23.631
1629.0,22.459
1367.0,22.717
1078.0,24.069
1079.0,25.005
1048.0,25.488
971.0,25.665
998.0,25.414
1046.0,24.403
1065.0,23.137
1057.0,22.912
1057.0,23.593
1055.0,24.65
1058.0,26.558
1048.0,29.04
1058.0,31.531
1068.0,34.945
1056.0,36.582
1055.0,36.927
1067.0,38.191
1073.0,39.727
1061.0,40.966
1052.0,41.546
1055.0,41.799
1071.0,41.808
1072.0,43.076
1065.0,45.618
1068.0,46.325
1068.0,7.211
1049.0,9.291
1058.0,10.476
1092.0,11.445
1084.0,12.811
1074.0,14.518
1054.0,16.52
1064.0,17.673
1065.0,18.387
1059.0,19.243
1054.0,20.085
1109.0,20.066
1101.0,19.079
1067.0,18.131
1055.0,17.662
1040.0,17.655
1032.0,17.278
1035.0,17.215
1042.0,17.578
1033.0,18.668
1046.0,19.471
1062.0,20.289
1063.0,21.537
1062.0,23.616
1058.0,27.138
1043.0,31.706
1023.0,35.254
1015.0,36.754
1013.0,36.589
1020.0,34.975
1044.0,32.634
1052.0,29.721
1065.0,28.24
1148.0,27.898
1632.0,28.461
1387.0,29.627
1061.0,31.156
1052.0,31.998
1025.0,31.397
970.0,30.139
967.0,29.544
1039.0,29.786
1073.0,30.505
1056.0,31.303
1059.0,32.186
1066.0,33.508
1062.0,35.365
1050.0,38.35
1025.0,42.016
1030.0,43.634
1059.0,42.991
1184.0,43.137
1243.0,43.761
1110.0,44.858
1049.0,45.831
1099.0,45.98
1435.0,45.423
1780.0,45.813
1753.0,48.368
1677.0,48.296
1604.0,6.312
1782.0,8.53
1687.0,10.225
1546.0,12.023
1487.0,13.881
1670.0,15.841
1302.0,17.987
1239.0,19.667
1156.0,20.802
1057.0,21.868
1052.0,22.762
1186.0,22.499
1236.0,21.275
1247.0,19.738
1116.0,19.091
1057.0,19.057
1035.0,18.922
1046.0,19.121
1055.0,19.743
1061.0,20.709
1058.0,21.383
1057.0,21.846
1062.0,23.113
1055.0,25.824
1048.0,30.518
1033.0,36.839
1042.0,41.398
1044.0,43.429
1057.0,43.276
1032.0,41.795
1035.0,39.425
1039.0,36.424
1028.0,35.546
1062.0,36.271
1280.0,36.911
1548.0,37.416
1553.0,38.505
1899.0,38.96
1413.0,37.369
1035.0,35.424
1095.0,35.83
1503.0,37.898
1457.0,39.946
1107.0,40.66
1072.0,41.033
1050.0,41.485
1061.0,42.475
1058.0,45.12
1039.0,48.832
1035.0,49.75
1200.0,48.758
1615.0,48.146
1721.0,48.575
1682.0,49.95
1882.0,51.454
1859.0,51.358
1340.0,50.23
1258.0,50.325
1216.0,52.043
1522.0,49.873
1440.0,5.947
1423.0,8.71
1623.0,12.06
1415.0,15.193
1483.0,17.516
1779.0,19.253
1595.0,20.625
1548.0,21.758
1641.0,22.637
1461.0,23.367
1288.0,23.478
1078.0,22.595
1062.0,21.391
1151.0,20.04
1387.0,19.222
1316.0,19.92
1093.0,20.559
1053.0,21.247
1061.0,22.126
1063.0,23.684
1072.0,24.629
1132.0,24.969
1106.0,26.134
1025.0,29.181
1016.0,34.087
1050.0,41.143
1050.0,45.994
1033.0,48.435
1032.0,49.437
1037.0,49.946
1038.0,48.152
1046.0,45.648
1034.0,44.795
1046.0,46.163
1038.0,46.345
1092.0,45.84
1656.0,45.428
1755.0,44.606
1425.0,42.58
2046.0,40.836
1385.0,42.961
1091.0,46.98
1720.0,49.461
2091.0,49.894
1822.0,49.838
1094.0,50.003
1055.0,51.246
1077.0,52.943
1083.0,55.188
1089.0,54.895
1386.0,53.288
1640.0,52.933
1662.0,53.403
1517.0,54.625
1773.0,56.164
1546.0,56.099
1834.0,55.582
1449.0,55.975
1221.0,56.596
1389.0,51.212
1818.0,7.194
1632.0,10.923
1734.0,14.36
2060.0,17.131
1596.0,19.147
1631.0,20.557
2115.0,21.826
1578.0,22.314
1488.0,22.317
1543.0,22.16
1260.0,21.668
1083.0,21.065
1073.0,20.34
1075.0,19.19
1064.0,18.572
1068.0,19.468
1064.0,21.155
1050.0,22.739
1052.0,24.519
1077.0,27.176
1208.0,29.044
1200.0,30.271
1235.0,31.86
1279.0,34.894
1090.0,39.732
1052.0,46.315
1051.0,50.982
1051.0,53.306
1038.0,55.154
1033.0,56.676
1025.0,56.426
1030.0,55.248
1032.0,54.816
1031.0,55.868
1035.0,55.694
1041.0,54.54
1045.0,53.121
1018.0,51.263
1133.0,48.888
1744.0,47.772
1948.0,50.748
1206.0,55.183
1170.0,57.695
1968.0,57.926
1713.0,58.128
1942.0,59.238
1209.0,60.323
1065.0,61.38
1121.0,61.809
1915.0,60.578
1999.0,58.653
1449.0,57.957
1271.0,58.619
1419.0,59.42
1694.0,60.138
1229.0,60.004
1302.0,59.407
1901.0,59.812
1564.0,59.87
1705.0,51.627
1322.0,7.997
1093.0,11.984
1302.0,15.394
1681.0,17.764
2267.0,19.386
2040.0,20.645
1923.0,21.726
2182.0,21.868
1321.0,21.234
1050.0,20.339
1058.0,19.488
1074.0,19.154
1084.0,19.169
1086.0,19.202
1080.0,18.977
1095.0,19.681
1074.0,21.341
1071.0,23.942
1065.0,26.932
1113.0,30.454
1265.0,33.476
1214.0,36.425
1172.0,39.191
1101.0,42.289
1070.0,46.557
1068.0,52.129
1062.0,56.251
1043.0,58.126
1041.0,59.579
1035.0,61.711
1036.0,62.78
1032.0,62.589
1035.0,62.185
1037.0,62.269
1035.0,62.212
1041.0,61.609
1039.0,60.362
1043.0,58.487
1048.0,56.318
1036.0,55.095
1053.0,57.298
1096.0,61.226
1069.0,63.52
1058.0,63.538
1376.0,64.214
1985.0,64.774
1964.0,65.825
1271.0,66.558
1060.0,66.777
1070.0,65.505
1143.0,64.251
1514.0,63.557
1921.0,63.484
1908.0,63.239
1348.0,63.255
1071.0,62.631
1087.0,61.784
1153.0,62.986
1138.0,61.784
1079.0,52.166
1074.0,7.967
1060.0,12.324
1051.0,15.757
1055.0,18.035
1088.0,19.687
1175.0,20.579
1483.0,21.624
1929.0,21.798
2060.0,21.109
1681.0,19.744
1397.0,18.657
1670.0,18.351
1798.0,19.078
1686.0,19.679
1623.0,19.751
1396.0,20.478
1492.0,22.096
1661.0,25.01
1478.0,28.845
1401.0,33.274
1370.0,37.177
1455.0,41.659
1357.0,45.593
1057.0,48.416
1049.0,52.004
1067.0,57.419
1069.0,60.922
1063.0,61.92
1047.0,62.996
1045.0,65.158
1036.0,66.642
1030.0,67.045
1031.0,66.819
1034.0,66.645
1020.0,66.614
1031.0,66.812
1040.0,66.674
1038.0,65.503
1043.0,63.625
1031.0,62.18
1029.0,62.939
1045.0,65.616
1041.0,67.335
1033.0,67.132
1046.0,67.253
1074.0,67.915
1100.0,68.9
1090.0,69.542
1081.0,69.731
1044.0,69.194
1001.0,68.648
1027.0,67.966
1039.0,67.578
1048.0,66.927
1056.0,66.618
1034.0,65.958
1016.0,64.797
1005.0,65.378
1029.0,63.674
1038.0,52.805
1028.0,7.642
1018.0,12.218
1021.0,15.945
1025.0,18.452
1046.0,19.864
1131.0,21.001
1316.0,21.988
1359.0,22.123
1485.0,21.31
1583.0,19.912
1470.0,18.718
1417.0,18.688
1404.0,19.571
1229.0,20.348
1555.0,20.681
1442.0,21.353
1411.0,22.879
1420.0,26.067
1526.0,30.318
1522.0,35.077
1530.0,39.559
1379.0,44.578
1221.0,49.384
1569.0,52.517
1572.0,56.172
1181.0,61.3
1061.0,64.594
1110.0,65.287
1126.0,65.78
1053.0,67.55
1044.0,68.94
1037.0,70.028
1044.0,69.865
1044.0,69.345
1043.0,69.449
1040.0,70.583
1031.0,70.922
1033.0,70.702
1029.0,69.58
1033.0,67.801
1025.0,67.52
1021.0,68.692
1035.0,69.861
1033.0,69.842
1044.0,69.347
1031.0,69.956
1033.0,70.769
1044.0,70.818
1039.0,71.382
1039.0,71.407
1028.0,71.45
1010.0,70.908
1024.0,70.061
1032.0,69.528
1036.0,69.332
1040.0,68.361
1050.0,67.612
1040.0,67.353
1031.0,65.672
1040.0,54.126
1043.0,7.226
1045.0,11.728
1039.0,15.33
1035.0,17.964
1033.0,19.704
1038.0,21.063
1046.0,21.925
1088.0,22.355
1189.0,21.44
1364.0,20.06
1457.0,18.781
1363.0,18.851
1378.0,19.974
1448.0,21.186
1156.0,22.063
1308.0,22.615
1553.0,24.134
1253.0,27.512
1286.0,31.886
1297.0,36.967
1292.0,41.991
1353.0,47.117
1309.0,52.01
1156.0,55.826
1422.0,59.556
1312.0,64.046
1300.0,66.883
1358.0,67.766
1315.0,68.114
1295.0,68.73
1051.0,70.039
1037.0,71.283
1029.0,70.707
1048.0,69.906
1055.0,70.269
1033.0,71.434
1025.0,72.175
1030.0,72.316
1045.0,71.719
1050.0,70.247
1048.0,69.572
1038.0,70.191
1028.0,70.945
1044.0,70.907
1037.0,70.478
1038.0,70.774
1027.0,71.553
1040.0,71.518
1044.0,71.876
1042.0,72.116
1038.0,71.855
1032.0,71.357
1027.0,70.719
1040.0,70.893
1043.0,70.953
1039.0,69.988
1031.0,68.981
1034.0,68.953
1033.0,65.952
1030.0,53.725
1044.0,6.932
1053.0,10.892
1039.0,14.193
1036.0,16.93
1032.0,19.049
1033.0,20.567
1054.0,21.943
1071.0,22.577
1133.0,21.879
1402.0,20.639
1576.0,19.453
1560.0,19.561
1379.0,21.058
1377.0,23.076
1446.0,24.355
1146.0,25.023
1218.0,25.873
1399.0,29.129
1225.0,33.865
1330.0,39.09
1299.0,44.002
1224.0,49.349
1335.0,54.186
1270.0,57.553
1181.0,60.309
1292.0,63.79
1152.0,65.915
1188.0,66.715
1168.0,66.753
1142.0,66.643
1174.0,67.647
1051.0,68.893
1071.0,68.603
1032.0,67.035
1032.0,67.009
1041.0,67.805
1036.0,68.205
1043.0,68.398
1044.0,67.76
1031.0,66.55
1040.0,66.204
1039.0,67.048
1033.0,68.024
1049.0,68.105
1043.0,67.969
1037.0,68.056
1033.0,68.534
1033.0,69.205
1036.0,69.234
1027.0,68.562
1042.0,68.422
1052.0,67.399
1050.0,67.18
1058.0,67.877
1053.0,68.956
1046.0,69.26
1026.0,68.652
1031.0,69.076
1029.0,65.418
1035.0,51.908
1039.0,6.427
1043.0,10.029
1031.0,13.157
1037.0,15.724
1056.0,17.946
1046.0,19.743
1042.0,21.513
1033.0,22.727
1033.0,22.765
1049.0,21.613
1085.0,20.583
1139.0,20.748
1299.0,22.584
1509.0,25.465
1579.0,27.752
1409.0,28.274
1420.0,27.883
1318.0,30.402
1123.0,35.031
1317.0,40.428
1392.0,45.768
1224.0,50.46
1329.0,54.257
1299.0,56.219
1214.0,57.253
1347.0,58.581
1245.0,63.346
1203.0,64.649
1322.0,61.221
1178.0,47.575
1169.0,5.093
1155.0,7.972
1151.0,11.074
1187.0,14.328
1041.0,16.914
1041.0,18.986
1053.0,21.23
1047.0,23.079
1035.0,23.797
1054.0,23.561
1041.0,22.806
1044.0,23.159
1034.0,25.107
1030.0,28.605
1042.0,31.862
1047.0,31.656
1040.0,29.53
1048.0,30.209
1047.0,34.298
1041.0,39.535
1041.0,44.154
1033.0,48.178
1029.0,37.388
1023.0,3.441
1039.0,5.034
1042.0,8.356
1042.0,13.202
1072.0,16.572
1112.0,18.849
1105.0,21.007
1113.0,23.49
1066.0,25.718
1039.0,26.814
1050.0,26.795
1049.0,27.159
1033.0,28.931
1036.0,32.007
1040.0,34.319
1050.0,33.402
1027.0,29.672
1033.0,2.786
1071.0,3.731
1064.0,7.026
1045.0,12.233
1044.0,15.997
1041.0,18.187
1073.0,20.49
1243.0,24.167
1407.0,28.073
1632.0,31.481
1820.0,32.654
1693.0,32.448
1543.0,33.211
1536.0,33.949
1247.0,33.937
1292.0,2.557
1583.0,3.141
1245.0,5.684
1197.0,9.823
1276.0,13.174
1320.0,15.539
1311.0,18.036
1358.0,22.385
1185.0,28.123
1238.0,32.312
1309.0,33.866
1245.0,33.869
1239.0,33.645
1199.0,2.53
1197.0,3.267
1260.0,5.733
1062.0,10.436
1056.0,14.575
1051.0,16.451
1051.0,17.732
1076.0,20.004
1064.0,23.402
1040.0,26.579
1038.0,2.168
1022.0,4.219
1034.0,7.685
1036.0,12.126
1034.0,14.377
1035.0,14.154
1031.0,13.066
1038.0,2.023
1050.0,4.014
1053.0,7.603
1049.0,12.161
1043.0,14.965
1025.0,15.376
1033.0,13.919
1089.0,12.293
1056.0,12.446
1116.0,14.143
2032.0,2.188
2250.0,3.947
2097.0,7.221
1226.0,11.806
1088.0,14.624
1783.0,15.406
2117.0,14.423
1769.0,13.293
1650.0,13.845
1710.0,15.926
1966.0,18.587
1578.0,20.799
1400.0,21.821
2168.0,2.951
2029.0,4.825
1802.0,7.951
1432.0,11.824
1307.0,14.44
1355.0,15.513
1349.0,15.418
1931.0,15.4
2193.0,15.751
2192.0,17.119
1712.0,19.204
1234.0,21.085
1352.0,21.819
1622.0,22.15
1564.0,22.404
1695.0,23.106
1484.0,23.541
1304.0,46.88
1360.0,46.497
1440.0,45.738
1439.0,44.072
1506.0,5.081
1194.0,7.407
1339.0,10.047
1484.0,12.88
1473.0,14.7
1329.0,15.44
1317.0,15.773
1400.0,16.089
1364.0,16.461
1047.0,17.675
1049.0,20.042
1041.0,21.702
1047.0,22.276
1026.0,21.988
1027.0,21.618
1039.0,21.505
1041.0,21.729
1027.0,22.092
1035.0,22.824
1038.0,24.39
1036.0,49.31
1054.0,51.315
1046.0,52.856
1050.0,53.535
1051.0,53.786
1418.0,54.202
1843.0,54.781
1230.0,53.426
1080.0,51.961
1563.0,51.844
1785.0,52.422
1936.0,52.376
1301.0,53.222
1070.0,54.218
1229.0,49.493
1684.0,38.037
1349.0,7.086
1233.0,10.278
1325.0,12.776
1558.0,14.573
1943.0,15.701
1598.0,16.171
1838.0,16.489
1666.0,16.722
1188.0,17.38
1566.0,18.859
1720.0,22.009
1853.0,24.36
2066.0,24.57
1999.0,23.44
1843.0,22.009
2210.0,20.953
1605.0,20.37
1039.0,21.048
1042.0,22.255
1062.0,23.69
1133.0,24.072
1207.0,22.864
1245.0,20.955
1289.0,19.718
1313.0,43.779
1117.0,43.309
1180.0,43.934
1244.0,45.744
1208.0,48.677
1182.0,51.498
1053.0,54.081
1065.0,54.961
1073.0,55.393
1067.0,57.045
1076.0,58.833
1075.0,58.961
1041.0,58.793
1046.0,59.351
1041.0,60.396
1039.0,59.938
1047.0,59.584
1053.0,59.611
1032.0,54.919
1038.0,44.098
1038.0,8.076
1043.0,11.931
1043.0,14.693
1064.0,16.225
1068.0,16.666
1493.0,16.872
1754.0,17.399
1917.0,17.569
1804.0,18.295
1106.0,20.539
1173.0,24.024
1789.0,26.859
1748.0,26.814
1122.0,25.092
1067.0,23.005
1063.0,21.38
1101.0,20.087
1181.0,20.442
1247.0,21.696
1338.0,23.231
1453.0,23.634
1727.0,22.261
1556.0,20.327
1837.0,19.317
1787.0,19.735
1440.0,21.148
1555.0,21.378
1585.0,21.241
1549.0,20.295
1803.0,20.315
1766.0,22.794
1646.0,26.413
1934.0,28.275
1226.0,28.933
1051.0,31.602
1061.0,35.177
1065.0,37.589
1061.0,39.174
1073.0,41.986
1070.0,44.22
1072.0,44.129
1070.0,43.198
1069.0,42.984
1055.0,44.156
1055.0,46.192
1070.0,49.021
1079.0,52.346
1075.0,53.556
1071.0,54.646
1070.0,56.628
1063.0,58.846
1061.0,59.679
1047.0,59.491
1049.0,60.369
1046.0,61.75
1025.0,61.293
1038.0,60.528
1045.0,60.693
1051.0,57.045
1033.0,46.385
1048.0,8.373
1061.0,12.336
1049.0,15.111
1033.0,16.557
1080.0,17.133
1601.0,17.272
1998.0,17.562
1839.0,17.91
1530.0,18.871
1137.0,20.962
1051.0,24.998
1062.0,27.412
1102.0,27.311
1076.0,25.317
1056.0,22.967
1044.0,21.098
1062.0,19.505
1069.0,19.576
1051.0,20.657
1034.0,22.45
1006.0,23.518
1064.0,22.612
1175.0,20.539
1122.0,19.394
1047.0,19.554
1153.0,20.546
1663.0,20.94
1760.0,20.937
2011.0,20.091
2053.0,19.836
1900.0,21.405
1731.0,23.947
1704.0,25.559
1940.0,26.996
1355.0,29.645
1064.0,32.645
1225.0,34.161
1133.0,35.364
1053.0,38.705
1055.0,41.208
1072.0,41.464
1192.0,40.859
1215.0,40.918
1111.0,41.656
1046.0,42.856
1062.0,45.573
1143.0,49.396
1278.0,51.004
1181.0,52.52
1079.0,54.919
1045.0,57.337
1028.0,58.685
1019.0,58.671
1004.0,59.872
1059.0,61.122
1035.0,60.96
1016.0,59.924
1031.0,59.494
1039.0,56.551
1049.0,46.669
1037.0,8.391
1030.0,12.211
1047.0,15.04
1057.0,16.387
1038.0,16.97
1292.0,17.233
1369.0,17.58
1072.0,18.114
1031.0,19.107
1021.0,21.397
1017.0,25.137
1000.0,27.405
1008.0,26.782
1013.0,24.735
1016.0,22.24
1053.0,20.181
1055.0,18.385
1053.0,18.341
1059.0,19.741
1063.0,21.773
1040.0,23.197
1029.0,22.528
1044.0,20.408
1055.0,19.297
1052.0,19.488
1019.0,20.445
1013.0,21.05
1090.0,21.131
1449.0,20.648
1713.0,20.016
1715.0,20.522
1503.0,22.245
1216.0,23.815
1416.0,25.179
1472.0,27.662
1190.0,30.026
1038.0,30.282
1047.0,30.958
1039.0,33.817
1059.0,37.027
1053.0,37.498
1058.0,37.576
1070.0,38.062
1113.0,38.757
1072.0,39.795
1043.0,42.01
1055.0,46.191
1063.0,48.124
1121.0,49.755
1186.0,51.95
1162.0,55.122
1082.0,56.654
998.0,57.448
961.0,58.159
959.0,59.477
1069.0,59.046
1057.0,57.71
1053.0,57.666
1044.0,54.932
1039.0,45.935
1046.0,8.489
1029.0,12.099
1019.0,14.754
1037.0,15.942
1038.0,16.563
1044.0,17.018
1083.0,17.274
1444.0,17.854
1696.0,18.796
1294.0,21.184
1036.0,24.822
1054.0,26.676
1048.0,25.357
1027.0,22.699
1007.0,20.048
973.0,18.144
981.0,16.79
1005.0,16.926
1052.0,18.311
1062.0,20.45
1067.0,22.003
1064.0,21.325
1066.0,19.623
1063.0,18.673
1057.0,19.417
1062.0,20.632
1063.0,21.481
1056.0,22.214
1065.0,22.101
1070.0,21.368
1080.0,21.375
1082.0,21.919
1064.0,22.621
1063.0,24.226
1069.0,25.716
1072.0,27.173
1073.0,27.288
1070.0,27.468
1065.0,29.794
1058.0,32.668
1071.0,33.447
1075.0,33.674
1153.0,34.778
1125.0,35.657
1059.0,36.488
1041.0,39.09
1039.0,42.889
1041.0,44.713
1054.0,45.51
1041.0,48.088
1049.0,51.541
1038.0,54.127
1036.0,54.793
1046.0,55.875
1054.0,57.052
1036.0,56.096
1048.0,54.403
1053.0,54.681
1054.0,53.161
1069.0,45.906
1051.0,8.482
1024.0,11.836
1018.0,14.089
1042.0,15.165
1023.0,15.811
1030.0,16.132
1034.0,16.504
1051.0,17.13
1181.0,18.545
1713.0,21.309
1776.0,24.855
1511.0,26.003
1114.0,23.622
1037.0,20.153
1030.0,17.257
1000.0,15.434
988.0,14.95
972.0,15.629
976.0,17.407
997.0,19.422
1048.0,21.073
1031.0,20.469
1046.0,18.915
1045.0,18.345
1037.0,19.21
1033.0,20.756
1050.0,22.191
1071.0,23.481
1064.0,23.571
1064.0,23.108
1067.0,22.344
1074.0,22.017
1075.0,22.03
1067.0,22.795
1065.0,23.878
1056.0,24.547
1066.0,24.393
1075.0,24.318
1068.0,26.232
1060.0,28.519
1064.0,29.405
1074.0,29.67
1068.0,30.77
1054.0,31.948
1063.0,33.429
1060.0,35.997
1068.0,39.48
1061.0,40.68
1053.0,40.956
1059.0,43.285
1062.0,47.092
1068.0,50.184
1064.0,51.355
1058.0,51.952
1057.0,52.974
1064.0,52.155
1064.0,50.743
1182.0,50.84
1134.0,50.399
1049.0,45.446
1069.0,8.137
1060.0,10.451
1035.0,11.936
1021.0,12.503
1020.0,13.109
1038.0,13.602
1046.0,14.38
1050.0,15.663
1055.0,17.807
1209.0,21.345
1671.0,25.059
1456.0,25.44
1898.0,21.944
1645.0,17.939
1077.0,15.044
1055.0,13.853
1044.0,13.954
1042.0,14.888
1045.0,16.417
998.0,18.779
1008.0,20.164
1051.0,19.481
1061.0,18.055
1046.0,17.791
1041.0,18.853
996.0,20.617
1021.0,22.325
1070.0,23.872
1067.0,24.479
1066.0,24.093
1064.0,23.287
1062.0,22.094
1067.0,21.088
1067.0,20.664
1066.0,21.203
1064.0,22.24
1063.0,21.941
1058.0,21.74
1061.0,23.202
1063.0,24.924
1063.0,25.424
1067.0,25.075
1072.0,25.787
1067.0,27.299
1064.0,29.222
1057.0,31.862
1061.0,34.71
1065.0,35.754
1058.0,35.991
1056.0,38.36
1068.0,42.688
1068.0,46.015
1075.0,46.986
1063.0,46.76
1056.0,47.005
1053.0,46.901
1060.0,46.274
1063.0,46.831
2217.0,47.118
1804.0,44.095
1306.0,8.334
1170.0,9.516
1082.0,10.033
1038.0,10.107
1036.0,10.241
1061.0,10.968
1044.0,12.155
1064.0,13.877
1098.0,16.371
1677.0,19.939
1825.0,23.442
1398.0,23.395
1611.0,19.42
1547.0,15.627
1066.0,13.74
1048.0,13.731
1050.0,14.43
1045.0,14.948
1048.0,15.579
1055.0,17.276
1057.0,18.618
1052.0,18.04
1057.0,16.991
1068.0,16.89
1049.0,18.209
996.0,20.156
1009.0,21.92
1034.0,23.189
1062.0,23.968
1062.0,23.634
1050.0,22.848
1013.0,21.33
996.0,19.531
967.0,18.153
958.0,18.251
991.0,19.271
977.0,19.597
960.0,19.369
1010.0,20.545
1030.0,21.581
1000.0,21.876
1006.0,21.229
1014.0,21.0
1025.0,22.195
1015.0,24.444
1018.0,26.803
1038.0,28.661
1052.0,29.486
1052.0,30.907
1046.0,33.641
1055.0,37.981
1060.0,41.161
1058.0,41.861
1051.0,40.394
1013.0,39.975
963.0,40.812
944.0,41.821
952.0,43.211
1305.0,44.378
1222.0,42.035
1388.0,9.683
1180.0,10.486
1285.0,10.589
1089.0,10.244
1049.0,10.214
1047.0,10.971
1069.0,12.319
1161.0,13.828
1735.0,15.471
1421.0,18.066
1487.0,20.692
2240.0,20.153
2072.0,16.787
1237.0,13.92
1061.0,13.214
1053.0,14.117
1042.0,14.989
1044.0,15.199
1061.0,15.087
1064.0,15.768
1059.0,16.446
1062.0,16.421
1058.0,16.034
1067.0,16.463
1065.0,17.754
1016.0,19.989
977.0,21.414
960.0,22.584
943.0,22.623
964.0,22.174
1012.0,21.132
1048.0,20.029
1056.0,18.197
1073.0,16.816
1071.0,16.572
1062.0,17.02
1059.0,17.534
1056.0,17.932
1065.0,18.302
1064.0,18.829
1071.0,19.369
1063.0,18.878
1068.0,18.258
1065.0,18.737
1056.0,20.457
1047.0,21.907
1064.0,23.044
1070.0,24.187
1040.0,26.646
1034.0,29.448
1066.0,32.843
1066.0,35.87
1041.0,37.201
1005.0,35.746
1008.0,34.595
1053.0,35.732
1055.0,37.517
1039.0,39.949
1143.0,40.891
1581.0,39.584
1189.0,10.61
1148.0,11.577
1563.0,11.745
1559.0,11.521
1092.0,11.343
1059.0,12.053
1084.0,13.397
1288.0,14.745
1318.0,15.728
443.0,17.538
356.0,19.389
1235.0,18.515
612.0,15.303
247.0,12.907
1045.0,12.713
1018.0,13.824
1013.0,15.047
1029.0,15.183
1050.0,14.722
1058.0,15.139
1063.0,15.675
1067.0,15.752
1062.0,16.018
1071.0,16.425
1069.0,17.906
1055.0,20.156
1048.0,21.533
1048.0,22.363
1058.0,22.126
1059.0,21.299
1071.0,19.909
1069.0,18.684
1038.0,17.076
1049.0,16.312
1074.0,15.769
1063.0,16.008
1052.0,16.623
1057.0,17.059
1051.0,17.18
1062.0,17.455
1059.0,17.876
1041.0,17.624
981.0,16.908
895.0,16.422
831.0,17.691
825.0,18.704
624.0,19.561
596.0,20.814
408.0,22.72
363.0,25.035
627.0,27.699
975.0,31.044
1068.0,33.199
1060.0,31.923
1029.0,30.514
1052.0,31.814
1083.0,34.181
1060.0,35.797
1045.0,37.237
1058.0,37.052
1165.0,10.39
811.0,11.811
1120.0,12.868
1397.0,13.076
1065.0,13.162
1050.0,13.487
1136.0,14.308
1553.0,14.921
1142.0,15.584
930.0,16.93
1223.0,18.348
1108.0,17.724
1346.0,14.758
1868.0,12.708
1594.0,12.723
1114.0,14.128
1063.0,15.088
1036.0,15.144
1049.0,14.725
1064.0,15.3
1065.0,15.814
1066.0,16.129
1062.0,16.278
1054.0,16.94
1057.0,18.57
1065.0,20.613
1071.0,21.929
1062.0,22.687
1037.0,22.284
1019.0,21.219
1037.0,19.764
1069.0,18.114
1013.0,16.862
801.0,16.124
563.0,15.829
293.0,16.015
195.0,16.604
41.0,16.936
64.0,16.997
97.0,16.762
27.0,16.803
2.0,16.684
22.0,15.892
27.0,15.608
13.0,16.443
14.0,17.457
10.0,18.222
24.0,18.847
71.0,20.0
37.0,21.339
37.0,23.851
196.0,27.191
109.0,29.551
113.0,28.602
724.0,27.524
985.0,28.663
978.0,31.178
565.0,32.777
222.0,33.628
533.0,33.921
1042.0,10.119
1172.0,11.782
1172.0,13.345
1171.0,14.048
1508.0,14.098
1456.0,14.214
1797.0,14.518
1448.0,14.824
459.0,15.093
211.0,16.257
340.0,17.571
560.0,17.067
578.0,14.771
751.0,13.171
433.0,13.392
382.0,14.566
492.0,15.445
1085.0,15.375
1048.0,15.073
1061.0,15.691
1056.0,16.335
1050.0,16.537
1056.0,16.697
1050.0,17.61
1014.0,19.095
784.0,21.161
425.0,22.569
178.0,22.99
245.0,22.697
313.0,21.85
97.0,20.269
4.0,18.339
25.0,17.156
11.0,16.383
20.0,16.107
12.0,16.388
11.0,16.837
12.0,17.243
12.0,16.954
24.0,16.487
13.0,16.229
9.0,16.109
12.0,15.636
17.0,15.45
28.0,16.14
89.0,17.184
383.0,17.739
537.0,18.005
416.0,18.389
568.0,19.185
209.0,20.886
85.0,24.204
37.0,26.685
8.0,26.16
6.0,24.933
1532.0,26.445
1199.0,29.045
906.0,30.9
910.0,31.731
294.0,32.33
208.0,10.106
120.0,11.858
252.0,13.647
587.0,14.473
942.0,14.518
963.0,14.458
879.0,14.838
729.0,14.888
646.0,14.815
911.0,15.543
1647.0,16.614
1173.0,16.692
1072.0,15.194
1042.0,14.11
1027.0,14.34
1010.0,15.176
732.0,15.772
138.0,15.732
37.0,15.594
29.0,16.516
16.0,17.044
19.0,17.072
5.0,17.248
2.0,18.119
19.0,19.822
13.0,22.022
12.0,23.389
6.0,24.023
914.0,23.71
786.0,22.85
924.0,21.063
1373.0,19.127
1361.0,17.764
894.0,17.123
963.0,16.91
1232.0,17.347
644.0,18.018
599.0,17.863
289.0,17.251
442.0,16.677
375.0,16.37
1248.0,16.054
1469.0,15.945
1045.0,15.886
1039.0,16.531
1005.0,17.152
562.0,17.835
70.0,17.992
8.0,17.86
7.0,18.024
1195.0,19.566
1072.0,22.46
487.0,25.006
1120.0,25.0
1941.0,23.868
1524.0,25.481
1135.0,28.231
2103.0,30.275
2064.0,31.805
1406.0,32.916
1482.0,10.037
1544.0,11.995
1230.0,13.777
1063.0,14.527
1039.0,14.536
985.0,14.602
449.0,14.663
48.0,14.766
9.0,14.604
2.0,15.123
4.0,15.928
13.0,16.062
1441.0,15.238
1519.0,14.502
1705.0,14.507
1728.0,15.077
1249.0,15.429
1045.0,15.434
1030.0,15.785
1030.0,16.9
1036.0,17.45
1048.0,17.582
1011.0,17.732
1002.0,18.853
1010.0,20.595
812.0,22.816
278.0,24.194
34.0,25.043
17.0,25.036
11.0,24.134
1050.0,22.327
724.0,20.352
411.0,18.868
449.0,17.956
602.0,17.856
834.0,18.696
990.0,19.199
1025.0,18.667
1013.0,17.698
1007.0,16.964
938.0,16.607
368.0,16.291
58.0,16.183
23.0,16.252
10.0,16.983
9.0,17.548
851.0,18.213
1032.0,18.172
864.0,17.944
229.0,18.075
33.0,19.214
21.0,21.811
34.0,24.358
29.0,24.681
94.0,24.549
662.0,26.213
1030.0,29.075
728.0,31.249
225.0,33.992
67.0,35.848
19.0,9.583
93.0,11.871
648.0,13.707
1043.0,14.249
1045.0,14.37
762.0,14.438
141.0,14.722
277.0,14.765
385.0,14.748
265.0,15.208
40.0,15.852
7.0,16.272
5.0,15.391
383.0,14.785
368.0,14.653
250.0,14.928
96.0,15.152
93.0,15.235
72.0,15.513
21.0,16.921
21.0,17.711
2.0,18.003
3.0,18.259
1005.0,19.395
985.0,21.205
1027.0,23.535
1014.0,25.429
985.0,26.44
941.0,26.189
991.0,25.459
1016.0,23.741
1039.0,21.784
856.0,19.855
310.0,18.878
26.0,19.0
20.0,20.076
6.0,20.495
2519.0,19.98
2526.0,18.928
2321.0,18.058
1845.0,17.462
932.0,17.027
899.0,16.672
1724.0,16.929
1555.0,17.463
1132.0,18.252
1040.0,19.065
1046.0,19.46
1037.0,19.538
1021.0,19.683
709.0,20.566
133.0,22.893
7.0,25.481
746.0,25.975
638.0,26.488
411.0,28.593
414.0,31.048
578.0,33.414
701.0,36.192
514.0,38.57
534.0,8.86
226.0,11.2
859.0,12.82
1331.0,13.487
1103.0,13.592
1069.0,13.986
1045.0,14.535
1018.0,15.04
646.0,15.356
74.0,15.579
3.0,16.27
1.0,16.321
4.0,15.609
5.0,14.973
19.0,14.765
22.0,14.908
1503.0,14.897
713.0,14.763
503.0,15.248
175.0,16.775
452.0,17.875
726.0,18.524
758.0,19.122
854.0,20.364
389.0,22.175
142.0,24.893
604.0,26.854
1503.0,28.128
1145.0,28.15
1062.0,27.224
1061.0,25.492
1057.0,23.052
1037.0,21.37
1034.0,19.985
745.0,20.093
347.0,21.224
263.0,21.968
219.0,21.747
133.0,21.676
64.0,21.041
19.0,19.907
19.0,18.609
11.0,17.836
21.0,17.797
20.0,18.51
117.0,19.429
314.0,20.756
385.0,21.851
609.0,22.79
661.0,23.074
690.0,24.077
439.0,25.788
351.0,28.012
545.0,28.986
152.0,29.893
514.0,31.759
428.0,33.361
132.0,35.153
2.0,38.139
12.0,40.467
3.0,8.043
1085.0,9.89
1073.0,10.977
522.0,11.437
568.0,11.942
556.0,12.766
326.0,14.284
227.0,15.421
635.0,15.919
460.0,16.42
249.0,16.801
1344.0,16.639
1281.0,15.902
1019.0,15.128
1041.0,15.092
1052.0,15.106
1051.0,14.908
1054.0,14.77
1054.0,15.123
1050.0,16.724
1053.0,18.157
1055.0,19.209
1058.0,20.281
1048.0,21.828
1015.0,23.916
1022.0,27.176
1033.0,29.531
1013.0,30.916
1015.0,30.772
968.0,29.333
904.0,27.32
832.0,24.786
803.0,23.057
776.0,21.839
716.0,21.827
570.0,23.321
428.0,24.314
391.0,24.822
238.0,25.235
143.0,24.628
84.0,22.881
124.0,20.97
298.0,20.017
726.0,20.044
647.0,20.724
137.0,21.793
123.0,23.595
63.0,26.017
46.0,28.16
23.0,29.361
24.0,30.055
7.0,31.37
15.0,32.75
2.0,33.173
1.0,34.195
9.0,35.882
13.0,36.657
25.0,37.827
1101.0,40.879
1068.0,42.92
1070.0,6.646
1080.0,8.324
1106.0,9.163
1256.0,9.783
1400.0,10.534
1392.0,12.02
1308.0,13.821
1534.0,15.378
2297.0,16.359
2366.0,17.4
1618.0,17.94
1056.0,17.708
1024.0,16.655
1041.0,15.753
1058.0,15.535
1053.0,15.642
1068.0,15.359
1065.0,15.373
1063.0,15.914
1063.0,17.133
1060.0,18.462
1058.0,19.942
1058.0,21.459
1060.0,23.753
1067.0,26.965
1062.0,31.184
1071.0,34.022
1064.0,35.16
1067.0,34.638
1064.0,32.833
1063.0,30.339
1062.0,27.668
1065.0,26.221
1055.0,25.474
1055.0,25.887
1058.0,27.132
1048.0,28.782
1039.0,30.084
1037.0,30.15
1025.0,28.859
1037.0,27.195
1043.0,25.972
1035.0,25.618
1012.0,25.562
980.0,25.621
810.0,26.401
644.0,28.494
516.0,31.675
125.0,35.932
265.0,37.788
150.0,38.032
48.0,38.375
20.0,38.943
28.0,39.471
27.0,40.248
13.0,40.875
49.0,40.872
111.0,41.636
200.0,44.577
1163.0,45.992
1504.0,4.972
1159.0,6.74
1056.0,8.528
1059.0,10.084
1056.0,11.533
1055.0,12.714
1118.0,14.361
1622.0,15.89
2089.0,17.508
2235.0,19.03
2272.0,20.099
1358.0,19.672
1063.0,17.97
1037.0,16.499
1029.0,16.15
1051.0,16.495
1053.0,16.618
1055.0,16.949
1055.0,17.723
1062.0,18.965
1053.0,19.878
1060.0,20.97
1058.0,22.594
1061.0,25.298
1062.0,29.904
1064.0,36.044
1059.0,40.455
1063.0,42.169
1060.0,41.831
1062.0,39.587
1061.0,36.201
1038.0,33.185
1024.0,32.02
1037.0,32.47
1043.0,32.633
1045.0,33.53
1048.0,35.148
1050.0,36.85
1033.0,35.938
1027.0,33.864
1028.0,32.548
1015.0,32.932
1018.0,33.856
1030.0,33.73
1038.0,33.418
1053.0,33.463
1062.0,35.191
1053.0,38.798
1031.0,44.176
1017.0,46.287
1065.0,46.066
1080.0,45.71
1043.0,45.271
1029.0,46.499
1042.0,47.957
1017.0,47.493
1038.0,46.115
1045.0,46.328
1037.0,48.876
1021.0,48.631
1064.0,4.619
1075.0,6.962
1043.0,10.297
1038.0,13.619
1036.0,15.693
1040.0,16.952
1035.0,17.961
1072.0,18.753
1060.0,19.607
1184.0,20.637
1782.0,20.883
1759.0,20.207
1936.0,18.893
1181.0,17.215
1070.0,16.339
1051.0,16.69
1034.0,17.858
1013.0,18.95
1051.0,20.163
1055.0,21.585
1056.0,22.532
1062.0,23.184
1066.0,24.622
1060.0,27.609
1070.0,33.053
1073.0,40.358
1069.0,45.49
1064.0,48.066
1072.0,48.888
1073.0,48.496
1065.0,44.933
1067.0,40.621
1063.0,39.086
1065.0,39.957
1064.0,40.042
1061.0,40.117
1072.0,41.093
1063.0,41.754
1058.0,39.865
1060.0,37.61
1071.0,37.523
1081.0,39.2
1074.0,41.043
1069.0,41.687
1064.0,41.694
1059.0,41.946
1036.0,43.099
1002.0,46.862
985.0,51.774
992.0,53.167
1028.0,52.043
1048.0,50.904
1049.0,51.01
1051.0,52.296
1056.0,53.982
1059.0,53.794
1060.0,52.81
1064.0,53.436
1058.0,55.189
1060.0,52.453
1068.0,5.988
1067.0,9.407
1037.0,13.103
1031.0,16.279
1050.0,18.53
1053.0,19.803
1024.0,20.685
1043.0,20.756
1052.0,20.513
1062.0,20.22
1065.0,19.587
1089.0,19.221
1458.0,18.357
2277.0,17.388
1435.0,16.196
1061.0,16.676
1047.0,18.648
1051.0,20.813
1031.0,22.733
958.0,24.74
989.0,26.078
1046.0,27.189
1040.0,28.575
1047.0,31.893
1061.0,37.278
1065.0,44.607
1067.0,49.964
1066.0,53.07
1058.0,55.233
1062.0,56.012
1063.0,53.692
1061.0,49.396
1065.0,47.511
1073.0,47.983
1066.0,47.896
1061.0,47.371
1063.0,46.8
1069.0,45.883
1066.0,43.967
1051.0,42.244
1058.0,43.569
1073.0,46.306
1081.0,48.527
1068.0,49.473
1062.0,50.307
1070.0,51.583
1070.0,52.81
1064.0,55.536
1063.0,58.461
1062.0,58.607
1063.0,56.224
1071.0,55.125
1074.0,55.557
1070.0,56.6
1065.0,58.012
1061.0,58.18
1058.0,57.751
1060.0,59.164
1064.0,60.002
1062.0,54.464
1058.0,7.303
1065.0,11.468
1033.0,15.162
1047.0,17.625
1024.0,19.186
1039.0,20.342
1029.0,21.222
1014.0,21.362
1024.0,20.354
1036.0,19.41
1044.0,18.319
1051.0,18.002
1062.0,18.273
1117.0,17.714
1814.0,16.993
1582.0,17.426
1087.0,19.614
1042.0,22.539
970.0,25.221
1030.0,27.877
1036.0,30.11
1001.0,31.973
980.0,34.227
971.0,37.631
1028.0,42.542
1058.0,48.878
1067.0,53.467
1066.0,56.455
1065.0,58.806
1062.0,60.855
1055.0,59.902
1058.0,56.953
1057.0,55.752
1058.0,55.926
1064.0,55.598
1065.0,54.611
1068.0,52.842
1059.0,50.353
1071.0,48.485
1073.0,47.542
1062.0,50.387
1058.0,54.435
1069.0,56.887
1079.0,57.363
1073.0,58.347
1058.0,59.942
1063.0,61.594
1066.0,62.608
1069.0,63.446
1056.0,62.393
1061.0,60.291
1060.0,59.339
1066.0,59.719
1061.0,60.348
1050.0,61.271
1059.0,61.187
1071.0,60.976
1056.0,62.12
1054.0,61.993
1059.0,54.13
1055.0,7.593
1062.0,12.022
1063.0,15.843
1057.0,18.148
1048.0,19.5
1041.0,20.629
1032.0,21.544
1012.0,21.65
1027.0,20.975
1049.0,19.542
1033.0,18.209
1033.0,18.107
1043.0,18.721
1062.0,18.957
1087.0,18.813
1420.0,19.303
1620.0,21.013
1055.0,24.025
1061.0,27.077
1030.0,30.486
976.0,33.458
1027.0,36.92
1050.0,40.458
1037.0,43.744
1046.0,47.885
1061.0,52.985
1046.0,57.381
1056.0,59.416
1067.0,61.649
1063.0,63.952
1057.0,63.92
1061.0,62.358
1052.0,61.583
1058.0,61.784
1047.0,61.783
1056.0,60.692
1059.0,58.608
1065.0,56.282
1066.0,54.458
1077.0,54.083
1080.0,57.262
1073.0,61.263
1070.0,63.23
1072.0,63.908
1077.0,64.355
1067.0,65.477
1057.0,66.613
1060.0,67.057
1051.0,67.219
1063.0,65.996
1063.0,64.587
1067.0,63.954
1061.0,63.781
1067.0,63.961
1064.0,64.535
1048.0,64.013
1060.0,64.15
1070.0,64.716
1053.0,63.961
1054.0,54.399
1053.0,7.117
1046.0,11.91
1048.0,15.844
1050.0,18.34
1045.0,19.991
1046.0,20.735
1029.0,21.727
1041.0,22.12
1031.0,21.193
1025.0,19.872
1025.0,18.618
1034.0,18.198
1040.0,19.266
1039.0,19.78
1051.0,20.005
1066.0,20.379
1257.0,22.061
1580.0,25.112
1112.0,28.369
1022.0,31.903
1017.0,35.263
1005.0,39.922
1009.0,44.409
1052.0,47.646
1052.0,51.313
1048.0,56.879
1059.0,60.384
1063.0,62.028
1065.0,63.58
1035.0,65.699
1042.0,66.864
1053.0,66.543
1045.0,65.931
1052.0,65.938
1050.0,65.924
1053.0,65.695
1043.0,64.509
1060.0,63.074
1054.0,61.784
1123.0,61.784
1332.0,63.795
1309.0,66.376
1113.0,68.101
1059.0,68.106
1335.0,68.437
1369.0,69.034
1364.0,69.735
1468.0,69.855
1430.0,69.467
1652.0,68.535
1325.0,67.903
1228.0,67.472
1239.0,67.342
1160.0,67.342
1095.0,67.716
1060.0,67.251
1055.0,66.846
1064.0,67.185
1071.0,65.956
1067.0,55.379
1064.0,6.57
1043.0,11.399
1048.0,15.447
1056.0,18.287
1054.0,19.903
1055.0,20.988
1041.0,21.966
1036.0,22.348
1034.0,21.584
1029.0,19.958
1021.0,18.644
1030.0,18.564
1032.0,19.54
1030.0,20.421
1047.0,20.831
1046.0,21.133
1049.0,22.818
1117.0,25.723
1673.0,29.167
1429.0,32.351
1015.0,36.129
996.0,41.459
937.0,46.404
955.0,49.481
1024.0,52.756
1063.0,58.338
1063.0,62.011
1069.0,63.248
1062.0,64.221
1062.0,66.199
1013.0,67.636
1009.0,68.649
1025.0,68.483
994.0,67.842
968.0,67.951
1025.0,68.35
1067.0,67.945
998.0,67.548
1085.0,67.456
1408.0,67.322
1439.0,68.115
1482.0,69.522
1650.0,70.647
1631.0,70.74
1837.0,70.711
1357.0,70.933
1514.0,71.371
1874.0,71.046
1290.0,70.556
1670.0,70.228
1509.0,70.185
1277.0,70.112
1170.0,70.009
1314.0,69.945
1511.0,69.858
1122.0,69.696
1040.0,69.033
1048.0,69.009
1053.0,66.537
1052.0,55.0
1055.0,6.22
1052.0,10.487
1116.0,14.349
1231.0,17.33
1179.0,19.352
1040.0,20.511
1032.0,21.807
1034.0,22.362
1037.0,21.609
1036.0,20.356
1040.0,19.066
1044.0,18.95
1035.0,20.033
1035.0,21.332
1037.0,21.662
1041.0,22.114
1045.0,23.405
1060.0,26.119
1131.0,29.348
1681.0,32.319
1843.0,36.172
1469.0,41.674
1335.0,46.494
1493.0,48.857
1262.0,51.656
1005.0,56.213
1043.0,59.661
1051.0,60.847
1064.0,61.56
1069.0,63.137
1040.0,64.885
1013.0,65.877
1055.0,65.477
989.0,64.374
960.0,63.913
962.0,64.636
993.0,64.904
958.0,65.382
1108.0,65.666
1497.0,65.894
1388.0,66.469
1262.0,67.814
1390.0,68.987
1587.0,69.342
1520.0,69.599
1775.0,69.528
1467.0,69.954
1762.0,69.502
1719.0,69.347
1515.0,68.906
2072.0,68.649
1796.0,68.741
1710.0,68.904
1296.0,68.567
1333.0,68.878
1220.0,68.611
1073.0,68.654
1079.0,68.62
1039.0,65.183
1050.0,52.487
1051.0,6.017
1068.0,9.876
1143.0,13.426
1105.0,16.086
1103.0,18.126
1116.0,19.902
1062.0,21.398
1048.0,22.351
1039.0,21.785
1043.0,20.58
1033.0,19.45
1035.0,19.415
1033.0,20.829
1039.0,22.469
1037.0,23.164
1032.0,23.298
1048.0,23.796
1048.0,25.338
1046.0,28.09
1045.0,31.102
1463.0,35.002
2149.0,40.002
1676.0,44.173
1789.0,61.239
1560.0,61.622
1769.0,62.487
1673.0,62.279
1066.0,61.526
1058.0,61.341
1077.0,60.651
1070.0,59.815
1087.0,64.611
1488.0,60.783
1685.0,47.787
1792.0,5.206
1454.0,8.411
1014.0,11.691
969.0,14.678
1138.0,16.991
1535.0,18.746
1522.0,20.57
1838.0,21.762
1559.0,21.563
1136.0,20.669
1193.0,19.506
1667.0,19.463
1707.0,21.271
1897.0,23.779
1877.0,25.331
1377.0,25.251
1787.0,24.581
1645.0,25.064
1575.0,27.316
2040.0,3.541
1654.0,5.182
1486.0,8.511
1423.0,12.969
1071.0,16.18
1085.0,18.216
1078.0,19.83
1075.0,21.119
1066.0,21.488
1089.0,20.91
1131.0,19.971
1181.0,20.058
1339.0,22.309
1228.0,24.932
1074.0,27.256
1057.0,27.169
1052.0,2.483
1035.0,3.445
1038.0,6.527
1034.0,11.466
1030.0,15.205
1035.0,17.034
1029.0,18.432
1029.0,20.017
1028.0,21.686
1043.0,22.383
1033.0,22.214
1033.0,22.189
1035.0,23.49
1089.0,25.766
1132.0,2.201
1765.0,2.69
1397.0,4.777
1356.0,8.188
1764.0,10.787
1805.0,12.375
1047.0,14.103
1099.0,16.959
1571.0,20.931
1709.0,23.978
1266.0,24.782
1279.0,24.801
1575.0,2.043
1520.0,2.092
1143.0,3.202
1656.0,5.119
1366.0,6.97
1485.0,8.249
1787.0,10.016
1270.0,13.25
1072.0,2.065
1059.0,3.887
1117.0,6.956
1134.0,11.248
1089.0,2.07
1087.0,3.719
1082.0,6.905
1069.0,11.409
1063.0,14.514
1148.0,14.989
1611.0,13.28
2322.0,10.897
1822.0,10.598
1549.0,2.157
1834.0,3.834
1658.0,7.019
1424.0,11.215
1517.0,14.535
1285.0,15.334
1170.0,14.654
1237.0,13.716
1308.0,13.751
1357.0,15.4
1486.0,17.721
1415.0,19.831
1163.0,20.644
1053.0,40.633
1057.0,35.708
1047.0,26.301
1030.0,3.147
1022.0,4.959
1023.0,7.91
1033.0,11.85
1033.0,14.507
1043.0,15.528
1052.0,15.744
1053.0,15.753
1050.0,16.039
1042.0,16.968
1054.0,18.798
1072.0,20.535
1087.0,21.175
1418.0,20.943
2030.0,20.485
1858.0,47.341
1726.0,47.851
1887.0,47.027
1274.0,45.456
1777.0,44.433
2196.0,44.865
1819.0,45.203
1644.0,46.251
1601.0,48.948
1300.0,50.128
1066.0,45.506
1160.0,34.877
1371.0,5.191
1244.0,7.632
1077.0,10.391
1034.0,13.091
1027.0,14.761
1027.0,15.603
1019.0,15.859
1016.0,16.029
1022.0,16.587
1036.0,17.613
1055.0,19.469
1073.0,21.23
1066.0,21.7
1171.0,21.226
1196.0,20.446
1522.0,19.738
1435.0,19.438
1408.0,50.777
1333.0,52.587
1432.0,54.561
1592.0,55.996
1663.0,55.44
1390.0,54.918
1469.0,55.369
1524.0,56.194
1290.0,56.445
1225.0,57.373
1231.0,58.474
1215.0,53.885
1229.0,42.431
1270.0,7.012
1041.0,10.201
1038.0,13.043
1017.0,14.747
1020.0,15.563
1021.0,16.067
1033.0,16.38
1034.0,16.589
1042.0,17.259
1038.0,18.678
1028.0,21.138
1046.0,23.18
1049.0,23.532
1043.0,22.788
1030.0,21.325
1036.0,19.822
1051.0,18.567
1123.0,18.504
1396.0,20.103
2072.0,21.763
2253.0,40.569
2037.0,44.101
1161.0,48.552
1119.0,51.152
1339.0,53.243
1411.0,56.019
1284.0,58.08
1137.0,58.812
1102.0,58.399
1048.0,59.409
1032.0,60.744
1042.0,60.746
1046.0,60.826
1048.0,61.149
1038.0,56.904
1030.0,45.877
1032.0,7.923
1044.0,11.733
1044.0,14.621
1051.0,16.256
1043.0,16.759
1046.0,16.975
1053.0,17.34
1068.0,17.501
1197.0,18.251
1222.0,20.271
1269.0,23.567
1574.0,26.022
1383.0,26.083
1345.0,24.608
1342.0,22.705
1395.0,20.676
1410.0,18.741
1310.0,18.553
1114.0,19.722
1359.0,21.555
1482.0,22.291
1169.0,20.882
1198.0,18.979
1201.0,18.054
1204.0,32.587
1356.0,34.475
1023.0,34.503
1018.0,34.397
1011.0,35.966
1019.0,37.581
1040.0,38.767
1037.0,42.148
1031.0,46.342
1042.0,49.089
1050.0,51.148
1039.0,53.948
1044.0,56.629
1050.0,58.25
1059.0,58.205
1051.0,59.407
1047.0,61.058
1048.0,61.017
1084.0,60.543
1199.0,60.651
1800.0,57.158
2332.0,47.261
2197.0,8.17
1302.0,12.126
1068.0,15.157
1093.0,16.56
1107.0,17.178
1079.0,17.479
1071.0,17.61
1056.0,18.078
1035.0,18.961
1021.0,21.127
1040.0,24.615
1047.0,27.205
1042.0,26.895
1040.0,25.007
1032.0,22.787
1036.0,20.546
1035.0,18.47
1043.0,18.153
1056.0,19.406
1052.0,21.449
1053.0,22.63
1070.0,21.562
1107.0,19.519
1207.0,18.578
1197.0,18.812
1227.0,19.561
1647.0,19.577
1339.0,18.836
1266.0,17.745
1272.0,16.719
1265.0,17.426
1339.0,19.348
1287.0,20.887
1115.0,22.759
1335.0,25.02
1333.0,26.934
1172.0,27.203
1190.0,27.428
1187.0,29.975
1196.0,32.336
1382.0,32.393
1048.0,32.153
1011.0,33.862
1029.0,35.447
1010.0,36.648
1012.0,39.322
1039.0,43.511
1034.0,45.901
1031.0,47.407
1027.0,50.777
1031.0,53.821
1045.0,55.843
1039.0,56.677
1037.0,57.688
1046.0,59.582
1043.0,59.764
1038.0,59.076
1037.0,59.281
1047.0,56.187
1081.0,46.94
1265.0,8.279
1963.0,12.103
2197.0,14.933
2050.0,16.468
1603.0,16.995
1293.0,17.332
1540.0,17.547
1527.0,17.962
1497.0,18.912
1225.0,21.469
1077.0,24.838
1066.0,27.185
1046.0,26.551
1051.0,24.307
1060.0,21.686
1054.0,19.437
1049.0,17.094
1058.0,16.838
1044.0,18.49
1043.0,20.7
1053.0,22.307
1050.0,21.606
1050.0,19.787
1041.0,18.63
1033.0,19.056
1064.0,19.706
1186.0,19.75
1159.0,19.238
1369.0,17.934
1637.0,16.97
1414.0,17.129
1305.0,18.74
1285.0,20.313
1300.0,21.909
1382.0,23.426
1251.0,24.52
1133.0,24.448
1398.0,24.545
1289.0,26.72
1195.0,28.765
1215.0,29.243
1187.0,29.313
1190.0,31.079
1444.0,32.632
1086.0,33.939
1094.0,36.59
1061.0,40.196
1048.0,42.048
1045.0,42.869
1026.0,45.843
1015.0,49.888
1024.0,52.643
1011.0,54.146
1018.0,54.919
1026.0,56.68
1039.0,56.405
1051.0,56.341
1037.0,56.582
1028.0,54.503
1033.0,46.215
1041.0,8.332
1044.0,11.91
1045.0,14.587
1035.0,15.915
1041.0,16.52
1086.0,16.971
1149.0,17.257
1788.0,17.758
1828.0,18.751
1523.0,21.251
1821.0,24.708
1846.0,26.477
1889.0,24.966
2077.0,22.293
1839.0,19.404
1458.0,17.071
1547.0,15.372
1667.0,15.49
1465.0,16.993
1305.0,19.55
1955.0,21.276
2015.0,20.737
1712.0,19.089
1339.0,18.324
1106.0,18.808
1054.0,19.755
1017.0,20.006
1029.0,19.572
1039.0,18.548
1034.0,17.499
1046.0,17.674
1047.0,18.72
1065.0,19.902
1141.0,21.095
1349.0,21.997
1557.0,22.479
1404.0,22.156
1402.0,21.914
1365.0,23.45
1404.0,25.299
1462.0,25.787
1468.0,26.279
1200.0,27.989
1187.0,29.436
1359.0,30.906
1197.0,33.244
1214.0,36.482
1192.0,37.605
1158.0,38.682
1156.0,41.361
1448.0,45.618
1079.0,48.74
1083.0,50.291
1045.0,51.041
1048.0,52.151
1043.0,52.106
1007.0,51.65
1045.0,52.853
1041.0,51.794
1018.0,45.539
1031.0,8.209
1025.0,11.168
1024.0,13.271
1018.0,14.52
1026.0,14.989
1042.0,15.382
1044.0,15.927
1051.0,16.622
1047.0,18.115
1041.0,20.873
1038.0,24.328
1063.0,25.313
1083.0,22.811
1000.0,19.443
1630.0,16.317
1606.0,14.349
1264.0,13.368
1655.0,14.067
1129.0,16.032
1069.0,18.712
1158.0,20.58
1698.0,20.063
1403.0,18.354
1316.0,17.712
1426.0,18.416
1639.0,19.651
1243.0,20.125
1131.0,20.112
1507.0,19.415
1447.0,18.497
1313.0,18.386
1685.0,19.014
1603.0,19.339
1705.0,19.921
2162.0,20.437
1734.0,20.775
1209.0,20.145
1095.0,19.24
1066.0,19.849
1051.0,21.52
1087.0,22.471
1550.0,23.065
2013.0,24.28
1672.0,25.483
1475.0,27.095
1451.0,29.142
1565.0,31.596
1677.0,32.734
1371.0,33.984
1205.0,37.005
1468.0,40.961
1392.0,43.941
1260.0,45.322
1279.0,44.673
1263.0,45.309
1221.0,46.092
1231.0,46.649
1471.0,47.392
1073.0,47.52
1078.0,43.374
1066.0,7.943
1064.0,9.739
1023.0,10.858
1013.0,11.37
1044.0,11.578
1036.0,12.103
1034.0,13.083
1041.0,14.283
1037.0,16.672
1030.0,20.16
1042.0,23.458
1036.0,23.688
1038.0,20.345
1043.0,16.575
1044.0,13.742
1038.0,12.455
1032.0,12.24
1042.0,13.132
1273.0,14.944
2095.0,17.664
2005.0,19.614
1381.0,19.003
1586.0,17.369
1505.0,16.733
1286.0,17.469
1038.0,18.848
1067.0,19.856
1073.0,20.35
1082.0,20.254
1133.0,19.936
1281.0,19.519
1206.0,18.873
994.0,17.923
934.0,17.461
977.0,17.855
994.0,18.494
1286.0,17.976
1576.0,16.914
1511.0,17.388
1662.0,18.656
1859.0,19.781
1951.0,19.88
1806.0,20.011
1769.0,20.849
2152.0,22.891
1480.0,24.685
1096.0,26.13
1035.0,27.327
1188.0,29.374
1995.0,32.819
1654.0,36.564
1402.0,39.58
1728.0,39.991
1227.0,38.202
1137.0,37.685
1245.0,39.556
1237.0,41.356
1208.0,42.563
1234.0,42.807
1337.0,40.325
1487.0,8.859
1457.0,9.652
1416.0,9.841
1306.0,9.681
1450.0,9.692
1046.0,10.096
1038.0,11.077
1025.0,12.464
1033.0,14.523
1027.0,17.48
1030.0,20.726
1030.0,20.63
1032.0,17.112
1037.0,13.838
1027.0,12.332
1029.0,12.082
1048.0,12.424
1043.0,13.002
1075.0,13.987
1581.0,16.054
1612.0,17.49
1495.0,17.291
1054.0,16.14
1155.0,15.734
1002.0,16.541
977.0,18.278
1041.0,19.536
1064.0,20.695
1067.0,20.807
1071.0,20.509
1061.0,19.604
1028.0,18.451
998.0,17.044
951.0,15.635
916.0,15.485
934.0,16.136
951.0,16.028
968.0,15.481
1154.0,15.774
1740.0,16.865
1771.0,17.671
1865.0,17.718
1869.0,17.114
1811.0,17.886
1506.0,19.85
1707.0,20.995
1825.0,21.527
1764.0,22.649
2142.0,25.082
1822.0,28.686
1626.0,32.377
1428.0,35.303
1352.0,35.655
1139.0,33.079
1068.0,31.421
1071.0,33.767
1061.0,36.43
1067.0,37.877
1142.0,37.847
1185.0,35.664
1177.0,10.103
1246.0,10.785
1249.0,10.512
1159.0,9.852
1091.0,9.694
1073.0,9.874
1043.0,11.115
1032.0,12.161
1032.0,13.287
1034.0,15.329
1044.0,17.642
1037.0,17.438
1025.0,14.459
1041.0,12.07
1041.0,11.824
1037.0,12.639
1044.0,13.487
1047.0,13.722
1084.0,13.765
1556.0,14.843
1993.0,15.682
1370.0,15.848
1022.0,15.3
1012.0,15.191
1000.0,16.002
1001.0,18.145
970.0,19.723
1022.0,20.908
1057.0,20.826
1054.0,20.238
1062.0,19.052
1056.0,17.58
1048.0,16.111
1006.0,14.885
991.0,14.36
1008.0,14.629
1020.0,14.773
995.0,14.701
1008.0,15.091
986.0,15.88
1250.0,17.102
1937.0,17.033
1961.0,16.295
1897.0,16.445
1699.0,17.925
1335.0,18.444
1567.0,18.587
1622.0,19.349
1384.0,21.391
1662.0,24.438
1453.0,28.183
1304.0,31.447
1202.0,32.463
1206.0,29.692
1293.0,27.837
1089.0,29.316
1039.0,31.965
1038.0,32.476
1049.0,32.09
1063.0,30.283
1165.0,10.405
1116.0,11.268
1077.0,11.09
1175.0,10.501
1076.0,10.36
1047.0,10.821
1071.0,12.198
1047.0,13.244
1045.0,13.982
1025.0,15.343
1033.0,16.739
1037.0,16.079
1035.0,13.222
1025.0,11.389
1018.0,11.537
1036.0,12.875
1048.0,13.8
1038.0,13.821
1044.0,13.768
1177.0,14.629
1607.0,15.464
1990.0,15.509
1386.0,15.244
1006.0,15.255
1066.0,16.489
1064.0,18.74
1044.0,20.411
967.0,21.499
959.0,21.494
999.0,20.479
1041.0,18.9
1062.0,16.946
1058.0,15.595
1048.0,14.719
1049.0,14.291
1039.0,14.381
1012.0,14.566
1017.0,14.763
1033.0,15.033
1033.0,15.872
1017.0,16.752
1022.0,16.719
1158.0,15.901
1315.0,15.47
1301.0,16.426
1504.0,17.053
1524.0,17.333
1533.0,17.725
1688.0,19.067
1701.0,20.885
1873.0,23.779
1533.0,27.311
1472.0,29.014
1252.0,26.808
1214.0,24.633
1471.0,25.624
1197.0,27.459
1053.0,27.709
1024.0,26.93
1025.0,26.335
1042.0,9.721
1059.0,11.133
1166.0,11.654
1123.0,11.587
1154.0,11.539
1083.0,11.974
1028.0,13.086
1007.0,13.97
1043.0,14.5
1041.0,15.539
1043.0,16.615
1041.0,15.561
1036.0,12.896
1030.0,11.282
1030.0,11.475
1011.0,12.747
1029.0,13.765
1040.0,13.904
1041.0,13.722
1037.0,14.635
1038.0,15.58
1142.0,15.843
1704.0,15.625
1799.0,15.777
1169.0,17.153
1061.0,19.5
1054.0,21.239
1050.0,22.195
1034.0,22.191
987.0,21.131
973.0,19.272
996.0,17.2
1052.0,15.794
1059.0,15.048
1057.0,14.8
1070.0,14.916
1066.0,15.342
1072.0,15.461
1062.0,15.624
1064.0,15.824
1059.0,16.267
1066.0,16.095
1070.0,15.375
1072.0,15.038
1066.0,15.759
1063.0,16.404
1061.0,17.032
1049.0,17.326
1084.0,17.602
1077.0,18.397
1069.0,20.266
1072.0,23.37
1070.0,25.041
1060.0,23.966
1139.0,21.853
1269.0,22.612
1139.0,23.476
1063.0,23.215
1070.0,23.268
1056.0,23.623
1038.0,9.748
1033.0,11.366
1039.0,12.65
1052.0,13.012
1061.0,13.124
1054.0,13.212
1033.0,13.917
1043.0,14.302
1056.0,14.639
1051.0,15.53
1056.0,16.427
1043.0,15.687
1036.0,13.266
1038.0,11.556
1029.0,11.927
1025.0,13.346
1042.0,14.223
1032.0,14.13
1037.0,14.07
1040.0,14.953
1043.0,16.011
1047.0,16.323
1079.0,16.084
1152.0,16.394
1785.0,18.009
1354.0,20.379
1064.0,22.178
1050.0,22.991
992.0,22.971
995.0,21.948
984.0,20.167
964.0,18.022
982.0,16.666
1045.0,15.872
1056.0,15.713
1057.0,16.033
1065.0,16.363
1060.0,16.409
1057.0,16.265
1062.0,16.181
1071.0,16.193
1060.0,15.941
1060.0,15.371
1063.0,15.334
1069.0,15.9
1079.0,16.651
1071.0,17.248
1068.0,17.257
1068.0,17.277
1071.0,17.047
1073.0,17.942
1068.0,20.66
1058.0,22.552
1067.0,21.687
1083.0,19.966
1080.0,20.37
1071.0,20.514
1056.0,20.141
1086.0,20.796
1076.0,22.331
1065.0,9.921
1056.0,11.612
1049.0,13.195
1050.0,13.822
1065.0,13.901
1064.0,13.98
1067.0,14.381
1067.0,14.505
1067.0,14.587
1064.0,15.228
1052.0,16.208
1051.0,15.809
1054.0,13.912
1042.0,12.649
1031.0,13.128
1026.0,14.085
1027.0,14.809
1028.0,14.618
1037.0,14.577
1045.0,15.611
1042.0,16.502
1046.0,16.719
1062.0,16.46
1069.0,17.051
1393.0,18.644
2036.0,21.315
1606.0,23.234
1080.0,24.364
1050.0,24.204
1044.0,23.129
1038.0,21.444
1035.0,19.136
1012.0,17.585
1023.0,16.823
1053.0,16.778
1061.0,17.403
1064.0,17.899
1066.0,17.549
1060.0,16.972
1057.0,16.488
1057.0,16.646
1070.0,16.296
1069.0,15.772
1063.0,15.663
1064.0,16.374
1066.0,17.105
1069.0,17.372
1070.0,17.477
1071.0,16.917
1066.0,16.634
1067.0,17.019
1065.0,19.084
1068.0,20.893
1061.0,20.116
1056.0,18.807
1062.0,19.145
1071.0,19.299
1062.0,19.161
1049.0,20.615
1064.0,22.886
1075.0,9.697
1063.0,11.847
1060.0,13.361
1065.0,14.001
1067.0,13.996
1069.0,14.089
1070.0,14.352
1063.0,14.558
1055.0,14.502
1061.0,14.972
1062.0,15.872
1032.0,15.591
1040.0,14.607
1041.0,13.701
1031.0,13.775
1033.0,14.443
1023.0,14.714
1012.0,14.658
1031.0,14.847
1047.0,16.06
1040.0,16.985
1063.0,16.969
1051.0,16.97
1088.0,17.571
1482.0,19.306
1626.0,21.994
1706.0,24.117
1440.0,25.276
1044.0,25.306
1048.0,24.493
1045.0,22.588
1033.0,20.47
1031.0,18.817
1050.0,17.88
1050.0,17.859
1035.0,18.913
1053.0,19.293
1069.0,18.636
1074.0,17.819
1066.0,17.104
1046.0,16.905
973.0,16.479
1006.0,16.091
1058.0,16.052
1064.0,16.69
1059.0,17.344
1059.0,17.765
1061.0,17.424
1062.0,17.012
1049.0,16.125
1028.0,16.565
977.0,18.442
995.0,20.164
1019.0,19.744
1015.0,18.877
1006.0,19.419
1022.0,19.931
1047.0,20.166
1051.0,22.385
1054.0,25.202
1073.0,9.316
1075.0,11.49
1061.0,12.94
1058.0,13.438
1062.0,13.481
1066.0,13.657
1069.0,14.246
1066.0,14.495
1055.0,14.624
1062.0,14.997
1063.0,15.743
1043.0,15.679
1046.0,14.89
1246.0,14.229
1612.0,14.065
1127.0,14.339
1050.0,14.336
1031.0,14.264
1031.0,14.6
1028.0,15.928
1049.0,17.044
1051.0,17.462
1070.0,17.556
1223.0,18.302
1986.0,19.97
2117.0,22.894
2279.0,25.057
2364.0,26.666
1497.0,26.689
1064.0,25.648
1048.0,23.97
1037.0,21.942
1051.0,20.156
1064.0,18.923
1065.0,19.091
1068.0,20.107
1059.0,20.469
1062.0,19.962
1072.0,18.975
1073.0,18.22
1065.0,17.655
1053.0,17.0
990.0,16.574
993.0,16.512
1037.0,17.175
1060.0,17.751
1053.0,18.242
1063.0,17.9
1070.0,17.399
1070.0,16.431
1064.0,16.837
1063.0,18.566
1065.0,20.218
1067.0,19.974
1062.0,20.022
1064.0,21.31
1068.0,22.256
1073.0,23.151
1066.0,25.842
1058.0,28.707
1054.0,8.537
1055.0,10.444
1045.0,11.515
1031.0,11.747
1020.0,11.878
1035.0,12.478
1049.0,13.64
1057.0,14.51
1051.0,14.986
1061.0,15.399
1068.0,15.911
1058.0,15.838
1048.0,15.09
1076.0,14.28
1060.0,14.073
1495.0,14.235
1394.0,14.157
1061.0,13.892
1045.0,14.074
1036.0,15.621
1071.0,17.005
1062.0,18.052
1126.0,18.603
1557.0,19.549
1429.0,21.338
1241.0,24.538
1415.0,27.169
1323.0,28.697
1186.0,28.806
1471.0,27.516
1069.0,25.587
1066.0,23.322
1053.0,21.451
1055.0,20.232
1066.0,20.268
1073.0,21.349
1067.0,22.136
1064.0,21.985
1062.0,21.542
1072.0,20.884
1078.0,19.43
1068.0,18.123
1053.0,17.322
1054.0,17.313
1072.0,17.83
1076.0,18.523
1069.0,19.254
1048.0,19.316
1050.0,18.663
1045.0,18.072
1051.0,18.208
1041.0,19.975
1043.0,21.725
1057.0,21.858
1053.0,22.299
1044.0,24.44
1033.0,26.119
1026.0,27.624
1023.0,30.804
1039.0,33.488
1032.0,7.445
1045.0,9.044
1063.0,9.639
1025.0,9.755
1014.0,10.048
1029.0,10.921
1066.0,12.636
1057.0,14.062
1061.0,14.966
1032.0,15.418
1030.0,15.795
1025.0,15.402
1003.0,14.562
1017.0,13.906
1053.0,13.77
1070.0,14.116
1744.0,14.032
2000.0,13.816
1186.0,13.858
1061.0,15.314
1056.0,16.933
1111.0,18.551
1572.0,19.711
1109.0,21.407
508.0,23.63
44.0,26.988
423.0,29.51
1197.0,30.832
1401.0,30.508
1686.0,28.945
1218.0,27.089
1019.0,24.831
1041.0,23.1
1057.0,22.072
1056.0,22.027
1055.0,23.27
1058.0,24.192
1058.0,24.948
1053.0,25.254
1048.0,24.408
1066.0,22.384
1072.0,20.254
1056.0,19.205
1029.0,18.983
1017.0,19.271
1036.0,20.029
1052.0,21.305
1028.0,22.182
958.0,21.912
751.0,21.682
505.0,22.151
186.0,23.7
7.0,25.276
30.0,25.797
20.0,26.506
11.0,29.136
9.0,31.318
11.0,32.797
12.0,36.059
10.0,38.418
10.0,5.761
5.0,7.23
9.0,8.15
20.0,8.76
16.0,9.341
15.0,10.084
35.0,11.541
105.0,12.911
379.0,14.215
871.0,15.173
1031.0,15.641
1058.0,15.137
1053.0,13.877
1045.0,13.128
1042.0,13.407
1044.0,14.048
1098.0,14.238
1801.0,14.184
1558.0,14.293
1116.0,15.5
1084.0,17.008
1269.0,18.778
1486.0,20.726
801.0,23.121
830.0,26.284
568.0,30.276
386.0,33.155
792.0,34.337
893.0,33.546
624.0,31.707
347.0,29.411
1085.0,27.348
1084.0,25.945
1057.0,25.774
1069.0,25.499
1062.0,26.39
1045.0,27.433
1046.0,28.561
1061.0,29.005
926.0,27.981
527.0,26.004
362.0,24.221
254.0,23.612
126.0,22.904
33.0,22.478
34.0,22.777
29.0,24.575
10.0,26.59
25.0,28.291
16.0,29.553
12.0,30.099
17.0,31.396
11.0,32.421
7.0,32.742
10.0,33.594
17.0,35.38
12.0,37.227
9.0,38.613
15.0,41.932
21.0,43.591
10.0,4.305
12.0,5.93
134.0,7.616
389.0,8.999
610.0,9.917
746.0,10.641
303.0,11.388
98.0,12.579
34.0,14.344
2.0,15.791
8.0,16.877
4.0,16.553
104.0,14.956
270.0,13.602
472.0,13.556
1103.0,14.314
1635.0,14.834
1784.0,15.35
1556.0,15.842
1572.0,16.576
1176.0,17.658
939.0,19.521
1582.0,21.6
1689.0,24.619
1161.0,29.014
860.0,35.164
799.0,39.492
569.0,41.118
415.0,40.492
818.0,37.9
1708.0,34.585
1422.0,31.67
1065.0,30.802
1063.0,31.283
1038.0,31.515
885.0,31.812
364.0,33.492
64.0,34.921
23.0,34.389
18.0,32.401
19.0,30.984
17.0,30.509
22.0,30.828
12.0,29.852
1.0,28.634
8.0,28.137
11.0,29.804
15.0,33.517
2.0,38.392
2.0,40.815
1391.0,40.826
1491.0,40.895
1392.0,41.232
1088.0,41.942
906.0,43.038
1049.0,43.385
1273.0,43.079
1100.0,44.095
951.0,47.005
500.0,47.89
344.0,4.189
915.0,6.12
1284.0,9.002
1819.0,11.895
1194.0,13.669
1034.0,14.463
1026.0,14.922
746.0,15.322
140.0,16.147
5.0,17.139
707.0,17.943
1842.0,17.612
2166.0,16.589
1433.0,15.15
1859.0,14.009
2128.0,14.361
2472.0,15.638
2308.0,16.972
1820.0,17.942
1454.0,18.707
1251.0,19.537
1098.0,21.135
1037.0,23.092
1044.0,26.431
1036.0,32.039
726.0,39.607
128.0,45.444
23.0,48.166
8.0,48.336
1737.0,46.603
1759.0,42.394
1905.0,37.603
1740.0,35.828
1158.0,36.482
1036.0,36.924
1024.0,37.392
1049.0,39.069
1059.0,40.263
1036.0,38.947
1013.0,36.169
1026.0,35.042
978.0,35.761
560.0,36.95
74.0,36.604
12.0,35.412
17.0,34.961
14.0,36.599
963.0,41.265
1002.0,47.873
1020.0,50.366
1032.0,49.06
1018.0,48.191
1027.0,48.419
1042.0,49.373
1011.0,51.167
939.0,51.165
466.0,50.36
73.0,51.093
34.0,53.691
14.0,52.252
12.0,5.125
15.0,8.036
10.0,11.671
984.0,15.444
859.0,17.696
886.0,18.603
1033.0,18.925
998.0,18.869
810.0,18.681
692.0,18.483
842.0,18.032
1007.0,17.744
982.0,17.536
550.0,16.293
62.0,14.847
20.0,14.841
352.0,16.963
989.0,19.238
914.0,20.651
1011.0,21.752
1051.0,22.746
1026.0,23.957
760.0,25.829
668.0,29.552
473.0,35.229
147.0,43.175
1.0,49.021
15.0,52.361
39.0,54.06
35.0,53.913
8.0,50.294
3.0,44.356
8.0,41.782
1012.0,41.856
1040.0,42.084
1036.0,42.343
1033.0,43.293
1003.0,43.696
973.0,41.875
987.0,39.421
1023.0,38.617
974.0,40.147
649.0,41.513
193.0,41.924
2488.0,42.363
2462.0,42.887
2138.0,44.663
1863.0,49.167
2083.0,54.844
1882.0,56.194
1244.0,54.324
1044.0,53.218
1050.0,53.568
1041.0,55.018
1043.0,56.652
1055.0,57.031
871.0,56.811
239.0,57.881
2072.0,59.52
1177.0,55.581
799.0,6.672
743.0,10.899
265.0,14.614
338.0,17.441
654.0,18.97
1410.0,19.955
1924.0,20.495
1585.0,20.6
1119.0,19.938
1068.0,18.9
1049.0,17.982
1035.0,17.41
980.0,17.596
441.0,17.111
38.0,15.775
17.0,16.127
2.0,18.532
20.0,21.397
1.0,23.639
1540.0,25.342
1835.0,26.679
1361.0,28.235
838.0,30.406
616.0,34.408
828.0,39.936
890.0,46.886
760.0,52.22
301.0,55.66
500.0,57.931
1434.0,58.945
1152.0,56.232
1086.0,51.422
1061.0,48.957
1050.0,48.545
1031.0,48.381
1039.0,48.205
928.0,47.73
533.0,46.852
132.0,44.973
18.0,43.683
118.0,43.759
443.0,45.545
629.0,47.23
437.0,48.254
161.0,49.853
51.0,51.343
66.0,53.406
59.0,56.392
78.0,60.024
125.0,60.086
272.0,57.891
298.0,57.13
423.0,57.852
389.0,59.115
513.0,60.517
668.0,60.522
774.0,60.559
775.0,61.791
393.0,62.326
613.0,56.397
168.0,7.151
55.0,11.826
77.0,15.755
9.0,18.2
4.0,19.656
1.0,20.441
1106.0,21.157
1355.0,21.53
1338.0,20.705
852.0,19.363
1374.0,18.181
901.0,17.63
239.0,18.339
123.0,18.442
330.0,17.856
900.0,18.126
341.0,20.25
1299.0,23.121
1055.0,25.791
1038.0,27.676
1056.0,29.707
1045.0,32.423
1045.0,35.641
1045.0,39.634
1056.0,44.532
1044.0,50.394
1034.0,54.996
1033.0,57.869
1020.0,60.614
1003.0,62.084
1025.0,60.748
1028.0,56.725
1024.0,54.526
983.0,54.428
985.0,54.137
1012.0,53.272
988.0,51.896
940.0,50.257
922.0,48.804
857.0,48.398
649.0,49.922
626.0,52.203
668.0,54.03
591.0,54.981
454.0,56.918
611.0,58.582
734.0,60.461
701.0,62.271
753.0,64.261
786.0,63.856
714.0,61.792
663.0,61.428
499.0,61.564
566.0,62.796
240.0,63.41
88.0,63.586
39.0,63.402
1.0,64.369
1.0,64.231
1.0,56.605
5.0,6.814
11.0,11.74
22.0,15.848
39.0,18.467
1078.0,19.943
1082.0,20.806
1081.0,21.735
1126.0,21.959
1181.0,21.193
1567.0,19.784
1738.0,18.552
602.0,18.043
373.0,18.768
1829.0,19.433
2387.0,19.38
1841.0,19.674
1095.0,21.496
1039.0,24.066
1038.0,26.935
1044.0,29.119
1059.0,31.375
1061.0,34.948
1064.0,38.964
1060.0,42.879
1061.0,47.096
1057.0,52.257
1060.0,56.346
1057.0,59.231
1054.0,61.673
1061.0,63.56
1073.0,63.175
1074.0,60.329
1074.0,59.378
1066.0,59.541
1069.0,59.144
1070.0,57.888
1064.0,55.794
1067.0,53.651
1060.0,52.817
1060.0,53.601
1057.0,56.639
1054.0,59.727
1054.0,61.603
1049.0,62.296
1052.0,63.649
1060.0,64.917
1047.0,66.246
1042.0,67.046
1036.0,67.441
1033.0,66.748
1048.0,65.026
1042.0,64.762
923.0,65.228
840.0,65.861
879.0,67.011
506.0,66.753
234.0,66.48
211.0,67.382
118.0,66.448
26.0,57.549
95.0,6.234
253.0,11.243
217.0,15.454
758.0,18.383
1009.0,20.01
1060.0,20.911
1057.0,21.763
1019.0,22.243
1025.0,21.566
1047.0,20.042
1044.0,18.577
1034.0,18.111
1049.0,19.212
1207.0,20.057
1919.0,20.005
2234.0,20.352
2051.0,21.9
1207.0,24.51
1057.0,27.104
1057.0,29.451
1044.0,31.751
1039.0,35.412
1040.0,39.193
1049.0,42.189
1058.0,45.602
1062.0,50.399
1062.0,54.696
1063.0,57.415
1061.0,59.824
1063.0,61.825
1070.0,62.382
1069.0,61.337
1067.0,60.964
1065.0,61.329
1064.0,60.974
1062.0,59.742
1062.0,57.629
1066.0,55.811
1055.0,56.016
1048.0,57.688
1024.0,61.49
1039.0,65.055
1061.0,66.851
1062.0,67.588
1058.0,68.541
1063.0,68.936
1070.0,69.989
1066.0,69.956
1058.0,69.643
1035.0,68.575
1001.0,67.511
980.0,67.778
1013.0,68.427
1041.0,68.996
1045.0,69.597
1018.0,69.51
1025.0,69.146
1050.0,69.35
1046.0,67.958
1011.0,57.352
1002.0,5.685
1019.0,10.215
1027.0,14.434
1015.0,17.369
1022.0,19.326
1036.0,20.646
1073.0,21.66
1050.0,22.229
1042.0,21.707
1044.0,20.284
1049.0,18.929
1050.0,18.482
1050.0,19.712
1054.0,20.698
1052.0,20.614
1084.0,20.536
1226.0,21.501
2056.0,23.549
2066.0,25.832
1254.0,28.064
1065.0,30.693
1041.0,34.353
1031.0,38.012
1018.0,39.388
1032.0,41.342
1038.0,45.418
1047.0,53.479
1051.0,55.516
1061.0,56.688
1061.0,57.104
1062.0,56.999
1064.0,61.64
1066.0,64.808
1063.0,67.073
1065.0,68.13
1060.0,68.648
1066.0,69.23
1071.0,70.278
1067.0,70.004
1054.0,69.735
1058.0,68.73
1064.0,68.273
1072.0,68.556
1066.0,68.649
1055.0,68.951
1057.0,68.649
1075.0,68.811
1073.0,68.649
1068.0,68.807
1062.0,66.054
1070.0,54.293
1073.0,5.534
1069.0,9.544
1065.0,13.597
1067.0,16.513
1070.0,18.401
1061.0,20.0
1045.0,21.408
1043.0,22.554
1060.0,22.155
1069.0,20.684
1068.0,19.228
1067.0,19.08
1063.0,20.106
1066.0,21.437
1062.0,21.304
1063.0,21.119
1049.0,21.427
1027.0,22.653
1038.0,24.603
1053.0,26.457
1050.0,28.921
1036.0,32.735
1050.0,62.87
1059.0,63.739
1052.0,64.309
1058.0,64.575
1071.0,64.372
1109.0,63.579
1766.0,62.908
1692.0,62.594
1073.0,62.54
1041.0,62.662
1050.0,62.999
1031.0,62.61
1031.0,62.664
1028.0,63.435
1053.0,60.636
1037.0,48.779
1039.0,5.027
1042.0,8.706
1047.0,12.302
1062.0,15.228
1064.0,17.341
1056.0,18.996
1059.0,20.616
1067.0,21.832
1071.0,21.676
1066.0,20.382
1062.0,19.134
1063.0,18.934
1070.0,20.379
1065.0,21.679
1064.0,22.11
1062.0,21.79
1053.0,21.721
1053.0,22.654
1067.0,3.782
1075.0,5.985
1069.0,9.214
1061.0,13.502
1065.0,16.528
1074.0,18.383
1072.0,19.839
1064.0,21.048
1063.0,20.949
1065.0,19.62
1064.0,18.497
1068.0,18.496
1060.0,20.009
1068.0,21.691
1066.0,22.516
1059.0,22.145
1055.0,2.52
1064.0,3.662
1065.0,6.764
1066.0,11.901
1076.0,15.752
1034.0,17.761
1019.0,18.756
1021.0,19.692
1044.0,20.082
1045.0,19.623
1038.0,18.78
1034.0,18.494
1052.0,2.126
1046.0,2.564
1056.0,4.943
1067.0,9.041
1069.0,12.097
1097.0,13.654
1461.0,14.524
1210.0,15.613
1062.0,1.899
1024.0,2.001
997.0,2.96
1000.0,4.617
951.0,6.06
1000.0,7.06
1035.0,8.373
1021.0,1.99
1039.0,3.49
1054.0,6.479
1064.0,10.758
1067.0,14.18
1056.0,15.024
1062.0,13.721
1064.0,30.884
1066.0,21.865
1062.0,2.217
1063.0,3.846
1057.0,6.734
1067.0,10.987
1073.0,14.22
1069.0,15.48
1061.0,15.229
1053.0,14.625
1064.0,14.711
1080.0,15.805
1071.0,17.702
1062.0,19.615
1058.0,20.483
1071.0,40.603
1074.0,43.996
1069.0,45.254
1063.0,40.156
1066.0,29.952
1073.0,3.221
1072.0,5.233
1071.0,8.412
1059.0,11.96
1064.0,14.48
1063.0,15.483
1049.0,15.807
1048.0,16.016
1060.0,15.979
1058.0,16.917
1065.0,18.689
1065.0,20.413
1040.0,20.802
1046.0,20.426
1039.0,45.324
1036.0,47.113
1024.0,47.453
1034.0,47.236
1035.0,46.714
1030.0,47.266
1036.0,48.125
1047.0,50.439
1052.0,53.648
1056.0,54.919
1061.0,49.781
1253.0,38.321
1319.0,5.191
1050.0,7.776
1044.0,10.74
1022.0,13.207
1038.0,14.866
1036.0,15.415
1006.0,15.757
999.0,16.008
1013.0,16.424
1044.0,17.313
1050.0,19.082
1051.0,20.942
1058.0,21.419
1064.0,20.904
1066.0,19.954
1062.0,48.582
1060.0,51.693
1061.0,53.861
1056.0,54.376
1047.0,55.065
1042.0,56.215
1048.0,57.657
1065.0,58.468
1070.0,59.745
1064.0,60.188
1060.0,55.535
1071.0,43.918
1071.0,6.853
1059.0,10.208
1058.0,13.165
1076.0,14.914
1077.0,15.747
1068.0,16.217
1062.0,16.482
1064.0,16.558
1064.0,17.133
1064.0,18.373
1079.0,20.673
1060.0,22.615
1064.0,23.163
1074.0,22.464
1212.0,20.845
1194.0,18.986
1085.0,16.96
1061.0,44.736
1050.0,47.227
1047.0,50.854
1049.0,53.812
1050.0,55.819
1036.0,56.659
1042.0,57.69
1032.0,59.483
1022.0,60.099
1021.0,60.614
1039.0,61.412
1045.0,57.62
1059.0,46.585
1057.0,7.821
1046.0,11.472
1055.0,14.534
1320.0,16.093
1636.0,16.833
1052.0,17.054
1057.0,17.259
1060.0,17.575
1071.0,18.219
1055.0,20.036
1041.0,22.851
1044.0,25.115
1056.0,25.318
1057.0,24.058
1062.0,22.287
1067.0,19.831
1056.0,17.178
1059.0,16.334
1057.0,17.898
1051.0,20.254
1050.0,31.303
1055.0,33.153
1056.0,36.543
1071.0,40.64
1067.0,42.341
1050.0,44.087
1040.0,47.531
1044.0,51.108
1063.0,53.798
1050.0,54.919
1037.0,56.103
1120.0,58.062
1318.0,58.776
1363.0,59.467
1245.0,60.055
1075.0,57.123
1092.0,47.569
1209.0,7.841
1294.0,11.839
1323.0,15.014
1177.0,16.521
1118.0,17.141
1067.0,17.481
1110.0,17.697
1241.0,17.976
1195.0,18.835
1177.0,20.778
1221.0,24.229
1137.0,26.525
1057.0,26.299
1037.0,24.502
1052.0,22.226
1042.0,19.504
1034.0,16.843
1031.0,16.259
1033.0,17.73
1031.0,20.193
1027.0,21.519
1035.0,20.724
1041.0,18.907
1047.0,17.962
1050.0,18.286
1046.0,18.75
1074.0,18.534
1153.0,17.829
1683.0,20.119
1189.0,21.208
987.0,22.766
1045.0,23.117
1059.0,23.298
1013.0,24.698
1042.0,25.397
1054.0,25.163
1061.0,25.428
1063.0,27.565
1062.0,29.584
1051.0,31.203
1016.0,33.91
1016.0,37.34
1015.0,38.774
1012.0,39.966
1029.0,43.345
1040.0,47.449
1066.0,50.749
1055.0,52.173
1039.0,52.791
1011.0,54.919
975.0,56.304
986.0,57.044
1006.0,57.601
1042.0,54.919
1316.0,46.184
1884.0,7.864
1788.0,11.731
1694.0,14.633
1378.0,16.223
1651.0,16.861
1355.0,17.155
1350.0,17.529
1921.0,17.777
1879.0,18.764
1824.0,21.042
1536.0,24.448
1445.0,26.511
1361.0,25.814
1166.0,23.571
1162.0,20.96
1192.0,18.268
1203.0,15.621
1208.0,15.251
1078.0,16.933
1052.0,19.435
1048.0,21.236
1039.0,20.478
1032.0,18.86
1040.0,18.14
1039.0,18.65
1033.0,19.32
1027.0,19.322
1031.0,18.54
1039.0,17.286
1043.0,16.085
1055.0,16.438
1069.0,17.742
1056.0,19.06
1110.0,19.889
1719.0,20.852
1923.0,21.585
1141.0,21.591
972.0,21.099
1021.0,21.622
1026.0,22.035
1015.0,22.226
1049.0,22.949
1063.0,24.685
1066.0,26.436
1067.0,27.792
1055.0,29.886
1043.0,32.802
1027.0,34.227
1017.0,35.969
984.0,39.462
1009.0,43.54
1028.0,46.733
985.0,48.276
984.0,48.087
1014.0,49.435
1019.0,51.104
1018.0,52.557
1060.0,53.751
1052.0,51.694
1157.0,43.664
1733.0,8.127
1625.0,11.548
1620.0,14.218
1439.0,15.575
1582.0,16.144
1704.0,16.582
1331.0,16.808
1671.0,17.395
2152.0,18.415
1647.0,20.805
1586.0,24.053
1466.0,25.284
1182.0,24.033
1073.0,21.21
1056.0,18.177
1076.0,15.732
1096.0,13.788
1056.0,13.817
1055.0,15.812
1059.0,18.687
1057.0,20.677
1049.0,20.313
1041.0,18.648
1026.0,17.952
1033.0,18.617
1038.0,19.432
1027.0,19.484
1028.0,18.584
1018.0,17.269
1026.0,16.146
1041.0,16.284
1042.0,17.591
1043.0,18.817
1049.0,19.647
1438.0,20.286
2200.0,20.62
2040.0,20.155
1199.0,18.744
1008.0,18.255
976.0,18.505
1011.0,19.559
1016.0,20.5
1051.0,21.785
1069.0,23.271
1063.0,24.628
1063.0,26.016
1074.0,28.039
1040.0,29.621
969.0,32.189
942.0,35.71
943.0,39.379
985.0,42.612
960.0,43.527
942.0,42.806
962.0,43.164
972.0,45.114
994.0,46.861
1062.0,48.039
1056.0,46.427
1137.0,40.706
1694.0,8.204
1383.0,10.915
1485.0,12.703
1815.0,13.65
1594.0,14.057
2147.0,14.323
1897.0,14.89
1736.0,15.889
2081.0,17.358
2174.0,20.103
1268.0,22.938
1128.0,23.436
1097.0,21.122
1065.0,17.793
1069.0,14.758
1082.0,12.894
1085.0,11.978
1073.0,12.72
1064.0,14.864
1052.0,17.887
1041.0,20.285
1059.0,19.657
1039.0,17.94
1034.0,17.349
1044.0,17.959
1036.0,19.016
1035.0,18.789
1033.0,18.082
1034.0,17.005
1040.0,16.038
1050.0,16.316
1036.0,17.304
1038.0,17.902
1040.0,18.312
1038.0,18.764
1073.0,19.076
1204.0,18.099
1073.0,16.396
1445.0,15.565
2054.0,16.024
1915.0,17.23
1617.0,18.064
1072.0,18.987
1025.0,20.252
1075.0,21.824
1073.0,22.842
1377.0,24.091
1735.0,25.691
1522.0,28.251
1567.0,31.607
998.0,36.05
961.0,38.927
971.0,39.355
1163.0,36.894
1598.0,36.643
1739.0,38.594
1606.0,40.8
1166.0,41.179
1921.0,39.901
2049.0,36.043
1716.0,8.538
1778.0,9.667
1558.0,10.304
1126.0,10.469
1073.0,10.501
1064.0,10.776
1122.0,11.796
1143.0,13.144
1351.0,15.31
1710.0,18.359
1585.0,21.013
1176.0,20.818
1078.0,17.616
1370.0,14.336
1789.0,12.053
1974.0,11.036
1484.0,10.825
1402.0,11.792
1598.0,13.606
1513.0,16.59
1399.0,18.887
1176.0,18.641
1093.0,16.837
1031.0,16.163
1039.0,16.722
1035.0,17.742
1044.0,17.875
1049.0,17.255
1038.0,16.297
1038.0,15.806
1039.0,15.931
1039.0,16.618
1038.0,16.403
1042.0,15.743
1041.0,16.045
1038.0,16.733
1037.0,16.0
1101.0,14.484
1267.0,14.136
1693.0,14.649
1287.0,15.58
1302.0,15.742
1404.0,15.692
1821.0,17.106
1208.0,19.361
1070.0,20.406
1230.0,21.036
1551.0,21.664
1226.0,23.982
1331.0,27.767
1523.0,32.382
1031.0,35.286
1201.0,35.078
1633.0,31.3
1308.0,29.805
1228.0,32.27
1440.0,34.88
1175.0,35.079
1075.0,33.812
1064.0,30.84
1044.0,9.155
1037.0,9.773
1052.0,9.68
1044.0,9.346
1033.0,9.238
1019.0,9.579
1020.0,10.475
1044.0,11.452
1052.0,12.886
1090.0,15.202
1155.0,17.633
1393.0,17.369
1672.0,14.305
1760.0,11.555
1580.0,10.513
1685.0,10.615
1577.0,10.909
1588.0,11.671
1469.0,12.803
1365.0,14.835
1424.0,16.455
1392.0,16.361
1416.0,15.469
1399.0,14.975
1037.0,15.668
1046.0,16.902
1031.0,17.245
1030.0,16.826
1046.0,15.905
1042.0,14.955
1037.0,15.009
1034.0,15.522
1035.0,15.021
1038.0,14.1
1043.0,13.862
1044.0,14.263
1048.0,14.217
1047.0,13.473
1071.0,13.24
1195.0,13.977
1923.0,14.924
1544.0,14.867
1328.0,14.712
1401.0,15.785
1804.0,17.818
1578.0,18.462
1856.0,18.306
1599.0,18.753
1406.0,20.786
1315.0,24.456
1509.0,28.536
1181.0,31.708
1026.0,31.644
1351.0,27.714
1841.0,25.593
1624.0,27.694
1345.0,30.017
1069.0,29.747
1029.0,28.549
1036.0,26.373
1053.0,9.906
1042.0,10.389
1043.0,10.132
1047.0,9.592
1050.0,9.357
1045.0,9.568
1028.0,10.366
1032.0,11.222
1033.0,12.007
1049.0,13.685
1084.0,15.663
1192.0,15.442
1465.0,12.681
1561.0,10.599
1421.0,10.6
1449.0,11.36
1186.0,12.113
1442.0,12.462
1374.0,12.781
1252.0,13.976
1289.0,15.185
1343.0,15.267
1326.0,14.865
1412.0,14.49
1273.0,15.199
1024.0,16.67
1022.0,17.538
1016.0,17.736
1031.0,16.751
1044.0,15.69
1042.0,15.034
1035.0,14.703
1041.0,14.042
1043.0,13.313
1035.0,12.875
1038.0,13.024
1041.0,13.239
1054.0,12.929
1056.0,13.072
1055.0,13.998
1119.0,15.245
1717.0,15.045
1782.0,14.573
1332.0,15.353
1376.0,16.699
1766.0,17.002
1519.0,16.904
1657.0,17.307
1109.0,18.63
1025.0,21.16
1107.0,24.534
1453.0,27.723
1088.0,28.514
1082.0,25.333
1524.0,22.647
1837.0,24.059
1507.0,25.487
1184.0,25.17
1046.0,24.264
1027.0,23.337
1038.0,10.028
1048.0,10.784
1044.0,10.584
1047.0,9.965
1048.0,9.781
1049.0,10.023
1040.0,10.963
1031.0,11.771
1030.0,12.394
1036.0,13.739
1056.0,15.449
1124.0,14.981
1400.0,12.331
1607.0,10.636
1466.0,10.956
1388.0,12.252
1392.0,13.241
1154.0,13.161
1245.0,13.07
1333.0,13.896
1210.0,14.972
1295.0,15.265
1249.0,14.851
1193.0,14.692
1352.0,15.557
1225.0,17.354
1041.0,18.556
1039.0,19.279
1017.0,18.845
1019.0,17.719
1018.0,16.271
1029.0,14.867
1041.0,13.881
1041.0,13.226
1039.0,12.938
1037.0,12.96
1039.0,13.057
1056.0,13.005
1041.0,13.282
1042.0,14.322
1039.0,15.278
1053.0,15.277
1063.0,14.648
1090.0,14.893
1601.0,15.934
1750.0,16.436
1393.0,16.473
1355.0,16.77
1744.0,17.287
1794.0,18.405
1722.0,20.428
1134.0,23.268
1004.0,24.814
1019.0,22.598
1173.0,20.366
1503.0,20.886
1070.0,21.611
1509.0,20.964
1763.0,20.663
1451.0,21.0
1435.0,9.332
1328.0,10.444
1089.0,10.707
1046.0,10.464
1048.0,10.345
1064.0,10.774
1058.0,11.899
1049.0,12.741
1055.0,13.347
1050.0,14.4
1036.0,15.627
1033.0,14.804
1038.0,12.217
1052.0,10.582
1085.0,11.169
1251.0,12.438
1494.0,13.43
1531.0,13.415
1474.0,13.063
1358.0,13.863
1125.0,15.144
1296.0,15.491
1322.0,15.228
1233.0,15.165
1328.0,16.253
1288.0,18.251
1200.0,19.928
1346.0,20.869
1186.0,20.805
1152.0,19.712
1079.0,17.961
1050.0,15.847
1025.0,14.529
1027.0,13.794
1027.0,13.572
1025.0,13.669
911.0,13.71
1043.0,13.693
1026.0,13.922
1020.0,14.644
1023.0,15.278
1033.0,14.963
1041.0,14.536
1042.0,14.755
1046.0,15.579
1048.0,16.094
1046.0,16.495
1041.0,16.864
1038.0,16.704
1053.0,16.911
1051.0,17.716
1076.0,19.951
1089.0,21.474
1166.0,20.172
1881.0,18.805
1654.0,19.044
1464.0,18.746
1788.0,17.964
1272.0,18.395
1073.0,20.126
1093.0,9.077
1298.0,10.486
1246.0,11.369
1309.0,11.483
1390.0,11.677
1264.0,12.017
965.0,12.924
1283.0,13.681
1668.0,14.081
1325.0,14.952
1299.0,15.857
1664.0,14.876
1265.0,12.256
1131.0,10.785
1162.0,11.366
1070.0,12.727
1053.0,13.897
1049.0,13.728
1049.0,13.359
1030.0,14.107
1031.0,15.329
1024.0,15.76
1057.0,15.648
1099.0,15.712
1285.0,16.976
1519.0,19.361
1592.0,21.403
1598.0,22.772
1333.0,22.888
1181.0,21.816
1444.0,19.714
1308.0,17.225
1229.0,15.594
1282.0,14.83
1234.0,14.674
1189.0,15.107
1331.0,15.25
1192.0,14.897
1114.0,14.739
1059.0,15.368
1049.0,15.742
1031.0,15.238
1017.0,14.799
1033.0,14.9
1023.0,15.665
970.0,16.299
1031.0,16.79
1034.0,16.923
1027.0,16.667
1031.0,16.359
1036.0,16.696
1035.0,18.48
1026.0,19.696
1030.0,18.868
1030.0,17.543
1033.0,17.679
1043.0,17.251
1046.0,16.268
1049.0,17.407
1051.0,19.643
1074.0,9.248
1472.0,11.122
1785.0,12.352
1201.0,12.77
1387.0,12.921
1267.0,13.127
1043.0,13.804
1017.0,14.125
1071.0,14.391
1076.0,15.024
1211.0,15.832
1691.0,15.047
1563.0,12.733
1591.0,11.448
1077.0,12.025
932.0,13.354
952.0,14.3
954.0,14.04
1056.0,13.323
1506.0,14.298
1728.0,15.404
1323.0,16.012
1225.0,15.99
1950.0,16.312
1885.0,17.844
1683.0,20.396
1362.0,22.789
1081.0,24.211
1030.0,24.495
1045.0,23.447
1082.0,21.198
1099.0,18.5
1204.0,16.703
1429.0,15.828
1481.0,15.911
1291.0,16.486
1321.0,16.875
1534.0,16.22
1585.0,15.722
1514.0,15.945
1324.0,16.204
1288.0,15.845
1298.0,15.305
1343.0,15.425
1291.0,16.213
1382.0,16.721
1180.0,17.12
1064.0,17.175
1055.0,16.635
1031.0,16.037
1030.0,16.281
893.0,17.737
731.0,18.889
791.0,17.993
978.0,16.954
1049.0,17.138
1033.0,16.509
1040.0,15.914
1025.0,17.498
1036.0,20.209
1039.0,9.312
1044.0,11.269
1043.0,12.68
1043.0,13.029
1043.0,13.174
1039.0,13.336
1036.0,13.848
1036.0,14.292
1054.0,14.342
1279.0,14.764
1690.0,15.512
1624.0,15.068
1605.0,13.454
1011.0,12.46
976.0,12.831
1013.0,13.573
1028.0,13.988
1067.0,13.676
1068.0,13.444
1073.0,14.3
1081.0,15.551
1034.0,16.051
981.0,16.164
934.0,16.738
913.0,18.456
955.0,21.372
977.0,23.82
943.0,25.4
960.0,25.536
996.0,24.471
1178.0,22.437
1269.0,19.861
1152.0,18.101
1764.0,16.966
1429.0,17.01
1493.0,17.89
1869.0,18.132
1697.0,17.419
2255.0,16.71
2339.0,16.704
2147.0,16.715
2168.0,16.308
2190.0,15.85
1374.0,15.868
1068.0,16.432
1101.0,17.045
1572.0,17.386
1669.0,17.288
1389.0,16.625
1310.0,15.936
1312.0,15.958
1300.0,17.471
1381.0,18.584
1302.0,17.798
1409.0,16.832
1296.0,17.113
1024.0,16.632
1011.0,16.032
1045.0,17.918
1033.0,20.791
1036.0,8.755
1039.0,10.734
1031.0,11.785
1030.0,11.861
1033.0,12.121
1040.0,12.408
1026.0,13.411
1026.0,14.076
1036.0,14.405
1041.0,14.62
1057.0,15.345
1057.0,15.079
1580.0,13.956
1628.0,13.18
1544.0,13.302
1136.0,13.664
998.0,13.652
1055.0,13.373
1059.0,13.104
1015.0,14.068
1046.0,15.27
1067.0,16.328
1061.0,16.762
1063.0,17.363
1066.0,19.227
1005.0,22.433
962.0,25.318
972.0,26.857
1035.0,27.014
1022.0,26.065
962.0,24.071
952.0,21.47
960.0,19.609
1024.0,18.319
1419.0,18.304
1462.0,19.165
1325.0,19.573
1548.0,19.078
1421.0,18.29
1572.0,17.946
1313.0,17.432
1642.0,16.839
1964.0,16.193
1622.0,16.384
1976.0,16.879
2054.0,17.355
1231.0,17.632
1090.0,17.577
1039.0,16.83
1034.0,16.024
1065.0,16.157
1081.0,17.607
1088.0,18.64
1123.0,18.02
1218.0,17.334
1247.0,17.757
1197.0,17.279
1090.0,16.942
1077.0,19.128
1045.0,22.203
1039.0,7.908
1031.0,9.307
1018.0,9.83
1028.0,9.711
1037.0,9.89
1041.0,10.744
1027.0,12.441
1027.0,13.731
1032.0,14.324
1034.0,14.763
1052.0,15.167
1052.0,14.862
1187.0,13.82
1949.0,13.2
1858.0,13.295
1293.0,13.529
1023.0,13.463
1042.0,12.955
1063.0,12.528
1061.0,13.468
1033.0,15.013
1015.0,16.671
1020.0,17.78
1053.0,18.451
1054.0,20.6
1054.0,24.273
1036.0,27.326
1002.0,29.101
991.0,29.063
987.0,27.73
1007.0,25.532
1010.0,23.147
1033.0,21.247
1041.0,20.179
1001.0,19.996
1174.0,21.045
1330.0,21.546
1245.0,21.444
1747.0,21.002
1719.0,20.023
1712.0,18.963
1380.0,17.86
1460.0,17.096
1549.0,17.114
1358.0,17.572
1638.0,18.012
2057.0,18.482
1338.0,18.431
1448.0,17.316
1237.0,16.403
1073.0,16.585
1059.0,18.177
1057.0,19.541
1062.0,19.305
1076.0,19.012
1061.0,19.709
1056.0,19.441
1052.0,19.304
1054.0,22.038
1059.0,24.953
1036.0,6.521
1039.0,7.832
1034.0,8.424
1023.0,8.515
1033.0,8.75
1030.0,9.436
1017.0,11.074
1006.0,12.631
1019.0,13.74
1035.0,14.196
1041.0,14.413
1036.0,13.715
1056.0,12.695
1079.0,12.107
1231.0,12.355
1785.0,13.147
1403.0,13.318
1044.0,12.824
1057.0,12.367
1058.0,13.08
1050.0,14.655
1037.0,16.724
1010.0,18.403
1002.0,19.966
1033.0,22.8
1048.0,26.671
1050.0,29.521
1059.0,31.161
1051.0,30.702
1049.0,29.158
1054.0,27.132
1056.0,24.937
1065.0,23.451
1046.0,22.383
1044.0,22.307
1041.0,22.972
1035.0,23.569
1072.0,23.905
1160.0,24.23
1197.0,23.186
1506.0,21.449
1553.0,19.669
1320.0,18.844
1642.0,18.546
1465.0,18.711
1306.0,19.414
1442.0,20.341
1756.0,20.135
1409.0,18.879
1652.0,17.75
1419.0,18.222
1066.0,20.237
1043.0,21.887
1059.0,21.885
1072.0,22.034
1153.0,23.34
1165.0,24.149
1183.0,24.962
1036.0,27.758
1051.0,30.244
1061.0,5.134
1036.0,6.597
1034.0,7.679
1035.0,8.247
1044.0,8.422
1039.0,8.995
1036.0,9.877
1027.0,11.092
1021.0,12.324
1033.0,13.034
1053.0,13.23
1047.0,12.73
1041.0,11.359
1040.0,10.768
1041.0,11.36
1072.0,12.359
1436.0,13.103
1612.0,13.043
1059.0,12.823
1057.0,13.328
1056.0,14.697
1024.0,16.893
989.0,18.864
979.0,21.168
968.0,24.872
1017.0,29.368
1050.0,32.478
1058.0,33.908
1066.0,33.557
1059.0,31.824
1059.0,29.693
1055.0,27.507
1063.0,26.21
1069.0,25.756
1064.0,25.438
1055.0,25.64
1059.0,26.134
1067.0,26.818
1077.0,27.126
1072.0,26.271
1074.0,24.447
1074.0,22.878
1067.0,22.177
1064.0,21.635
1055.0,21.238
1053.0,21.455
1037.0,22.767
1040.0,23.289
1040.0,22.803
1071.0,22.524
1069.0,23.128
1063.0,24.987
1054.0,26.491
1055.0,26.519
1051.0,27.252
1052.0,29.232
1051.0,31.077
1043.0,32.791
1061.0,35.973
1055.0,38.253
1022.0,4.293
1026.0,5.869
1048.0,7.437
1044.0,8.538
1041.0,9.035
1038.0,9.323
1032.0,9.791
1029.0,10.424
1032.0,11.466
1039.0,12.615
1040.0,13.474
1046.0,13.191
1041.0,12.035
1033.0,11.162
1044.0,11.231
1056.0,11.965
1058.0,13.031
1316.0,13.96
1657.0,14.003
1082.0,14.368
1055.0,15.334
1047.0,17.108
1028.0,19.224
1027.0,22.284
1012.0,27.046
1028.0,33.365
1043.0,37.971
1053.0,40.01
1057.0,39.648
1063.0,37.515
1056.0,34.272
1059.0,30.946
1055.0,29.639
1062.0,29.817
1069.0,29.747
1070.0,30.161
1062.0,31.119
1057.0,32.15
1066.0,32.041
1076.0,30.359
1063.0,28.757
1070.0,28.102
1077.0,27.998
1068.0,27.159
1066.0,25.921
1073.0,25.723
1074.0,26.891
1070.0,29.035
1077.0,31.115
1067.0,31.943
1066.0,32.358
1074.0,32.774
1082.0,33.464
1075.0,33.721
1064.0,34.616
1067.0,36.525
1069.0,38.208
1069.0,39.834
1061.0,43.608
1053.0,45.044
1056.0,4.055
1051.0,5.793
1053.0,8.122
1039.0,10.346
1043.0,11.554
1057.0,12.016
1040.0,12.087
1041.0,12.4
1044.0,13.112
1032.0,14.24
1038.0,15.26
1048.0,15.437
1044.0,14.625
1045.0,13.39
1042.0,12.476
1053.0,12.645
1074.0,14.082
1087.0,15.49
1593.0,16.43
1843.0,16.735
1111.0,17.074
1044.0,18.205
1051.0,20.196
1047.0,23.662
1040.0,29.634
1019.0,37.942
1014.0,44.122
1012.0,46.851
1050.0,46.86
1068.0,44.386
1064.0,40.085
1062.0,35.248
1065.0,33.549
1059.0,34.349
1065.0,34.652
1069.0,35.077
1072.0,36.794
1058.0,38.229
1061.0,36.981
1070.0,34.467
1068.0,33.473
1066.0,34.061
1071.0,34.96
1081.0,33.988
1067.0,32.168
1063.0,31.039
1066.0,32.403
1077.0,36.46
1073.0,41.841
1073.0,43.41
1060.0,42.313
1064.0,41.328
1068.0,41.363
1067.0,42.695
1060.0,44.336
1055.0,45.291
1070.0,46.014
1067.0,47.469
1067.0,50.37
1066.0,50.329
1060.0,4.58
1058.0,7.133
1054.0,10.592
1046.0,14.225
1051.0,16.173
1043.0,17.001
1020.0,16.816
1035.0,16.607
1037.0,16.812
1040.0,16.9
1036.0,16.901
1052.0,16.806
1058.0,16.753
1053.0,15.597
1045.0,13.933
1065.0,13.996
1077.0,15.932
1048.0,18.181
1352.0,19.427
2121.0,19.95
1662.0,20.077
1068.0,20.86
1052.0,22.466
1048.0,26.074
1031.0,32.188
992.0,41.04
1014.0,47.534
1043.0,50.749
1064.0,51.719
1060.0,50.715
1069.0,46.207
1075.0,40.255
1067.0,37.844
1064.0,38.254
1067.0,38.523
1054.0,39.16
1011.0,40.545
1040.0,41.427
1054.0,39.923
1068.0,37.463
1077.0,36.774
1074.0,37.951
1067.0,39.037
1066.0,38.452
1078.0,37.067
1065.0,36.362
1055.0,38.225
1063.0,43.177
1054.0,49.372
1030.0,51.123
982.0,49.559
992.0,48.402
1035.0,48.943
1061.0,50.522
1067.0,52.573
1066.0,53.801
1053.0,54.516
1061.0,55.577
1063.0,57.323
1063.0,54.246
1065.0,5.941
1055.0,9.855
1058.0,13.743
1067.0,17.033
1058.0,18.768
1060.0,19.473
1042.0,19.592
1041.0,19.332
1028.0,19.102
1034.0,18.473
1029.0,17.788
1045.0,17.372
1037.0,17.454
1052.0,16.732
1058.0,15.191
1032.0,15.425
1033.0,17.604
1029.0,20.737
1170.0,22.512
1806.0,23.572
1915.0,24.025
2005.0,24.303
1215.0,26.019
1052.0,30.049
1054.0,36.073
1045.0,43.872
1023.0,49.987
1032.0,53.195
1050.0,55.096
1059.0,55.144
1061.0,51.664
1061.0,46.464
1069.0,43.599
1073.0,43.293
1071.0,43.026
1064.0,43.275
1065.0,43.636
1074.0,43.881
1070.0,42.916
1075.0,40.98
1059.0,40.593
1068.0,41.236
1070.0,42.553
1065.0,42.802
1064.0,42.703
1058.0,43.639
1062.0,46.074
1071.0,50.251
1071.0,55.717
1058.0,56.912
1050.0,55.087
1056.0,54.44
1034.0,55.264
1019.0,56.918
1034.0,58.402
1028.0,59.028
1000.0,59.13
1018.0,60.231
1029.0,61.124
1056.0,56.133
1068.0,6.676
1063.0,11.377
1064.0,15.429
1061.0,18.127
1062.0,19.472
1065.0,20.22
1056.0,20.673
1047.0,20.776
1054.0,20.32
1059.0,19.147
1045.0,17.964
1048.0,17.633
1024.0,17.86
1016.0,17.955
1036.0,17.113
1070.0,17.387
1090.0,19.584
1243.0,22.372
1530.0,24.689
1745.0,26.069
1937.0,27.139
2169.0,28.534
1739.0,31.163
1122.0,35.026
1053.0,40.229
1042.0,46.443
1049.0,51.344
1057.0,54.642
1058.0,56.801
1066.0,58.17
1061.0,55.458
1060.0,50.695
1060.0,47.733
1072.0,47.035
1069.0,46.748
1066.0,46.047
1068.0,45.788
1066.0,45.588
1076.0,45.108
1070.0,44.323
1057.0,44.159
1052.0,45.09
1057.0,46.323
1050.0,47.517
1051.0,49.002
1039.0,50.605
1038.0,52.974
1027.0,56.813
1044.0,61.061
1047.0,61.559
1050.0,60.101
1040.0,59.545
1032.0,60.649
1033.0,62.034
1031.0,62.613
1037.0,62.766
1043.0,62.401
1033.0,63.555
1039.0,63.693
1046.0,57.066
1050.0,6.482
1005.0,11.475
1000.0,15.772
1018.0,18.528
1051.0,19.88
1065.0,20.562
1061.0,21.331
1052.0,21.656
1062.0,21.058
1071.0,19.624
1113.0,18.327
1123.0,17.891
1043.0,18.516
1054.0,19.15
1053.0,18.868
1087.0,19.158
1146.0,20.818
1660.0,23.257
919.0,25.669
967.0,27.396
1091.0,28.749
527.0,31.064
128.0,34.16
726.0,37.764
1217.0,41.825
1040.0,46.402
1061.0,50.404
1063.0,53.727
1056.0,56.567
1060.0,57.946
1064.0,55.983
1053.0,51.957
1061.0,49.477
1052.0,49.314
1047.0,48.772
1052.0,47.525
1035.0,46.617
1023.0,46.047
1028.0,45.928
1017.0,46.369
967.0,47.751
955.0,49.495
792.0,51.398
741.0,52.903
434.0,55.207
204.0,56.869
69.0,58.951
37.0,62.118
45.0,65.568
11.0,65.683
12.0,64.245
16.0,63.929
20.0,65.03
12.0,65.646
14.0,66.575
68.0,66.255
186.0,66.444
264.0,67.232
164.0,66.779
153.0,58.884
147.0,5.888
278.0,11.055
527.0,15.543
853.0,18.632
1035.0,19.9
1046.0,20.741
1036.0,21.806
1008.0,22.239
1003.0,21.542
1048.0,20.043
1082.0,18.689
1396.0,18.151
1173.0,19.185
1080.0,19.917
1091.0,19.825
1262.0,19.795
1047.0,20.919
834.0,22.977
1331.0,24.951
556.0,26.741
701.0,28.425
1333.0,30.856
800.0,33.643
1129.0,35.744
1779.0,38.164
1308.0,41.638
1064.0,45.074
1067.0,48.408
1054.0,51.673
1030.0,53.457
1030.0,52.456
1071.0,49.542
1009.0,48.432
873.0,48.887
680.0,48.147
121.0,46.12
30.0,44.084
7.0,43.536
11.0,44.553
14.0,46.863
13.0,50.589
14.0,54.147
11.0,56.781
13.0,58.602
6.0,60.928
9.0,62.458
11.0,64.501
17.0,66.92
7.0,68.975
5.0,68.296
7.0,66.767
8.0,66.392
6.0,67.481
9.0,68.626
18.0,69.556
63.0,69.83
335.0,69.519
126.0,70.053
236.0,69.129
258.0,60.783
50.0,5.251
175.0,9.971
561.0,14.489
739.0,17.755
773.0,19.553
603.0,20.669
882.0,21.732
1062.0,22.432
1375.0,21.882
1980.0,20.358
1454.0,18.846
1253.0,18.492
1551.0,19.386
1206.0,20.329
780.0,20.066
690.0,19.855
834.0,20.029
829.0,21.393
998.0,23.315
789.0,25.069
1089.0,26.888
1871.0,29.461
1423.0,31.641
1119.0,32.476
1025.0,33.189
1044.0,58.615
973.0,60.827
448.0,63.349
51.0,65.073
15.0,67.043
13.0,68.823
18.0,70.098
18.0,69.148
16.0,67.384
20.0,67.357
9.0,68.249
4.0,69.175
10.0,69.708
13.0,69.774
17.0,69.334
7.0,70.058
2.0,68.694
1959.0,58.23
1886.0,4.884
1970.0,9.2
1349.0,13.571
1706.0,16.626
1832.0,18.685
1186.0,20.06
1127.0,21.483
774.0,22.406
641.0,22.204
1045.0,20.79
1721.0,19.256
1462.0,18.771
1066.0,19.699
1060.0,20.88
1025.0,20.742
884.0,20.245
229.0,20.328
1.0,21.263
2.0,23.06
9.0,24.749
12.0,63.285
1.0,64.825
5.0,65.896
10.0,64.7
2220.0,63.153
1892.0,63.362
1451.0,63.768
2105.0,65.168
2233.0,65.754
2295.0,65.164
2446.0,65.097
1762.0,65.292
1182.0,63.55
1033.0,52.478
1045.0,4.669
1064.0,8.719
1075.0,12.706
1041.0,15.671
884.0,17.669
252.0,19.286
14.0,20.769
14.0,22.212
6.0,22.037
1872.0,20.675
1891.0,19.2
1985.0,18.726
1585.0,19.784
1143.0,21.095
1056.0,21.22
1055.0,20.924
1045.0,20.874
1054.0,3.825
1046.0,6.568
1018.0,10.491
909.0,14.125
474.0,16.806
63.0,18.7
8.0,20.079
879.0,21.228
713.0,21.16
666.0,19.93
544.0,18.666
285.0,18.279
196.0,19.585
157.0,20.68
94.0,21.093
24.0,2.604
30.0,3.744
25.0,7.032
25.0,12.008
23.0,16.068
6.0,18.121
5.0,19.248
102.0,20.235
76.0,20.233
53.0,19.549
78.0,2.024
140.0,2.684
181.0,5.265
314.0,9.918
432.0,13.713
362.0,15.505
123.0,16.182
23.0,1.858
18.0,2.019
22.0,3.323
997.0,5.487
991.0,7.509
911.0,25.548
27.0,17.556
16.0,1.977
20.0,3.362
17.0,37.465
8.0,32.209
1004.0,22.501
1025.0,2.167
1039.0,3.814
1021.0,6.699
1019.0,10.757
992.0,14.196
970.0,15.506
812.0,15.617
392.0,19.335
58.0,38.1
2202.0,41.202
1467.0,45.491
1085.0,46.557
1032.0,40.859
1061.0,29.603
1099.0,3.321
1076.0,5.577
1079.0,8.876
1070.0,12.312
1038.0,14.499
1018.0,15.598
780.0,15.932
216.0,16.042
2271.0,16.187
2442.0,16.907
2274.0,18.499
1479.0,20.087
1193.0,20.816
1613.0,20.22
1848.0,43.955
1429.0,45.277
1104.0,46.904
1097.0,48.123
1083.0,49.201
1045.0,50.819
1036.0,54.318
1048.0,55.973
981.0,50.796
583.0,38.614
132.0,5.198
8.0,7.919
11.0,11.188
17.0,13.618
20.0,15.002
1.0,15.657
18.0,15.973
1943.0,16.05
1370.0,16.262
1032.0,17.383
1358.0,18.937
1336.0,20.764
837.0,21.286
169.0,20.55
1236.0,43.788
2234.0,47.018
1523.0,49.85
1101.0,51.747
1082.0,53.641
1081.0,54.919
1052.0,56.519
1030.0,58.926
1023.0,60.587
1034.0,56.244
1042.0,44.512
1035.0,6.811
923.0,10.045
664.0,13.229
360.0,15.095
122.0,15.96
1.0,16.343
65.0,16.576
230.0,16.864
192.0,17.45
46.0,18.51
59.0,20.513
23.0,22.435
19.0,22.928
31.0,22.165
105.0,20.595
73.0,37.79
215.0,41.739
302.0,45.339
428.0,49.168
350.0,51.594
244.0,53.181
389.0,55.266
423.0,57.122
528.0,59.27
552.0,60.641
765.0,57.185
467.0,46.473
122.0,7.528
2.0,11.22
2.0,14.516
1112.0,16.212
1498.0,16.82
2046.0,17.201
1782.0,17.522
1955.0,17.691
1539.0,18.212
929.0,19.577
247.0,22.176
1038.0,24.053
1003.0,24.449
1605.0,23.722
1151.0,21.874
1046.0,18.922
1050.0,15.725
1058.0,14.732
1047.0,33.93
1009.0,35.838
1013.0,38.979
1031.0,42.719
992.0,45.923
976.0,48.198
984.0,49.756
994.0,51.958
983.0,54.725
977.0,57.047
1011.0,58.181
1001.0,55.144
980.0,45.481
992.0,7.754
994.0,11.598
993.0,14.812
987.0,16.517
996.0,17.076
1020.0,17.452
991.0,17.746
900.0,17.848
762.0,18.466
667.0,20.314
674.0,23.065
798.0,25.006
886.0,24.928
1006.0,23.648
999.0,21.398
995.0,18.496
1011.0,15.305
1018.0,14.268
921.0,16.142
710.0,18.766
462.0,20.57
570.0,19.823
222.0,21.67
34.0,22.692
5.0,23.973
10.0,25.119
15.0,26.834
5.0,28.864
9.0,30.44
21.0,32.616
135.0,35.866
286.0,39.494
1077.0,43.1
1092.0,44.39
1104.0,44.64
1273.0,46.686
1400.0,50.319
1622.0,53.022
1765.0,54.132
1267.0,50.588
1372.0,41.561
2310.0,7.865
1940.0,11.499
1159.0,14.576
1073.0,16.15
1058.0,16.747
1052.0,17.229
1059.0,17.512
1067.0,17.699
1063.0,18.472
1061.0,20.343
1057.0,23.2
1064.0,24.751
1058.0,24.032
1067.0,22.064
1073.0,19.564
1067.0,16.863
1068.0,14.253
1065.0,13.707
1055.0,15.466
1048.0,18.401
1033.0,20.054
1035.0,19.508
1058.0,18.093
1051.0,17.6
1044.0,18.208
1052.0,19.028
1056.0,18.793
1061.0,18.043
1036.0,16.794
1017.0,15.993
1011.0,16.124
1002.0,17.416
997.0,18.162
1030.0,18.431
1026.0,19.165
1015.0,20.378
1004.0,20.47
992.0,19.271
1011.0,18.239
1035.0,18.211
1033.0,19.323
977.0,20.18
728.0,21.035
420.0,21.915
189.0,23.0
251.0,23.939
473.0,25.4
545.0,26.887
875.0,29.47
780.0,33.015
920.0,36.836
1042.0,40.133
1062.0,41.242
1054.0,40.319
1027.0,40.86
1031.0,44.152
1076.0,46.953
1094.0,47.627
1064.0,44.48
1056.0,37.011
1113.0,8.156
1607.0,11.394
2260.0,14.004
1820.0,15.225
1150.0,15.673
1078.0,16.135
1041.0,16.431
1023.0,17.007
1049.0,17.968
1062.0,19.959
1061.0,22.328
1057.0,23.153
1061.0,21.675
1060.0,19.03
1066.0,16.182
1065.0,13.88
1067.0,12.325
1067.0,12.552
1068.0,14.642
1070.0,17.867
1062.0,19.974
1062.0,19.506
1066.0,17.988
1058.0,17.498
1042.0,18.324
1030.0,19.31
1033.0,19.134
1037.0,18.244
1037.0,16.926
1037.0,15.85
1044.0,15.948
1054.0,17.139
1063.0,17.681
1065.0,18.006
1064.0,18.601
1058.0,19.426
1060.0,18.828
1060.0,17.129
1060.0,15.86
1057.0,15.955
1053.0,17.39
1049.0,18.48
1025.0,19.292
993.0,20.376
988.0,21.234
972.0,22.046
983.0,22.81
990.0,23.81
1005.0,25.874
1001.0,29.79
976.0,34.109
1009.0,37.657
1055.0,38.187
1040.0,35.739
1035.0,35.212
1053.0,37.838
1045.0,39.802
1056.0,39.564
1067.0,36.505
1065.0,31.153
1066.0,8.671
1054.0,10.583
1059.0,11.951
1105.0,12.381
1511.0,12.666
2146.0,12.891
1508.0,13.67
1075.0,14.717
1040.0,16.396
1015.0,18.914
1022.0,20.969
1040.0,20.833
1055.0,18.307
1066.0,15.234
1064.0,12.911
1066.0,11.335
1058.0,10.785
1058.0,11.532
1065.0,13.759
1070.0,16.905
1068.0,19.539
1062.0,19.137
1064.0,17.409
1072.0,16.872
1072.0,17.509
1061.0,18.334
1061.0,18.108
1067.0,17.239
1061.0,16.062
1062.0,15.198
1062.0,15.699
1059.0,16.534
1063.0,16.739
1067.0,16.459
1072.0,16.982
1070.0,17.683
1057.0,16.95
1063.0,15.078
1069.0,13.989
1066.0,14.328
1061.0,15.38
1063.0,15.89
1067.0,16.551
1063.0,17.863
1068.0,19.594
1067.0,20.57
1065.0,21.044
1062.0,21.238
1059.0,23.097
1062.0,26.803
1065.0,31.53
1060.0,34.912
1067.0,34.942
1070.0,31.229
1034.0,29.706
1031.0,31.802
1052.0,33.228
1054.0,32.466
1047.0,29.999
1045.0,26.225
1052.0,9.024
1058.0,9.802
1051.0,9.953
1059.0,9.712
1068.0,9.66
1071.0,9.935
1315.0,10.804
1697.0,12.131
1117.0,13.995
1050.0,16.472
1053.0,18.685
1041.0,18.079
1044.0,14.95
1021.0,12.18
1005.0,10.578
1020.0,9.952
1028.0,10.129
1050.0,10.802
1056.0,12.512
1064.0,15.367
1062.0,17.669
1063.0,17.594
1060.0,16.189
1061.0,15.525
1058.0,16.165
1068.0,16.977
1063.0,16.839
1062.0,15.617
1066.0,14.346
1069.0,13.697
1062.0,14.311
1059.0,15.277
1066.0,15.266
1071.0,14.304
1073.0,14.511
1068.0,15.397
1066.0,14.877
1064.0,13.628
1066.0,13.091
1073.0,13.493
1069.0,14.137
1066.0,14.195
1065.0,14.146
1072.0,15.71
1066.0,17.981
1069.0,18.866
1067.0,18.793
1073.0,19.078
1075.0,20.389
1071.0,23.977
1067.0,28.128
1063.0,31.248
1041.0,30.911
1054.0,26.669
1068.0,24.525
1023.0,26.323
1029.0,27.893
1039.0,27.101
1044.0,25.564
1058.0,23.398
1045.0,9.27
1049.0,9.639
1053.0,9.509
1061.0,9.019
1070.0,8.931
1054.0,9.142
1047.0,9.917
1060.0,10.929
1273.0,12.082
1373.0,13.67
1059.0,15.601
1032.0,15.45
1000.0,12.598
1009.0,10.343
1042.0,9.618
1053.0,9.613
1041.0,9.955
1045.0,10.6
1043.0,11.719
1049.0,13.471
1052.0,15.098
1047.0,15.509
1037.0,14.907
1042.0,14.51
1044.0,15.091
1052.0,16.031
1057.0,15.941
1057.0,14.74
1055.0,13.027
1064.0,11.865
1068.0,12.334
1062.0,13.694
1064.0,14.008
1066.0,13.348
1060.0,13.084
1053.0,13.468
1062.0,13.387
1061.0,12.805
1055.0,12.365
1055.0,12.968
1067.0,13.886
1070.0,13.602
1064.0,13.384
1057.0,14.899
1063.0,16.866
1067.0,17.367
1067.0,16.78
1062.0,17.013
1064.0,18.543
1070.0,21.461
1067.0,24.698
1062.0,27.417
1043.0,27.59
1042.0,23.927
1059.0,21.636
1073.0,22.465
1045.0,23.36
1040.0,22.811
1034.0,22.303
1039.0,21.643
1033.0,9.586
1036.0,10.012
1038.0,9.687
1036.0,9.276
1041.0,8.946
1038.0,9.275
1038.0,9.917
1046.0,10.697
1049.0,11.327
1111.0,12.606
1507.0,14.654
1148.0,14.48
1060.0,11.974
1044.0,10.101
1018.0,9.859
987.0,10.465
975.0,11.075
1021.0,11.323
1046.0,11.639
1041.0,12.892
1046.0,14.206
1061.0,14.775
1065.0,14.371
1062.0,14.151
1054.0,14.873
1051.0,15.974
1056.0,16.016
1062.0,14.889
1060.0,13.154
1051.0,11.752
1042.0,11.607
1040.0,12.55
1050.0,12.971
1058.0,12.891
1061.0,12.543
1071.0,12.761
1067.0,12.773
1057.0,12.334
1058.0,12.218
1058.0,12.836
1073.0,13.589
1077.0,13.409
1074.0,13.26
1070.0,14.322
1068.0,15.791
1069.0,16.212
1070.0,15.914
1061.0,16.271
1054.0,17.394
1059.0,18.916
1067.0,20.978
1062.0,23.7
1060.0,24.486
1059.0,21.785
1057.0,19.633
1065.0,19.912
1061.0,20.41
1042.0,20.02
1037.0,20.012
1033.0,20.617
1043.0,9.644
1036.0,10.349
1036.0,10.134
1025.0,9.544
1040.0,9.252
1043.0,9.479
1046.0,10.099
1049.0,10.73
1032.0,11.447
1050.0,12.707
1072.0,14.542
1492.0,14.367
1308.0,11.932
1046.0,10.399
1046.0,10.562
1056.0,11.847
1007.0,12.779
984.0,12.382
988.0,11.971
995.0,12.635
1049.0,13.931
1064.0,14.663
1064.0,14.553
1065.0,14.514
1057.0,15.196
1048.0,16.483
1051.0,16.846
1054.0,15.992
1056.0,14.566
1059.0,13.008
1058.0,12.552
1054.0,12.838
1050.0,13.02
1048.0,12.942
1058.0,12.753
1057.0,12.941
1060.0,12.879
1065.0,12.528
1061.0,12.484
1054.0,12.861
1054.0,13.272
1057.0,13.065
1065.0,13.171
1080.0,14.078
1175.0,15.514
1298.0,15.835
1359.0,15.988
1476.0,16.199
1244.0,16.534
1095.0,17.075
1077.0,17.977
1070.0,20.008
1078.0,21.191
1064.0,19.63
1062.0,18.266
1048.0,18.611
1057.0,18.744
1047.0,18.158
1054.0,18.603
1035.0,20.086
1020.0,8.9
1047.0,9.937
1040.0,10.176
1034.0,9.697
1030.0,9.552
1022.0,9.764
1039.0,10.679
1048.0,11.402
1044.0,12.042
1038.0,13.305
1044.0,14.925
1060.0,14.433
1599.0,11.889
1706.0,10.355
1040.0,10.952
1048.0,12.326
1058.0,13.315
1052.0,12.945
1045.0,12.095
1055.0,12.504
1065.0,13.82
1059.0,14.713
1059.0,14.715
1050.0,14.689
1053.0,15.524
1044.0,17.13
1045.0,18.059
1047.0,18.128
1052.0,17.256
1048.0,15.921
1057.0,14.807
1050.0,14.15
1058.0,13.821
1058.0,13.622
1077.0,13.32
1066.0,13.599
1056.0,13.615
1048.0,13.167
1067.0,12.831
1078.0,13.047
1097.0,13.198
1187.0,12.906
1142.0,12.968
1230.0,13.998
1657.0,15.348
1250.0,15.895
1334.0,15.993
1693.0,16.342
1350.0,16.385
1513.0,16.344
1262.0,16.41
1150.0,18.131
1105.0,19.104
1201.0,17.985
1188.0,17.258
1025.0,17.806
1003.0,17.595
1022.0,16.927
1055.0,17.753
1042.0,19.718
1037.0,8.481
1020.0,9.754
1031.0,10.276
1036.0,10.134
1036.0,10.171
1030.0,10.763
1037.0,11.931
1050.0,12.803
1051.0,13.223
1055.0,14.29
1056.0,15.263
1053.0,14.628
1062.0,12.041
1445.0,10.546
1872.0,11.137
1154.0,12.542
977.0,13.648
1040.0,13.195
1062.0,12.073
1038.0,12.376
1043.0,13.788
1059.0,14.714
1056.0,14.913
1052.0,15.147
1051.0,16.111
1016.0,18.123
996.0,19.775
1024.0,20.869
1029.0,20.668
1041.0,19.434
1050.0,17.865
1041.0,15.963
1029.0,14.964
1028.0,14.32
1044.0,14.441
1061.0,14.891
1066.0,14.827
1051.0,14.092
1028.0,13.49
1035.0,13.6
1058.0,13.765
1106.0,13.357
1221.0,13.258
1117.0,14.095
1297.0,15.266
1390.0,16.035
1312.0,16.289
1836.0,16.534
1737.0,16.305
1634.0,16.061
2020.0,16.084
1685.0,17.465
1297.0,18.329
1203.0,17.442
1274.0,16.716
1224.0,16.912
1048.0,16.664
1055.0,16.043
1052.0,17.192
1044.0,19.573
1032.0,8.505
1024.0,10.227
1022.0,10.993
1035.0,11.203
1037.0,11.333
1038.0,11.845
1034.0,12.856
1037.0,13.683
1042.0,14.081
1048.0,14.757
1044.0,15.657
1040.0,14.627
1049.0,12.153
1099.0,10.743
1695.0,11.31
1818.0,12.816
1643.0,13.65
972.0,13.178
1014.0,11.961
1056.0,12.17
1041.0,13.566
1046.0,14.539
1062.0,14.872
1065.0,15.248
1066.0,16.634
1062.0,19.008
1031.0,21.208
1052.0,22.882
1042.0,22.986
1041.0,21.97
1058.0,19.927
1060.0,17.485
1067.0,15.989
1060.0,15.093
1042.0,15.162
1032.0,15.766
1041.0,15.964
1030.0,14.952
997.0,14.241
1015.0,14.264
1077.0,14.52
1233.0,14.043
1186.0,13.804
1048.0,14.405
1107.0,15.532
1877.0,16.1
1608.0,16.423
1453.0,16.696
1941.0,16.432
1996.0,15.878
2252.0,15.839
2308.0,17.11
2317.0,18.136
1927.0,17.335
1287.0,16.278
1415.0,16.6
1508.0,16.271
1077.0,15.406
1037.0,16.974
1045.0,19.701
1054.0,8.582
1035.0,10.272
1030.0,11.187
1033.0,11.291
1036.0,11.545
1038.0,12.048
1041.0,13.097
1039.0,13.773
1036.0,14.171
1035.0,14.721
1043.0,15.367
1043.0,14.457
1035.0,12.337
1036.0,11.329
1232.0,11.785
1973.0,12.861
2131.0,13.566
1622.0,12.938
1004.0,11.777
959.0,12.006
1022.0,13.348
1068.0,14.58
1059.0,15.091
1068.0,15.676
1060.0,17.315
1084.0,20.236
1275.0,22.8
1296.0,24.655
1015.0,25.131
965.0,24.052
970.0,22.1
983.0,19.243
982.0,17.237
974.0,16.001
989.0,15.93
1002.0,16.736
1008.0,17.053
1002.0,16.241
1070.0,15.606
1310.0,15.412
1517.0,15.314
1653.0,14.887
1769.0,14.738
1073.0,15.013
1766.0,15.875
2284.0,16.61
2025.0,16.806
1895.0,16.867
1465.0,16.534
1155.0,15.895
1168.0,15.958
1137.0,17.322
1087.0,18.305
1419.0,17.392
1998.0,16.479
1399.0,16.764
1577.0,16.035
2068.0,15.263
1546.0,16.956
1070.0,20.081
1227.0,8.099
1424.0,9.426
1027.0,9.92
1041.0,9.847
1033.0,10.061
1035.0,10.821
1039.0,12.419
1041.0,13.532
1028.0,13.85
1039.0,14.309
1043.0,14.622
1040.0,13.926
1037.0,12.346
1038.0,11.676
1035.0,12.002
1083.0,12.756
1647.0,12.887
1654.0,12.36
1235.0,11.495
1225.0,11.766
1577.0,13.342
1548.0,14.779
1110.0,15.625
1069.0,16.279
1068.0,18.199
1062.0,21.724
1205.0,24.855
1294.0,27.045
1375.0,27.217
1331.0,26.075
960.0,23.798
969.0,20.937
970.0,18.811
1016.0,17.456
1433.0,17.186
1701.0,17.86
1246.0,18.394
966.0,17.805
1459.0,17.173
2206.0,16.8
1859.0,16.236
1461.0,15.778
1116.0,15.491
1079.0,15.768
1033.0,16.521
1035.0,16.837
1055.0,17.334
1061.0,17.291
1040.0,16.641
1032.0,15.919
1044.0,16.088
1056.0,17.594
1075.0,18.557
1151.0,17.802
1515.0,16.893
1818.0,17.087
1798.0,16.289
1469.0,15.298
1447.0,17.153
1605.0,20.159
1514.0,6.842
1421.0,8.003
1480.0,8.474
1027.0,8.329
1033.0,8.449
1031.0,9.28
1023.0,11.005
1032.0,12.682
1045.0,13.49
1037.0,13.796
1034.0,14.025
1047.0,13.131
1047.0,11.731
1044.0,11.231
1039.0,11.827
1032.0,12.588
1035.0,12.874
1103.0,12.288
1140.0,11.458
1147.0,11.733
1547.0,13.255
1750.0,14.993
1913.0,16.205
1659.0,17.438
1150.0,19.749
1176.0,23.888
1192.0,27.185
1328.0,29.069
1221.0,29.206
1450.0,27.621
1248.0,25.273
961.0,22.572
950.0,20.609
1332.0,19.615
1411.0,19.234
1090.0,19.697
1219.0,19.875
1310.0,19.414
1059.0,18.917
1092.0,18.303
1089.0,17.656
1049.0,17.003
1032.0,16.765
1039.0,16.782
1049.0,17.254
1034.0,17.684
1035.0,18.13
1050.0,17.883
1051.0,17.024
1044.0,16.196
1050.0,16.432
1044.0,18.097
1056.0,19.416
1107.0,19.065
1141.0,18.096
1418.0,17.852
1562.0,17.217
1309.0,16.133
1269.0,18.18
1320.0,21.305
1366.0,5.403
1366.0,6.803
1285.0,7.59
1120.0,7.745
1031.0,7.888
1028.0,8.3
1016.0,9.643
1034.0,11.051
1039.0,12.292
1035.0,12.728
1038.0,12.597
1035.0,11.768
1049.0,10.413
1045.0,9.948
1027.0,10.854
1023.0,11.97
1036.0,12.48
1019.0,12.133
1057.0,11.358
1104.0,11.718
1077.0,13.135
1396.0,14.744
1971.0,16.513
1878.0,18.342
1650.0,21.601
1599.0,25.875
1288.0,29.19
1118.0,30.729
1067.0,30.532
1089.0,29.1
1489.0,26.643
1202.0,24.245
958.0,22.792
1076.0,21.699
1465.0,21.318
1146.0,21.16
1048.0,21.17
1113.0,21.146
1266.0,21.179
1079.0,20.702
1063.0,19.612
1048.0,18.868
1041.0,18.468
1045.0,18.325
1050.0,18.472
1049.0,18.79
1037.0,19.633
1031.0,19.201
1049.0,18.018
1047.0,17.189
1048.0,17.709
1050.0,19.547
1047.0,21.192
1083.0,21.139
1297.0,20.433
1297.0,20.341
1316.0,19.627
1606.0,19.299
1284.0,21.725
1192.0,24.528
1228.0,4.706
1215.0,6.135
1320.0,7.446
1348.0,7.825
1111.0,7.981
1026.0,8.175
1012.0,8.749
1018.0,9.678
1041.0,10.443
1052.0,10.783
1043.0,10.981
1036.0,10.252
1041.0,9.216
1037.0,8.675
1049.0,9.44
1039.0,10.701
1037.0,11.951
1044.0,12.12
1048.0,11.853
1079.0,11.991
1103.0,13.163
1039.0,14.749
1057.0,16.474
1372.0,19.125
1681.0,22.838
1418.0,27.718
1379.0,31.22
1606.0,33.058
1516.0,32.93
1177.0,31.475
1084.0,29.008
1295.0,26.184
1461.0,24.448
989.0,23.681
941.0,23.146
1050.0,23.075
1210.0,22.754
1019.0,22.951
1039.0,23.596
1374.0,23.304
1103.0,21.843
1127.0,21.194
1300.0,20.751
1122.0,20.467
1047.0,20.405
1049.0,21.094
1057.0,22.031
1041.0,21.915
1036.0,20.764
1047.0,20.097
1052.0,20.68
1056.0,22.532
1052.0,23.978
1045.0,23.686
1059.0,23.398
1237.0,23.759
1266.0,24.202
1450.0,24.832
1703.0,27.96
1365.0,30.702
1205.0,4.509
1177.0,6.043
1154.0,7.514
1254.0,8.272
1292.0,8.583
1104.0,8.609
1061.0,8.799
1064.0,9.125
1084.0,9.409
1074.0,9.994
1030.0,10.675
1029.0,10.635
1008.0,9.989
1016.0,9.311
1037.0,9.463
1047.0,10.362
1035.0,11.872
1036.0,12.942
1040.0,13.239
1043.0,13.475
1039.0,13.983
1037.0,15.044
1037.0,16.835
1061.0,19.616
1177.0,24.186
1759.0,30.205
2078.0,34.824
1423.0,37.106
979.0,37.31
969.0,35.592
1034.0,32.214
1073.0,28.402
1081.0,26.612
1077.0,26.114
1255.0,25.847
1369.0,25.571
1330.0,25.974
1396.0,26.701
1144.0,26.997
955.0,26.246
967.0,25.208
959.0,24.936
1175.0,25.257
1344.0,24.817
1152.0,24.359
979.0,24.563
1293.0,25.595
2025.0,26.758
1699.0,27.44
1611.0,27.268
1145.0,27.399
1064.0,27.872
1024.0,28.397
1038.0,28.136
1048.0,28.099
1054.0,28.96
1052.0,29.928
1042.0,31.608
1029.0,35.304
1035.0,37.338
1089.0,4.253
1217.0,5.875
1537.0,7.763
1399.0,9.435
1283.0,10.067
1238.0,10.174
1312.0,10.149
1324.0,10.358
1397.0,10.919
1283.0,11.946
1110.0,13.188
1064.0,13.602
1070.0,12.92
1070.0,12.023
1023.0,11.237
1038.0,11.658
1039.0,13.065
1025.0,14.748
1022.0,15.655
1027.0,15.843
1040.0,15.813
1027.0,16.29
1031.0,17.651
1037.0,20.855
1041.0,26.216
1041.0,34.113
1039.0,39.885
1049.0,42.895
1048.0,43.075
1204.0,40.701
1704.0,36.203
1595.0,31.386
1856.0,29.581
1043.0,30.237
984.0,30.087
1044.0,29.781
1061.0,31.168
1057.0,32.533
1061.0,31.872
1082.0,30.292
1244.0,30.246
1419.0,31.521
1171.0,32.543
928.0,31.89
947.0,30.364
1003.0,29.426
985.0,30.156
972.0,33.079
966.0,36.091
946.0,36.535
954.0,35.099
983.0,34.372
1145.0,34.386
1755.0,35.163
1580.0,35.885
1659.0,37.011
1722.0,38.573
1069.0,40.054
1363.0,43.268
1604.0,44.004
1292.0,4.346
1106.0,6.456
1069.0,9.442
1043.0,12.733
1045.0,14.745
1075.0,15.015
1259.0,14.733
1656.0,14.421
1607.0,14.971
1480.0,15.512
1353.0,15.805
1426.0,15.996
1450.0,16.01
1427.0,14.92
1221.0,13.635
1123.0,13.505
1045.0,15.252
1037.0,17.348
1030.0,18.555
1026.0,18.958
1004.0,18.616
1009.0,18.61
1040.0,19.564
1033.0,22.472
1042.0,28.335
1031.0,36.47
1030.0,42.848
1020.0,46.065
1023.0,47.065
1031.0,45.763
1031.0,40.83
1033.0,34.824
1040.0,32.574
1042.0,33.548
1039.0,33.235
1048.0,32.855
1052.0,34.229
1040.0,35.912
1326.0,35.289
1693.0,33.844
1429.0,34.234
1593.0,36.3
1001.0,37.478
1022.0,36.503
1069.0,34.37
1066.0,33.1
1055.0,34.411
1057.0,38.293
1063.0,42.826
1072.0,43.418
1064.0,41.74
1010.0,40.592
1002.0,40.747
1047.0,42.085
1046.0,44.008
1036.0,46.424
1027.0,48.364
1015.0,50.003
990.0,51.882
977.0,49.951
1018.0,5.198
1019.0,8.617
1055.0,12.505
1453.0,16.126
1782.0,18.266
1785.0,18.75
1426.0,18.444
1162.0,18.161
1915.0,18.232
1763.0,17.887
1818.0,17.329
2061.0,16.931
1770.0,17.291
1491.0,16.736
1140.0,14.953
1434.0,14.774
2097.0,17.079
1530.0,19.807
1342.0,21.658
1437.0,22.278
1649.0,22.284
1397.0,21.984
1309.0,22.664
1285.0,25.855
1324.0,31.235
1046.0,38.494
1007.0,44.047
1037.0,47.498
1039.0,49.066
1027.0,48.839
1028.0,45.004
1029.0,39.285
1039.0,36.921
1033.0,37.071
1028.0,36.464
1035.0,35.439
1037.0,36.446
1043.0,37.514
1037.0,37.583
1042.0,36.982
1043.0,37.545
1534.0,39.048
1684.0,40.369
1589.0,39.765
1367.0,38.46
987.0,38.444
1042.0,40.183
1064.0,44.382
1060.0,49.245
1029.0,50.259
1001.0,48.667
1051.0,48.127
1057.0,48.721
1059.0,50.341
1024.0,52.22
1015.0,54.43
1033.0,56.106
1009.0,57.49
1014.0,58.273
1036.0,53.415
1044.0,6.208
1058.0,10.669
1039.0,15.168
1044.0,17.902
1035.0,19.419
1061.0,19.773
1217.0,19.917
1534.0,19.776
1759.0,19.411
1757.0,18.885
1456.0,17.732
1864.0,17.429
1780.0,17.937
1859.0,17.712
2128.0,16.507
1954.0,16.463
2186.0,18.849
2336.0,21.657
2371.0,23.648
2160.0,24.941
1488.0,25.255
1379.0,25.699
1803.0,27.134
1365.0,30.248
1057.0,34.453
1180.0,39.868
1353.0,44.279
1320.0,47.602
1045.0,49.705
1026.0,50.249
1024.0,47.467
1023.0,43.058
1045.0,40.633
1040.0,40.167
1028.0,39.152
1029.0,37.572
1037.0,37.57
1049.0,38.57
1044.0,39.322
1043.0,39.537
1053.0,40.078
1062.0,41.454
1358.0,42.616
1911.0,43.104
1785.0,43.234
1140.0,44.143
1007.0,46.538
1052.0,51.177
1050.0,56.322
1053.0,57.252
1041.0,55.755
1034.0,55.937
1013.0,56.937
1043.0,58.326
1051.0,59.449
1032.0,60.507
1008.0,61.193
994.0,61.914
1011.0,61.658
1041.0,55.382
1053.0,6.162
1038.0,11.14
1034.0,15.819
1011.0,18.644
1027.0,19.831
1045.0,20.377
1078.0,20.596
1056.0,20.849
1292.0,20.37
1554.0,19.518
1695.0,18.454
1441.0,17.881
1764.0,18.53
1440.0,18.901
1418.0,18.599
1792.0,18.634
1612.0,19.878
1753.0,21.921
1775.0,23.845
1580.0,25.53
1426.0,26.446
1289.0,28.015
1282.0,30.056
1108.0,32.281
1048.0,34.897
1050.0,37.774
1041.0,41.246
1046.0,44.673
1048.0,47.392
1047.0,48.279
1035.0,46.173
1025.0,42.327
1023.0,40.282
1033.0,39.991
1033.0,38.693
1033.0,36.966
1018.0,36.553
1027.0,37.614
1037.0,38.859
1045.0,39.999
1061.0,41.182
1059.0,43.011
1068.0,44.74
1077.0,46.017
1231.0,47.41
1805.0,48.847
1145.0,51.924
1028.0,57.134
1064.0,62.542
1056.0,63.821
1042.0,62.455
1023.0,62.396
991.0,63.363
982.0,64.69
1037.0,64.883
1058.0,65.374
1059.0,65.406
1055.0,66.269
1047.0,65.272
1053.0,57.771
1060.0,5.574
1061.0,10.626
1051.0,15.612
1044.0,18.73
1046.0,19.949
1050.0,20.72
1057.0,21.291
1047.0,21.655
1042.0,21.244
1043.0,20.039
1148.0,18.636
1170.0,18.183
1138.0,18.976
1542.0,19.792
1472.0,19.75
1282.0,19.341
1647.0,19.636
1756.0,20.796
1573.0,22.553
1798.0,24.049
1256.0,25.587
1173.0,27.765
1192.0,29.547
1162.0,30.207
1111.0,30.864
1026.0,38.526
1051.0,41.105
1053.0,43.393
1056.0,45.999
1044.0,48.013
1036.0,50.987
1038.0,53.486
1039.0,56.637
1046.0,61.784
1041.0,67.129
1037.0,67.75
1038.0,66.041
1025.0,65.697
1032.0,66.775
1041.0,68.806
1037.0,69.073
1045.0,69.556
1047.0,69.172
1059.0,70.121
1060.0,69.873
1118.0,61.325
1694.0,4.893
1222.0,9.697
1041.0,14.477
1062.0,17.862
1043.0,19.754
1018.0,20.532
1020.0,21.524
1037.0,22.088
1048.0,21.771
1047.0,20.427
1058.0,18.936
1062.0,18.367
1055.0,19.262
1051.0,20.249
1052.0,20.142
1066.0,19.644
1062.0,19.354
1057.0,20.025
1051.0,21.715
1063.0,23.304
1068.0,25.128
1075.0,48.116
1067.0,51.992
1056.0,55.369
1067.0,59.131
1062.0,64.047
1045.0,68.336
1051.0,68.641
1057.0,66.762
1047.0,66.917
1109.0,68.182
1325.0,69.833
1499.0,70.841
1379.0,70.885
1427.0,70.827
1351.0,71.975
1165.0,71.243
1072.0,62.044
1090.0,4.423
1136.0,8.947
1110.0,13.665
1043.0,17.0
1054.0,18.92
1043.0,20.174
1047.0,21.437
1040.0,22.547
1041.0,22.146
1029.0,20.903
1043.0,19.383
1041.0,18.72
1042.0,19.673
1040.0,20.705
1041.0,20.631
1052.0,20.185
1048.0,20.071
1050.0,20.721
1045.0,64.347
1041.0,64.187
1054.0,63.155
1062.0,63.83
1210.0,65.539
1734.0,67.454
1136.0,68.896
1064.0,68.662
1053.0,68.649
1035.0,69.857
1021.0,68.649
1051.0,58.1
1043.0,4.255
1052.0,8.524
1053.0,13.051
1061.0,16.083
1067.0,18.098
1049.0,19.49
1039.0,20.956
1048.0,22.286
1065.0,22.142
1070.0,20.783
1060.0,19.169
1064.0,18.51
1068.0,19.597
1071.0,20.968
1071.0,21.031
1074.0,58.928
1056.0,60.061
1056.0,61.39
1060.0,59.54
1059.0,49.226
1060.0,3.801
1070.0,7.066
1078.0,11.292
1062.0,14.794
1057.0,17.202
1068.0,18.907
1070.0,20.274
1067.0,21.428
1058.0,21.491
1059.0,20.068
1216.0,18.71
1197.0,18.016
1133.0,19.084
1068.0,2.647
1059.0,4.23
1061.0,7.606
1044.0,12.553
1028.0,16.48
1043.0,18.561
1044.0,19.666
1052.0,20.447
1043.0,1.978
1036.0,2.679
1038.0,5.373
1038.0,10.29
1046.0,14.739
1043.0,1.765
1051.0,2.1
1059.0,3.719
1048.0,6.664
1059.0,24.142
1063.0,16.428
1073.0,1.874
1221.0,35.275
1812.0,36.415
1169.0,31.105
1059.0,21.262
1052.0,2.313
1044.0,4.065
1052.0,6.975
1043.0,10.804
1037.0,36.707
1001.0,39.732
1017.0,43.887
1039.0,45.263
1058.0,40.238
1061.0,28.812
1064.0,3.378
1065.0,5.918
1069.0,9.376
1068.0,12.631
1065.0,14.714
1063.0,15.679
1062.0,16.091
1068.0,16.061
1067.0,16.156
1071.0,16.679
1065.0,18.17
1070.0,19.79
1071.0,43.601
1060.0,44.533
1062.0,45.043
1069.0,47.852
1074.0,51.718
1068.0,53.821
1064.0,49.627
1068.0,37.553
1070.0,5.058
1055.0,7.983
1058.0,11.504
1049.0,14.019
1066.0,15.28
1071.0,15.866
1069.0,16.076
1067.0,16.09
1063.0,16.422
1069.0,17.181
1067.0,18.76
1060.0,20.453
1047.0,39.591
1031.0,43.022
1025.0,44.923
1041.0,46.05
1040.0,47.898
1038.0,51.207
1050.0,55.241
1051.0,57.685
1056.0,54.169
1054.0,42.394
1051.0,6.477
1057.0,9.68
1059.0,13.309
1075.0,15.205
1137.0,16.058
1913.0,16.473
1929.0,16.783
1141.0,16.948
1052.0,17.358
1039.0,18.281
1017.0,20.122
1043.0,21.752
1023.0,22.139
1043.0,21.473
1056.0,33.878
1062.0,37.108
1061.0,41.034
1072.0,42.843
1063.0,43.604
1057.0,45.962
1059.0,50.458
1074.0,54.919
1065.0,56.804
1038.0,53.283
1003.0,42.794
1065.0,7.143
1072.0,10.858
1069.0,14.333
1070.0,16.168
1065.0,16.916
1075.0,17.317
1072.0,17.547
1061.0,17.523
1068.0,18.058
1073.0,19.24
1069.0,21.06
1063.0,22.611
1064.0,22.742
1066.0,22.207
1072.0,20.704
1063.0,17.969
1067.0,28.441
1056.0,31.678
1058.0,35.284
1066.0,38.704
1061.0,40.14
1065.0,40.296
1060.0,42.395
1064.0,47.462
1070.0,51.239
1061.0,52.004
1055.0,47.999
1042.0,38.393
1039.0,7.461
1036.0,11.25
1037.0,14.475
1055.0,16.446
1051.0,17.049
1069.0,17.448
1057.0,17.635
1065.0,17.789
1067.0,18.344
1056.0,19.304
1081.0,21.017
1438.0,22.128
2024.0,22.187
1747.0,21.294
1121.0,19.687
1054.0,17.034
1049.0,13.856
1043.0,12.687
1047.0,22.73
1055.0,23.432
1064.0,24.025
1065.0,25.636
1063.0,29.231
1060.0,32.861
1066.0,36.749
1077.0,37.959
1069.0,36.979
1060.0,38.188
1066.0,42.495
1080.0,45.812
1078.0,45.505
1069.0,40.799
1057.0,32.203
1072.0,7.849
1077.0,11.383
1068.0,14.473
1069.0,15.935
1072.0,16.641
1075.0,16.847
1057.0,17.163
1027.0,17.509
989.0,18.174
1004.0,19.335
1027.0,21.025
1008.0,21.54
1015.0,20.961
1020.0,19.633
985.0,17.519
978.0,14.941
951.0,12.593
925.0,12.032
997.0,13.628
1060.0,16.494
1063.0,18.837
1054.0,18.639
1056.0,17.178
1074.0,18.524
1072.0,19.533
1060.0,19.964
1056.0,20.466
1053.0,21.315
1044.0,21.893
1039.0,22.225
1044.0,21.894
1042.0,22.992
1051.0,26.359
1055.0,30.411
1068.0,34.402
1070.0,35.681
1082.0,33.745
1297.0,33.593
1937.0,36.195
2371.0,38.363
2052.0,37.932
1214.0,33.682
1077.0,26.754
1036.0,8.538
1052.0,11.389
1069.0,13.57
1059.0,14.587
1057.0,15.051
1057.0,15.33
1068.0,15.673
1068.0,16.265
1061.0,17.45
1064.0,19.024
1064.0,20.699
1063.0,20.715
1055.0,19.241
1049.0,17.027
1061.0,14.482
1062.0,12.413
1037.0,11.074
1014.0,11.282
1028.0,13.246
1027.0,16.248
1023.0,18.693
1033.0,18.516
1032.0,17.023
1033.0,16.711
1028.0,17.676
1041.0,18.595
1034.0,18.463
1028.0,17.671
1018.0,16.323
1027.0,15.519
1026.0,15.868
1033.0,16.659
1043.0,16.873
1028.0,16.496
1019.0,17.003
1012.0,18.231
1005.0,17.736
1007.0,16.185
1011.0,14.958
1041.0,15.346
1055.0,16.778
1066.0,17.663
1063.0,18.319
1057.0,19.185
1065.0,20.303
1062.0,20.97
1070.0,21.085
1070.0,20.637
1058.0,21.092
1061.0,24.02
1071.0,28.019
1140.0,31.67
1511.0,32.464
1751.0,30.031
1051.0,28.897
1369.0,30.413
1717.0,31.319
2312.0,30.006
2188.0,27.211
1438.0,23.155
1068.0,8.97
1059.0,10.306
1063.0,10.975
1061.0,11.253
1050.0,11.141
1052.0,11.469
1055.0,12.104
1045.0,13.362
1028.0,15.344
1043.0,17.676
1037.0,19.459
1029.0,19.11
903.0,16.384
851.0,13.708
705.0,11.617
624.0,10.427
784.0,9.94
597.0,10.443
550.0,12.062
372.0,15.056
239.0,17.806
99.0,18.02
7.0,16.437
32.0,15.962
43.0,16.761
48.0,17.679
61.0,17.483
97.0,16.533
120.0,15.363
199.0,14.786
193.0,15.108
96.0,15.773
50.0,15.262
113.0,13.968
102.0,14.655
67.0,16.228
117.0,15.721
266.0,14.4
474.0,13.544
838.0,13.965
998.0,14.838
994.0,14.997
999.0,15.18
1035.0,16.515
1039.0,18.809
1071.0,19.618
1074.0,19.631
1075.0,18.905
1074.0,19.413
1088.0,21.836
1123.0,25.171
1394.0,28.376
1156.0,28.981
529.0,25.723
1264.0,23.845
1004.0,24.679
968.0,25.213
890.0,24.632
1624.0,23.19
1613.0,21.055
1126.0,9.086
1108.0,9.488
1061.0,9.49
1046.0,9.111
1031.0,8.819
1025.0,9.161
1057.0,10.047
966.0,11.275
586.0,12.865
200.0,14.973
43.0,16.743
28.0,16.24
11.0,13.524
1.0,11.169
1.0,9.829
5.0,9.326
12.0,9.45
5.0,9.853
1.0,10.849
2.0,13.117
18.0,15.433
23.0,16.045
17.0,15.153
6.0,14.826
13.0,15.389
11.0,16.289
7.0,16.033
9.0,14.903
12.0,13.391
3.0,12.616
5.0,13.119
10.0,14.226
13.0,13.728
16.0,12.35
33.0,12.494
513.0,13.751
705.0,13.849
617.0,12.865
222.0,12.519
79.0,13.101
654.0,13.9
1032.0,13.782
1038.0,13.509
1101.0,15.02
1421.0,17.278
1703.0,17.969
1167.0,17.477
1201.0,17.36
1618.0,18.269
717.0,20.477
1534.0,23.04
1255.0,25.615
1168.0,25.735
767.0,22.396
800.0,20.375
1790.0,21.009
1432.0,21.774
1120.0,21.472
1092.0,21.067
1045.0,20.248
1032.0,9.144
983.0,9.455
597.0,9.225
234.0,8.796
76.0,8.687
27.0,8.886
22.0,9.641
17.0,10.504
2.0,11.412
13.0,12.762
17.0,14.321
9.0,14.19
5.0,11.831
4.0,9.803
4.0,9.157
7.0,9.233
433.0,9.415
364.0,9.724
4.0,10.143
4.0,11.49
38.0,13.37
313.0,14.257
753.0,14.066
2217.0,13.823
2045.0,14.512
2085.0,15.51
1769.0,15.364
1110.0,14.098
1752.0,12.108
713.0,10.823
541.0,11.147
1587.0,12.487
2214.0,12.719
1638.0,11.857
1138.0,11.887
1078.0,12.423
1074.0,12.754
1067.0,12.328
859.0,12.202
231.0,12.715
11.0,13.629
7.0,13.367
2410.0,13.079
2396.0,14.333
2409.0,16.288
2452.0,16.686
2481.0,15.977
2275.0,16.183
1500.0,17.197
1084.0,18.939
1048.0,20.884
1050.0,22.943
1044.0,23.074
1059.0,20.45
1065.0,18.682
860.0,19.226
265.0,19.76
29.0,19.416
16.0,19.454
15.0,20.086
1901.0,9.266
1875.0,9.593
1604.0,9.486
1214.0,9.044
1096.0,8.697
1081.0,8.932
1072.0,9.63
1061.0,10.422
1051.0,11.145
1020.0,12.309
899.0,14.022
557.0,13.967
137.0,11.657
22.0,9.756
10.0,9.334
3.0,9.799
816.0,10.179
544.0,10.219
329.0,10.023
143.0,10.998
64.0,12.598
40.0,13.609
50.0,13.668
25.0,13.657
26.0,14.343
15.0,15.51
18.0,15.323
9.0,13.962
915.0,11.71
987.0,10.242
1032.0,10.24
1051.0,11.393
1034.0,12.085
973.0,11.99
899.0,12.108
683.0,12.398
323.0,12.62
64.0,12.149
8.0,11.971
530.0,12.376
978.0,13.028
939.0,12.739
972.0,12.634
968.0,13.843
928.0,15.311
862.0,15.6
659.0,15.541
325.0,15.737
38.0,16.296
1136.0,17.042
1129.0,18.229
1110.0,20.166
1099.0,20.682
1095.0,19.007
1087.0,17.765
1068.0,18.281
1065.0,18.736
1045.0,18.308
1000.0,18.739
599.0,20.201
102.0,9.178
2462.0,9.723
2327.0,9.654
2310.0,9.253
2264.0,8.889
1808.0,9.071
1335.0,9.572
1140.0,10.329
1100.0,10.965
1074.0,12.141
1076.0,14.094
1071.0,14.017
1039.0,11.559
1014.0,10.059
554.0,10.256
118.0,11.238
10.0,12.096
2.0,11.7
10.0,10.753
2.0,11.179
2.0,12.371
4.0,13.5
2.0,13.644
1967.0,13.771
2069.0,14.577
2276.0,15.772
1868.0,15.76
1912.0,14.359
2288.0,12.236
1635.0,10.581
1285.0,10.534
1126.0,11.638
1085.0,12.534
1071.0,12.674
1066.0,12.675
1062.0,12.988
1032.0,12.882
1011.0,12.375
783.0,11.863
487.0,11.995
369.0,12.213
308.0,11.946
255.0,12.217
191.0,13.557
66.0,15.233
2.0,15.483
23.0,15.541
29.0,15.827
3.0,16.038
4.0,16.005
8.0,16.414
16.0,17.749
19.0,18.722
56.0,17.581
40.0,17.133
61.0,17.841
74.0,18.251
259.0,17.735
674.0,18.542
640.0,20.261
679.0,8.419
460.0,9.355
358.0,9.477
489.0,9.326
114.0,9.094
15.0,9.127
3.0,9.67
2.0,10.432
1.0,11.045
4.0,12.371
10.0,14.201
19.0,14.032
60.0,11.842
1592.0,10.221
2161.0,10.893
2206.0,12.213
2289.0,13.221
2267.0,12.718
2011.0,11.165
2322.0,11.116
2312.0,12.307
1626.0,13.338
1093.0,13.59
1066.0,13.855
1058.0,14.728
1071.0,16.256
1044.0,16.534
1020.0,15.441
1018.0,13.684
1048.0,11.946
1080.0,11.782
1034.0,12.598
989.0,13.301
995.0,13.453
1016.0,13.635
1009.0,14.048
937.0,13.955
695.0,13.034
353.0,12.333
111.0,12.157
47.0,11.969
92.0,11.721
90.0,12.084
234.0,13.647
375.0,15.23
444.0,15.636
610.0,15.712
713.0,16.04
834.0,16.17
957.0,15.741
985.0,15.805
995.0,16.938
994.0,17.827
970.0,16.956
982.0,16.683
983.0,17.589
980.0,17.842
973.0,17.207
1000.0,18.169
1012.0,20.414
928.0,7.869
894.0,9.045
755.0,9.364
226.0,9.25
23.0,9.117
17.0,9.547
12.0,10.459
10.0,11.241
73.0,11.935
179.0,13.074
99.0,14.648
130.0,14.22
1094.0,11.752
1119.0,10.315
1149.0,10.952
1194.0,12.313
1262.0,13.368
1548.0,12.82
1960.0,11.119
2237.0,11.028
2290.0,12.12
2234.0,13.154
1366.0,13.405
1098.0,13.806
1083.0,14.879
1061.0,16.574
1061.0,17.315
1067.0,17.03
1064.0,15.615
1045.0,14.191
1031.0,13.534
1027.0,13.831
1015.0,14.078
1011.0,13.898
1033.0,14.227
1043.0,14.695
1030.0,14.597
1038.0,13.584
1013.0,12.612
928.0,12.279
820.0,12.223
644.0,11.794
480.0,12.322
456.0,13.647
432.0,15.099
488.0,15.564
647.0,15.819
829.0,16.162
951.0,16.165
1003.0,15.707
1012.0,15.826
1018.0,16.916
1018.0,17.702
1004.0,16.891
1017.0,16.299
1043.0,17.082
1067.0,16.98
1076.0,16.314
1079.0,17.462
1059.0,19.923
1023.0,7.71
1013.0,8.779
1004.0,9.163
1008.0,9.193
1035.0,9.31
1014.0,10.154
894.0,11.647
839.0,12.657
958.0,13.229
968.0,14.043
762.0,15.048
825.0,14.258
1012.0,11.836
1069.0,10.478
1057.0,11.165
1045.0,12.472
1080.0,13.472
1075.0,12.656
1079.0,11.079
1085.0,10.793
1099.0,11.821
1170.0,12.884
1830.0,13.155
2185.0,13.781
1378.0,14.888
1109.0,17.088
1075.0,18.358
1055.0,18.96
1062.0,18.166
1067.0,17.046
1056.0,15.97
1056.0,15.347
1053.0,14.841
1056.0,14.543
1062.0,14.556
1048.0,15.114
1031.0,15.069
1030.0,14.115
1037.0,13.27
1036.0,12.778
1042.0,12.553
1053.0,12.158
1072.0,12.41
1081.0,13.651
1069.0,14.934
1059.0,15.618
1072.0,16.029
1068.0,16.306
1057.0,16.198
1033.0,15.873
1026.0,15.857
1025.0,17.002
1023.0,17.887
1007.0,16.984
1033.0,16.265
1058.0,16.801
1053.0,16.354
1056.0,15.654
1064.0,16.98
1061.0,19.591
1064.0,7.581
1066.0,8.612
1065.0,8.863
1065.0,8.722
1057.0,9.049
1058.0,10.13
1058.0,11.927
1063.0,13.188
1055.0,13.774
1044.0,14.183
988.0,14.864
980.0,13.981
1032.0,11.595
1061.0,10.473
1043.0,11.169
1042.0,12.246
1060.0,13.161
1062.0,12.417
1064.0,10.791
1059.0,10.591
1073.0,11.75
1074.0,12.892
1072.0,13.381
1097.0,13.893
1173.0,15.225
1834.0,17.699
2355.0,19.772
1722.0,21.317
1089.0,21.443
1054.0,20.307
1051.0,18.932
1050.0,17.364
1063.0,16.139
1064.0,15.157
1064.0,14.975
1066.0,15.256
1067.0,15.562
1062.0,14.995
1065.0,14.126
1062.0,13.452
1062.0,13.019
1054.0,12.642
1053.0,13.069
1044.0,14.021
1048.0,15.175
1046.0,15.876
1057.0,16.303
1058.0,16.727
1059.0,16.316
1063.0,16.074
1061.0,16.127
1063.0,17.396
1066.0,18.162
1063.0,17.248
1063.0,16.36
1069.0,16.675
1072.0,16.144
1066.0,15.173
1062.0,16.663
1067.0,19.399
1068.0,6.98
1063.0,7.964
1060.0,8.19
1070.0,7.943
1072.0,8.24
1066.0,9.219
1066.0,10.975
1064.0,12.412
1067.0,13.247
1067.0,13.694
1061.0,13.868
1064.0,12.745
1072.0,10.766
1074.0,9.775
1073.0,10.551
1046.0,11.686
1040.0,12.293
1051.0,11.589
1049.0,10.441
1058.0,10.513
1052.0,11.83
1053.0,13.261
1063.0,14.072
1058.0,14.671
1053.0,16.135
1074.0,19.21
1085.0,21.942
1287.0,24.235
1719.0,24.656
1132.0,23.355
1062.0,21.492
1067.0,19.253
1061.0,17.739
1063.0,16.64
1068.0,16.08
1060.0,16.151
1067.0,16.115
1066.0,15.623
1069.0,14.882
1063.0,14.162
1073.0,13.714
1066.0,13.494
1066.0,13.959
1057.0,14.883
1057.0,15.931
1064.0,16.233
1067.0,16.856
1067.0,17.047
1061.0,16.56
1069.0,16.321
1067.0,16.498
1067.0,17.836
1064.0,18.819
1065.0,17.999
1073.0,17.108
1073.0,17.03
1070.0,16.31
1067.0,15.256
1067.0,16.844
1071.0,19.601
1071.0,5.576
1064.0,6.85
1066.0,7.438
1065.0,7.328
1066.0,7.436
1068.0,8.036
1061.0,9.519
1064.0,11.055
1067.0,12.159
1073.0,12.57
1069.0,12.255
1067.0,11.076
1068.0,9.297
1057.0,8.748
1035.0,9.868
1042.0,11.173
1026.0,11.807
1047.0,11.624
1048.0,10.659
1047.0,10.78
1047.0,11.99
1046.0,13.617
1056.0,14.693
1051.0,16.04
1043.0,18.083
1058.0,21.282
1063.0,24.252
1054.0,26.251
1061.0,26.725
1210.0,25.419
1299.0,23.26
1063.0,20.848
1046.0,19.348
1039.0,18.4
1064.0,17.585
1058.0,16.9
1050.0,16.411
1061.0,15.819
1055.0,15.321
1037.0,14.594
1037.0,14.544
1045.0,14.626
1048.0,15.403
1063.0,16.025
1065.0,16.663
1055.0,17.133
1060.0,17.466
1063.0,17.604
1065.0,17.098
1062.0,16.613
1062.0,17.038
1062.0,18.548
1067.0,19.995
1067.0,19.342
1064.0,18.366
1067.0,18.094
1065.0,17.003
1072.0,15.791
1071.0,17.641
1065.0,20.681
1066.0,4.783
1064.0,6.115
1058.0,7.123
1055.0,7.34
1052.0,7.353
1058.0,7.533
1063.0,8.473
1061.0,9.729
1061.0,10.726
1062.0,10.897
1062.0,10.683
1061.0,9.629
1060.0,8.124
1061.0,7.766
1055.0,8.907
1124.0,10.272
1304.0,11.543
1043.0,11.535
1049.0,10.905
1042.0,11.099
1045.0,12.123
1043.0,13.699
1041.0,15.07
1049.0,17.033
1059.0,19.573
1057.0,23.088
1052.0,26.059
1046.0,27.825
1046.0,28.182
1045.0,27.181
1082.0,24.767
1308.0,22.022
1162.0,20.311
1065.0,19.313
1052.0,18.414
1008.0,17.324
1033.0,16.589
1054.0,16.173
1060.0,16.077
1056.0,15.73
1055.0,15.643
1053.0,15.96
1050.0,16.775
1052.0,17.328
1062.0,17.861
1065.0,18.142
1045.0,18.855
1042.0,18.908
1039.0,18.276
1043.0,17.774
1035.0,18.211
1025.0,19.828
1048.0,21.292
1055.0,20.782
1058.0,19.916
1056.0,19.632
1056.0,18.721
1055.0,17.947
1059.0,20.306
1058.0,23.333
1053.0,4.647
1060.0,6.112
1064.0,7.273
1064.0,7.766
1064.0,7.831
1068.0,7.747
1068.0,8.171
1066.0,8.759
1058.0,9.08
1053.0,8.983
1059.0,8.96
1062.0,8.381
1060.0,7.436
1051.0,7.133
1043.0,7.826
1073.0,9.289
1337.0,10.934
1213.0,11.581
1053.0,11.383
1038.0,11.507
1034.0,12.566
1045.0,13.835
1050.0,15.38
1042.0,17.604
1036.0,20.539
1043.0,24.242
1048.0,27.144
1045.0,29.294
1047.0,29.867
1042.0,28.998
1054.0,26.409
1066.0,22.825
1366.0,20.697
1442.0,20.096
1054.0,18.796
1055.0,17.512
1060.0,16.873
1008.0,16.799
992.0,17.642
1013.0,17.98
1034.0,17.352
1055.0,17.656
1054.0,18.182
1056.0,18.932
1040.0,19.488
1038.0,20.318
1025.0,21.42
1030.0,21.63
1044.0,21.069
1052.0,20.627
1056.0,20.918
1064.0,22.179
1059.0,23.212
1057.0,22.565
1058.0,21.579
1055.0,21.696
1058.0,21.341
1058.0,21.595
1071.0,24.734
1067.0,27.899
1056.0,4.61
1060.0,6.187
1065.0,7.463
1067.0,8.074
1068.0,8.189
1066.0,8.088
1167.0,8.164
1330.0,8.19
1407.0,8.294
1345.0,8.441
1071.0,8.703
1044.0,8.533
1044.0,8.069
1043.0,7.729
1043.0,7.995
1064.0,9.168
1315.0,11.114
1368.0,12.44
1119.0,12.854
1041.0,13.104
1033.0,13.603
1028.0,14.323
1048.0,15.813
1041.0,18.157
1041.0,21.543
1032.0,25.701
1037.0,29.283
1044.0,31.668
1046.0,32.732
1045.0,31.748
1054.0,28.469
1054.0,23.919
1073.0,21.707
1416.0,21.222
1883.0,20.196
1081.0,18.687
1044.0,18.301
1058.0,19.036
1054.0,20.005
1024.0,20.187
1024.0,19.94
1042.0,20.469
1010.0,21.6
1019.0,22.143
1053.0,22.632
1052.0,23.335
1060.0,24.655
1050.0,26.057
1049.0,26.503
1050.0,26.399
1045.0,26.196
1052.0,26.425
1051.0,26.576
1048.0,25.578
1048.0,24.393
1052.0,24.388
1058.0,24.325
1053.0,25.243
1053.0,28.619
1064.0,31.157
1058.0,4.495
1053.0,6.123
1047.0,7.682
1062.0,8.733
1072.0,9.114
1080.0,8.876
1303.0,8.725
1552.0,8.826
1466.0,9.275
1524.0,10.191
1518.0,10.961
1686.0,11.385
1650.0,11.06
1298.0,10.46
1443.0,10.138
1782.0,10.782
1658.0,12.409
1474.0,14.088
1276.0,15.105
1192.0,15.407
1035.0,15.222
1039.0,15.642
1031.0,16.721
1029.0,19.234
1032.0,23.411
1030.0,29.101
1032.0,33.663
1030.0,36.644
1037.0,37.44
1044.0,35.653
1043.0,31.23
1040.0,26.012
1045.0,24.239
1053.0,24.551
1400.0,23.607
1945.0,22.046
1221.0,22.549
1022.0,23.968
1053.0,24.405
1055.0,24.266
1051.0,25.053
1047.0,26.906
1058.0,28.266
1053.0,28.329
1053.0,27.455
1049.0,27.311
1010.0,28.355
996.0,31.217
1011.0,33.337
1025.0,33.437
1045.0,32.135
1047.0,31.059
1046.0,31.049
1052.0,30.775
1056.0,30.034
1034.0,29.645
1034.0,29.393
1045.0,30.255
1054.0,33.348
1063.0,34.92
1077.0,4.371
1080.0,6.29
1060.0,8.721
1055.0,11.191
1064.0,12.611
1067.0,12.89
1122.0,12.518
1582.0,12.332
1680.0,12.93
1584.0,13.678
1500.0,14.415
1516.0,14.781
1779.0,14.762
1279.0,14.016
1355.0,12.777
1958.0,12.787
1745.0,14.364
2045.0,16.45
1973.0,17.814
1524.0,18.111
1178.0,17.59
1047.0,17.575
1038.0,18.289
1029.0,20.928
1028.0,25.257
1042.0,32.038
1034.0,37.687
1036.0,40.914
1032.0,41.947
1035.0,40.137
1036.0,35.113
1051.0,28.815
1043.0,26.803
1046.0,27.779
1062.0,27.01
1518.0,25.59
2001.0,26.664
1472.0,28.463
1016.0,28.597
1021.0,28.685
1055.0,30.229
1045.0,32.973
1044.0,34.439
1056.0,33.458
1055.0,31.552
1058.0,30.704
1058.0,31.814
1037.0,35.631
1040.0,39.006
1007.0,39.138
995.0,37.142
1040.0,35.715
1058.0,35.552
1060.0,36.497
1060.0,37.012
1058.0,37.494
1056.0,38.17
1073.0,39.348
1066.0,41.437
1063.0,40.769
1061.0,4.833
1069.0,7.658
1076.0,11.364
1076.0,15.01
1065.0,17.25
1085.0,17.816
1083.0,17.392
1203.0,17.122
1635.0,17.32
1635.0,17.332
1565.0,17.118
1451.0,16.817
1960.0,17.202
1886.0,16.574
1576.0,14.9
1938.0,14.391
2206.0,16.591
1918.0,19.063
2153.0,20.62
1749.0,21.214
1483.0,20.76
1429.0,20.176
1042.0,20.675
1030.0,23.099
1035.0,27.64
1043.0,33.845
1030.0,39.466
1044.0,42.574
1041.0,44.373
1040.0,44.0
1036.0,39.495
1044.0,32.95
1040.0,30.69
1049.0,31.295
1051.0,30.264
1119.0,28.547
1746.0,29.253
1665.0,31.273
1955.0,31.799
1105.0,32.355
944.0,33.888
1029.0,36.034
1056.0,37.243
1061.0,36.404
1061.0,34.803
1068.0,34.249
1072.0,35.993
1084.0,39.75
1078.0,43.538
1060.0,43.587
1043.0,41.901
1033.0,41.008
1037.0,41.359
1047.0,42.939
1059.0,44.453
1060.0,47.282
1065.0,49.394
1064.0,50.58
1058.0,51.01
1068.0,47.19
1071.0,5.749
1077.0,10.118
1087.0,14.569
1088.0,17.754
1049.0,19.286
1064.0,19.698
1179.0,19.529
1604.0,19.401
1445.0,19.252
1240.0,18.789
1568.0,17.959
1569.0,17.48
1675.0,17.886
2089.0,17.746
2074.0,16.23
2130.0,15.768
2201.0,17.881
1777.0,20.497
1184.0,22.215
1071.0,23.199
1043.0,23.439
1442.0,23.344
2173.0,23.733
1025.0,25.763
1027.0,29.315
1031.0,34.017
1027.0,38.403
1029.0,41.734
1036.0,43.873
1032.0,43.925
1035.0,40.816
1037.0,36.286
1030.0,34.205
1033.0,33.974
1036.0,32.555
1032.0,30.688
1288.0,30.699
1741.0,32.19
1500.0,34.014
1872.0,35.186
1077.0,36.459
957.0,38.063
970.0,38.873
1044.0,38.686
1058.0,38.605
1068.0,39.215
1066.0,41.64
1054.0,45.638
1300.0,49.098
1298.0,49.097
1265.0,47.677
1011.0,47.903
1033.0,49.102
1052.0,50.586
1074.0,52.101
1054.0,55.144
1067.0,57.457
1081.0,58.531
1033.0,57.621
1061.0,51.472
1088.0,5.859
1327.0,10.88
1494.0,15.561
1503.0,18.535
1433.0,19.756
1045.0,20.244
1385.0,20.084
1632.0,20.235
1212.0,20.086
1071.0,19.265
1044.0,18.443
1047.0,17.755
1045.0,18.474
1038.0,18.8
1026.0,18.199
1053.0,17.791
1050.0,18.551
1041.0,19.969
1057.0,21.573
1053.0,22.913
1058.0,23.967
1109.0,25.089
1352.0,25.905
1631.0,26.697
1045.0,28.097
1040.0,33.426
1037.0,33.356
1030.0,31.967
1026.0,30.04
1037.0,29.621
1025.0,31.186
1029.0,33.503
1029.0,35.586
1035.0,37.088
1022.0,38.44
1030.0,39.706
1018.0,40.114
1109.0,41.199
1740.0,42.925
2180.0,46.23
1618.0,51.355
990.0,55.801
948.0,56.661
969.0,55.622
1005.0,55.532
1039.0,57.12
1043.0,58.539
1078.0,59.55
1373.0,61.901
1375.0,63.446
1409.0,64.178
1292.0,62.702
1045.0,54.981
1008.0,5.357
1001.0,10.521
1364.0,15.616
1249.0,18.877
1202.0,20.112
1391.0,20.467
1066.0,20.736
1128.0,20.778
1491.0,20.464
1257.0,19.811
1411.0,18.822
1207.0,18.229
1083.0,19.065
1033.0,19.929
1026.0,19.676
1042.0,19.019
1057.0,18.659
1048.0,19.28
1039.0,20.73
1044.0,22.189
1046.0,23.684
1044.0,25.303
1032.0,37.267
1032.0,38.607
1056.0,40.357
1068.0,42.489
1087.0,45.266
1154.0,49.529
1339.0,56.088
1488.0,61.784
1405.0,63.328
1451.0,61.928
1041.0,61.784
1037.0,63.151
1027.0,64.94
1035.0,66.439
1025.0,67.665
1043.0,68.359
1036.0,69.242
1040.0,68.33
1045.0,60.019
1042.0,4.607
1035.0,9.381
1025.0,14.539
1029.0,18.188
1026.0,19.781
1294.0,20.468
2171.0,21.088
1744.0,21.344
1017.0,21.091
1008.0,20.25
1025.0,18.986
1045.0,18.317
1270.0,19.335
1457.0,20.35
1285.0,20.198
1159.0,19.458
1223.0,18.984
1497.0,19.475
1049.0,57.707
966.0,63.945
970.0,65.614
1005.0,64.439
1308.0,64.624
1099.0,66.602
1108.0,68.973
1306.0,70.117
1021.0,71.106
1187.0,71.246
1455.0,72.268
1401.0,71.958
1320.0,62.903
1087.0,4.102
1038.0,8.559
1009.0,13.59
1023.0,17.249
1056.0,19.114
1047.0,20.16
1048.0,21.222
1048.0,22.05
1052.0,21.877
1043.0,20.74
1046.0,19.585
1047.0,18.614
1085.0,19.436
1150.0,20.756
1123.0,20.604
1083.0,61.079
1128.0,61.073
1288.0,63.34
1296.0,65.604
1233.0,68.649
1229.0,70.106
1042.0,70.057
1034.0,70.42
1034.0,72.166
1033.0,71.476
1036.0,61.333
1042.0,3.936
1047.0,8.108
1031.0,13.082
1037.0,16.484
1052.0,18.455
1032.0,19.758
1018.0,21.179
1028.0,22.278
1039.0,22.318
1333.0,20.952
2009.0,19.396
1979.0,18.689
1099.0,19.206
986.0,61.152
996.0,62.297
1025.0,62.296
1107.0,62.476
1204.0,64.668
1344.0,64.242
1465.0,53.572
1298.0,3.548
1509.0,7.242
1278.0,12.14
1030.0,15.495
1009.0,17.733
992.0,19.214
1047.0,20.429
1226.0,21.265
1349.0,21.613
1257.0,20.198
1019.0,18.717
1078.0,18.035
1628.0,49.974
1329.0,40.43
1511.0,2.642
1252.0,4.754
1074.0,8.464
1033.0,13.086
1034.0,16.838
1048.0,18.79
1056.0,19.926
1046.0,1.9
1051.0,2.808
1047.0,5.531
1049.0,10.655
1049.0,15.507
1044.0,13.008
1075.0,25.308
1156.0,17.02
1182.0,34.421
1168.0,35.411
1279.0,31.2
1334.0,21.734
1269.0,2.388
1218.0,4.204
1182.0,34.612
1123.0,37.669
1029.0,41.459
1025.0,42.234
1046.0,37.835
1028.0,27.27
1044.0,3.406
1028.0,6.156
1031.0,9.819
1036.0,12.903
1029.0,14.828
1030.0,16.034
1035.0,16.124
1037.0,16.249
1036.0,16.489
1032.0,36.798
1041.0,38.703
1041.0,42.852
1026.0,46.377
1029.0,47.122
1062.0,42.72
1559.0,31.827
1602.0,4.925
1788.0,7.914
1554.0,11.663
1000.0,14.221
957.0,15.572
1025.0,16.072
1062.0,16.22
1070.0,16.248
1075.0,16.541
1174.0,17.047
1454.0,18.001
1228.0,36.834
1314.0,36.65
1059.0,38.795
972.0,43.913
976.0,47.621
983.0,48.111
969.0,43.681
954.0,33.37
1006.0,6.202
1045.0,9.289
1038.0,13.162
1096.0,15.278
1535.0,16.313
1929.0,16.689
1943.0,16.959
1177.0,17.114
1061.0,17.234
1070.0,17.886
1068.0,18.934
1050.0,19.833
1055.0,32.534
1055.0,35.265
1047.0,35.82
1038.0,34.983
1049.0,36.698
1050.0,42.041
1045.0,45.361
1050.0,44.974
1061.0,40.291
1159.0,31.334
1391.0,7.062
1329.0,10.569
1329.0,14.095
1211.0,16.21
1275.0,17.05
1131.0,17.369
1043.0,17.754
1036.0,17.831
1050.0,18.112
1053.0,18.751
1050.0,19.596
1017.0,20.319
1005.0,20.294
1005.0,20.013
1037.0,26.982
1035.0,31.192
1044.0,34.46
1032.0,34.983
1029.0,33.073
1024.0,33.879
1042.0,37.938
1038.0,40.984
1033.0,39.576
1024.0,34.177
1018.0,26.102
1022.0,7.598
1039.0,11.027
1049.0,14.409
1045.0,16.303
1564.0,16.841
1537.0,17.149
1645.0,17.441
1542.0,17.624
975.0,18.091
973.0,18.804
1049.0,19.501
1056.0,19.652
1062.0,19.783
1054.0,19.188
1051.0,18.012
1176.0,15.561
1428.0,21.175
1138.0,24.666
957.0,28.384
951.0,32.404
961.0,33.18
1011.0,30.629
1043.0,29.752
1031.0,32.204
1011.0,34.784
1007.0,33.877
1038.0,28.98
1060.0,22.258
1081.0,8.344
1070.0,11.417
1034.0,14.332
995.0,15.969
1012.0,16.372
1234.0,16.566
2096.0,16.962
1967.0,17.129
1629.0,17.715
1181.0,18.659
1102.0,19.575
1053.0,19.656
1072.0,19.15
1058.0,17.978
1052.0,16.122
1037.0,13.522
1042.0,11.127
1125.0,10.166
1232.0,11.308
1362.0,20.774
1449.0,21.491
1344.0,21.087
1460.0,19.909
1076.0,19.746
1031.0,22.107
1035.0,25.671
1040.0,28.979
1036.0,30.344
1033.0,28.061
1040.0,25.848
1029.0,26.224
1024.0,27.875
1037.0,27.412
1032.0,24.464
1032.0,20.149
1027.0,9.166
1021.0,11.295
1032.0,13.062
1033.0,13.673
1020.0,13.93
1027.0,14.158
1035.0,14.618
1045.0,15.427
1033.0,16.673
1031.0,18.277
1049.0,19.663
1057.0,19.588
1439.0,17.871
1600.0,15.767
1555.0,13.397
1489.0,11.333
967.0,10.056
1008.0,9.743
1053.0,11.011
1061.0,13.897
1064.0,16.767
1057.0,17.06
1037.0,15.851
1056.0,14.213
1063.0,14.755
1043.0,16.273
1006.0,16.761
1031.0,17.192
1046.0,18.248
1055.0,19.794
1055.0,20.418
1052.0,20.444
1051.0,18.993
1053.0,18.745
1061.0,20.419
1060.0,23.137
1037.0,25.974
1050.0,26.979
1065.0,24.614
1050.0,22.271
1049.0,21.921
1050.0,22.548
1194.0,22.55
1829.0,21.369
1501.0,19.345
1351.0,9.082
1646.0,9.88
1820.0,10.093
2235.0,9.94
2142.0,9.878
2063.0,10.177
1807.0,10.826
1495.0,12.261
1146.0,13.995
1056.0,16.552
1071.0,18.339
1284.0,17.881
1536.0,15.359
1447.0,12.726
1022.0,10.795
1002.0,9.72
1027.0,9.287
975.0,9.458
1036.0,10.287
1033.0,12.76
1018.0,15.411
1019.0,15.899
1028.0,14.828
1043.0,14.546
1037.0,15.562
1032.0,16.612
1033.0,16.487
1034.0,15.525
1031.0,14.422
1032.0,13.806
1036.0,14.468
1048.0,14.975
1602.0,14.021
1797.0,12.227
1567.0,12.822
1396.0,14.623
981.0,14.703
1019.0,13.505
1051.0,12.815
1060.0,13.351
1059.0,14.054
1039.0,14.028
1043.0,14.061
1046.0,15.719
1052.0,18.03
1003.0,18.941
963.0,18.527
979.0,17.551
1028.0,17.639
1017.0,19.134
1031.0,21.284
1029.0,23.366
1044.0,24.086
1048.0,21.02
1056.0,18.901
1063.0,19.002
1053.0,19.611
1059.0,19.816
1060.0,19.687
1025.0,19.066
1024.0,8.94
1048.0,9.088
1077.0,9.032
1615.0,8.643
2053.0,8.393
1831.0,8.719
1776.0,9.4
1413.0,10.424
2012.0,12.001
1837.0,13.567
1492.0,15.132
1814.0,14.708
2124.0,12.371
1420.0,10.368
1066.0,9.29
1056.0,9.074
1104.0,9.103
1732.0,9.115
1883.0,9.584
1043.0,10.977
1034.0,13.009
1027.0,13.718
1024.0,13.5
1039.0,13.454
1036.0,14.298
1038.0,15.31
1024.0,15.186
1027.0,14.125
1040.0,12.272
1037.0,11.382
1037.0,11.915
1039.0,12.975
1049.0,12.281
1124.0,10.537
1684.0,10.585
1827.0,12.091
1376.0,12.718
984.0,12.248
1024.0,11.764
1048.0,12.564
1048.0,13.505
1039.0,13.366
1018.0,13.117
1008.0,14.59
985.0,16.843
981.0,17.136
999.0,16.505
1021.0,16.105
1014.0,16.643
1041.0,17.969
1054.0,19.635
1048.0,21.141
1044.0,21.486
1040.0,19.082
1029.0,17.241
1024.0,17.637
1028.0,18.519
1040.0,18.975
1056.0,19.153
1068.0,19.304
1068.0,9.077
1054.0,9.268
1014.0,8.987
1023.0,8.524
1458.0,8.393
1832.0,8.653
1596.0,9.368
1749.0,10.286
1249.0,11.064
1695.0,12.02
1545.0,13.429
1378.0,13.212
1521.0,11.241
1904.0,9.384
1568.0,8.881
1721.0,8.878
1351.0,9.026
1097.0,9.091
1088.0,9.094
1049.0,10.079
1057.0,11.559
1046.0,12.53
1045.0,12.668
1039.0,12.766
1035.0,13.686
1033.0,14.725
1041.0,14.707
1031.0,13.281
1031.0,11.313
1040.0,9.92
1043.0,10.109
1045.0,11.024
1051.0,10.788
1067.0,9.875
1080.0,9.842
1113.0,11.089
1736.0,11.866
1356.0,11.667
998.0,11.454
1037.0,12.168
1047.0,13.138
1052.0,13.045
1027.0,12.786
1004.0,13.96
1034.0,15.537
1054.0,15.764
1058.0,15.417
1057.0,15.284
1054.0,15.655
1044.0,16.257
1054.0,17.175
1065.0,18.752
1064.0,19.362
1047.0,17.871
1040.0,16.656
1044.0,17.374
1052.0,18.173
1060.0,18.26
1047.0,18.713
1049.0,19.58
1051.0,9.067
1033.0,9.469
1030.0,9.15
1047.0,8.792
1051.0,8.59
1135.0,8.859
1446.0,9.362
1415.0,10.286
1542.0,10.897
1535.0,11.914
1585.0,13.477
1659.0,13.326
1334.0,11.231
1270.0,9.441
1659.0,9.097
1579.0,9.295
1583.0,9.567
1572.0,9.51
1213.0,9.29
1068.0,9.936
1052.0,11.25
1051.0,12.217
1051.0,12.296
1035.0,12.609
1052.0,13.388
1051.0,14.55
1040.0,14.533
1042.0,13.144
1037.0,11.097
1036.0,9.546
1047.0,9.42
1029.0,10.376
1042.0,10.728
1062.0,10.147
1071.0,10.284
1072.0,11.347
1100.0,11.799
1568.0,11.492
1242.0,11.166
1030.0,11.516
1057.0,12.212
1048.0,12.106
1036.0,12.216
1050.0,13.465
1059.0,15.088
1058.0,15.36
1048.0,15.279
1031.0,15.186
1040.0,15.209
1050.0,14.922
1050.0,15.135
1050.0,16.382
1057.0,17.469
1059.0,16.769
1051.0,16.23
1052.0,17.387
1061.0,17.983
1063.0,17.888
1057.0,18.603
1063.0,20.286
1056.0,8.665
1065.0,9.368
1065.0,9.262
1060.0,8.978
1054.0,8.701
1068.0,8.706
1080.0,9.4
1073.0,10.095
1189.0,10.709
1430.0,11.964
1542.0,13.753
1431.0,13.625
1222.0,11.494
1363.0,9.788
1366.0,9.783
1193.0,10.704
1030.0,11.265
1076.0,10.903
1138.0,10.083
1072.0,10.128
1036.0,11.231
1047.0,12.016
1052.0,12.292
1039.0,12.533
1029.0,13.287
1044.0,14.539
1039.0,14.483
1053.0,13.099
1040.0,11.043
1045.0,9.633
1050.0,9.467
1051.0,10.612
1052.0,11.204
1046.0,11.102
1048.0,11.216
1054.0,11.918
1066.0,12.096
1124.0,11.483
1669.0,10.901
1193.0,10.896
1055.0,11.153
1051.0,11.01
1048.0,11.707
1059.0,13.306
1048.0,14.966
1036.0,15.392
1048.0,15.366
1060.0,15.358
1057.0,15.133
1053.0,14.292
1042.0,14.08
1036.0,14.972
1044.0,16.195
1055.0,16.209
1058.0,16.151
1058.0,17.331
1061.0,17.862
1067.0,17.729
1067.0,18.504
1067.0,20.894
1064.0,7.866
1062.0,8.826
1068.0,9.027
1057.0,8.801
1047.0,8.412
1060.0,8.578
1072.0,9.052
1067.0,9.796
1061.0,10.461
1062.0,11.826
1058.0,13.766
1062.0,13.78
1061.0,11.561
1049.0,10.156
1053.0,10.655
1072.0,11.853
1072.0,12.886
1056.0,12.084
1054.0,10.6
1054.0,10.376
1069.0,11.13
1066.0,11.928
1049.0,12.079
1038.0,12.221
1049.0,13.127
1049.0,14.331
1053.0,14.181
1042.0,13.031
1041.0,11.154
1045.0,9.622
1054.0,9.567
1049.0,10.82
1054.0,11.61
1053.0,11.839
1043.0,11.892
1052.0,12.264
1059.0,12.336
1082.0,11.414
1353.0,10.638
1973.0,10.5
1251.0,10.73
1067.0,10.87
1050.0,11.597
1054.0,13.412
1058.0,15.051
1063.0,15.501
1050.0,15.551
1038.0,15.596
1045.0,15.517
1057.0,14.69
1060.0,14.406
1060.0,15.194
1057.0,16.258
1061.0,16.054
1068.0,16.021
1063.0,17.278
1064.0,17.685
1064.0,17.337
1065.0,18.439
1072.0,20.882
1073.0,7.21
1064.0,8.259
1064.0,8.341
1078.0,8.159
1072.0,8.115
1061.0,8.336
1062.0,9.359
1065.0,10.171
1077.0,10.91
1065.0,12.294
1064.0,14.034
1067.0,13.786
1066.0,11.683
1070.0,10.352
1062.0,10.904
1057.0,12.282
1069.0,13.221
1070.0,12.5
1066.0,10.809
1061.0,10.312
1056.0,11.195
1064.0,11.858
1065.0,12.014
1059.0,12.238
1040.0,12.858
1047.0,14.017
1051.0,13.808
1046.0,12.791
1042.0,11.033
1039.0,9.661
1045.0,9.667
1051.0,10.885
1062.0,11.759
1065.0,12.05
1066.0,11.982
1063.0,12.286
1044.0,12.152
1069.0,11.307
1185.0,10.612
1970.0,10.404
1959.0,10.646
1187.0,10.877
1055.0,11.661
1035.0,13.472
1019.0,14.981
1035.0,15.462
1055.0,15.709
1058.0,15.916
1056.0,15.755
1062.0,15.336
1064.0,15.015
1072.0,15.856
1069.0,16.743
1063.0,16.184
1068.0,15.975
1079.0,16.92
1072.0,17.175
1063.0,16.62
1055.0,17.814
1042.0,20.309
1065.0,6.748
1074.0,7.395
1058.0,7.147
1059.0,6.912
1071.0,7.199
1071.0,8.323
1064.0,9.974
1066.0,11.268
1075.0,12.065
1073.0,13.019
1070.0,14.227
1068.0,13.851
1071.0,11.557
1069.0,10.22
1070.0,10.923
1069.0,12.171
1058.0,13.242
1063.0,12.421
1075.0,10.602
1069.0,10.181
1048.0,10.979
1041.0,11.691
1067.0,12.065
1069.0,12.213
1065.0,12.649
1056.0,13.473
1049.0,13.73
1044.0,12.933
1054.0,11.551
1059.0,10.297
1045.0,10.424
1067.0,11.531
1072.0,12.385
1064.0,12.401
1066.0,12.087
1066.0,12.064
1065.0,11.865
1120.0,11.334
1617.0,10.863
2117.0,10.596
1463.0,10.578
1108.0,10.856
1053.0,11.74
1038.0,13.314
1048.0,14.787
1059.0,15.305
1057.0,15.798
1066.0,16.033
1059.0,15.993
1063.0,15.776
1062.0,15.703
1063.0,16.627
1064.0,17.327
1063.0,16.582
1062.0,15.962
1063.0,16.697
1067.0,16.676
1075.0,15.903
1063.0,16.887
1062.0,19.561
1068.0,6.291
1060.0,6.616
1063.0,6.337
1061.0,6.034
1057.0,6.499
1057.0,7.981
1042.0,10.067
1045.0,11.724
1046.0,12.629
1053.0,13.444
1062.0,14.17
1058.0,13.217
1058.0,10.849
1058.0,9.616
1037.0,10.448
1037.0,11.991
1031.0,13.043
1015.0,12.219
998.0,10.387
993.0,10.012
1040.0,11.048
1060.0,12.156
1057.0,12.603
1059.0,12.604
1066.0,12.847
1059.0,13.864
1058.0,14.352
1038.0,14.487
1029.0,13.553
1029.0,12.366
1046.0,12.238
1047.0,12.982
1057.0,13.507
1074.0,13.275
1071.0,12.53
1073.0,11.872
1104.0,11.75
1389.0,11.496
2087.0,11.125
2366.0,10.625
1738.0,10.608
1114.0,11.141
1065.0,12.046
1055.0,13.366
1064.0,14.674
1061.0,15.493
1053.0,15.896
1049.0,16.419
1048.0,16.476
1053.0,16.165
1048.0,16.352
1049.0,17.287
1059.0,17.93
1041.0,17.245
1020.0,16.426
1030.0,16.769
1022.0,16.347
1020.0,15.318
1021.0,16.529
1026.0,19.278
1009.0,5.337
1017.0,6.301
1035.0,6.457
1019.0,6.199
1031.0,6.456
1026.0,7.415
1022.0,9.183
1021.0,10.842
1021.0,12.064
1013.0,12.602
1027.0,12.667
1026.0,11.297
1011.0,8.941
999.0,7.994
1010.0,9.214
1011.0,10.841
1012.0,12.123
1010.0,11.595
999.0,10.15
999.0,9.981
1019.0,11.219
1004.0,12.79
990.0,13.636
1017.0,13.918
1053.0,14.026
1057.0,15.238
1053.0,16.454
1073.0,17.387
1075.0,17.098
1083.0,15.924
1068.0,15.219
1051.0,15.112
1038.0,15.16
1074.0,14.86
1122.0,13.833
1404.0,12.504
1937.0,11.7
1913.0,11.353
468.0,11.098
755.0,10.603
2161.0,10.725
1430.0,11.561
1096.0,12.79
1070.0,14.087
1063.0,15.132
1065.0,15.73
1042.0,16.286
1013.0,16.764
1017.0,16.819
1032.0,16.888
1026.0,17.083
1021.0,18.198
1024.0,19.03
1035.0,18.306
764.0,17.397
687.0,17.62
726.0,16.812
290.0,15.566
41.0,16.866
6.0,19.728
17.0,4.711
144.0,6.039
455.0,6.587
229.0,6.682
66.0,6.648
14.0,6.992
22.0,8.175
34.0,9.803
45.0,10.689
42.0,10.967
112.0,10.621
359.0,9.166
457.0,7.191
442.0,6.554
518.0,7.773
464.0,9.474
578.0,10.741
424.0,10.715
166.0,9.975
26.0,10.25
67.0,11.492
81.0,12.966
239.0,14.287
741.0,15.178
1001.0,15.973
1018.0,17.392
1034.0,19.002
1056.0,20.497
1076.0,20.803
1087.0,19.962
1071.0,18.52
1073.0,17.135
1096.0,16.5
1221.0,16.085
1887.0,14.736
1840.0,12.872
2173.0,11.691
2294.0,11.267
1698.0,10.869
1079.0,10.466
1814.0,10.865
1651.0,12.134
1127.0,13.475
1093.0,14.632
1052.0,15.472
1016.0,15.977
1037.0,16.696
1052.0,17.239
1024.0,17.449
1041.0,17.473
1041.0,17.808
1043.0,19.1
1030.0,20.077
797.0,19.48
251.0,18.558
145.0,18.425
206.0,17.429
263.0,16.374
301.0,17.945
320.0,21.106
309.0,4.471
310.0,5.854
341.0,6.761
313.0,6.955
230.0,6.934
145.0,7.018
59.0,7.671
21.0,8.77
27.0,9.236
20.0,9.103
9.0,8.796
12.0,7.755
15.0,6.455
12.0,6.067
12.0,6.964
21.0,8.708
16.0,10.34
5.0,10.835
10.0,10.479
14.0,10.723
7.0,11.884
13.0,13.274
10.0,14.674
8.0,16.018
161.0,17.508
720.0,19.34
997.0,21.217
1543.0,23.327
1304.0,24.042
1160.0,23.61
1441.0,21.48
1967.0,18.801
1936.0,17.486
2174.0,16.858
1413.0,15.308
1122.0,13.443
1115.0,12.096
1548.0,11.684
1317.0,11.529
1138.0,11.134
1104.0,11.469
1065.0,12.628
1039.0,14.041
1038.0,15.152
1035.0,16.053
1049.0,16.842
1031.0,17.941
788.0,18.573
269.0,18.68
24.0,18.743
1.0,19.114
30.0,20.255
149.0,21.351
261.0,20.839
27.0,19.769
24.0,19.61
17.0,18.917
58.0,18.389
408.0,20.855
348.0,24.051
23.0,4.601
479.0,6.006
735.0,7.069
750.0,7.626
214.0,7.546
335.0,7.425
2334.0,7.676
2264.0,8.223
1811.0,8.103
1908.0,7.864
2127.0,7.697
2357.0,7.143
2366.0,6.14
2161.0,5.936
1530.0,6.766
1141.0,8.247
1065.0,10.298
1072.0,11.244
1077.0,11.297
1053.0,11.493
1053.0,12.418
1048.0,13.704
812.0,15.024
341.0,16.519
29.0,18.404
2.0,20.88
3.0,23.122
100.0,25.542
2359.0,26.971
2470.0,26.526
2449.0,23.92
2395.0,20.126
1829.0,18.179
1248.0,17.261
1088.0,15.798
1104.0,13.791
1088.0,12.731
1052.0,12.771
1040.0,13.511
1042.0,13.256
883.0,12.866
189.0,13.537
5.0,14.766
2.0,15.857
1342.0,17.318
1223.0,18.85
1069.0,20.394
1074.0,21.377
1074.0,21.85
1070.0,21.508
1080.0,21.415
1072.0,21.982
1035.0,22.85
1004.0,22.144
674.0,21.09
126.0,21.104
44.0,21.177
22.0,21.304
657.0,24.339
248.0,27.656
155.0,4.737
80.0,6.246
10.0,7.384
30.0,7.964
48.0,7.834
26.0,7.693
23.0,7.713
9.0,7.836
870.0,7.644
743.0,7.471
711.0,7.463
770.0,7.103
906.0,6.526
1023.0,6.408
891.0,7.111
412.0,8.603
65.0,10.712
27.0,12.107
7.0,12.669
1.0,12.986
555.0,13.452
477.0,14.333
489.0,15.431
560.0,17.389
435.0,19.581
198.0,22.555
22.0,25.571
5.0,28.103
1063.0,29.57
1035.0,29.117
1048.0,25.98
1049.0,21.488
1020.0,19.127
1031.0,18.43
1025.0,16.891
1047.0,14.845
851.0,14.095
289.0,14.669
43.0,15.894
8.0,15.897
2.0,15.392
1.0,15.439
1525.0,16.505
1219.0,17.746
1157.0,19.312
1149.0,21.125
1109.0,23.152
1097.0,25.011
1063.0,26.113
1064.0,26.064
1052.0,25.456
1049.0,25.426
1049.0,25.739
698.0,24.312
149.0,22.94
29.0,22.942
20.0,23.147
4.0,23.561
11.0,26.716
2.0,29.487
1.0,4.621
34.0,6.213
2265.0,7.475
2349.0,8.189
2268.0,8.289
2359.0,8.004
2162.0,7.697
1482.0,7.757
1127.0,7.934
1095.0,8.555
1088.0,8.982
1070.0,9.104
1054.0,8.862
1061.0,8.516
1057.0,8.8
800.0,9.751
260.0,11.784
59.0,13.468
21.0,14.591
8.0,14.774
5.0,14.802
1.0,15.364
5.0,16.546
169.0,18.728
530.0,21.814
770.0,25.956
784.0,29.804
769.0,32.73
796.0,33.921
738.0,32.787
476.0,28.565
42.0,23.456
7.0,21.336
4.0,21.243
5.0,19.98
20.0,17.896
173.0,17.68
392.0,18.858
2028.0,19.829
1650.0,20.05
1724.0,20.073
2249.0,20.999
2224.0,22.058
2221.0,22.37
2230.0,22.842
1460.0,23.882
1085.0,26.334
1063.0,29.095
1060.0,31.225
1044.0,31.245
1060.0,30.18
1043.0,29.45
1010.0,29.419
1003.0,28.132
1025.0,26.765
1034.0,25.93
977.0,25.175
635.0,25.611
120.0,28.525
13.0,30.846
71.0,4.57
127.0,6.202
142.0,8.1
139.0,9.856
160.0,10.768
107.0,10.834
60.0,10.465
48.0,10.364
72.0,10.938
53.0,11.877
66.0,12.772
80.0,13.276
144.0,13.163
68.0,12.514
88.0,11.655
108.0,12.043
61.0,13.561
144.0,15.461
419.0,16.958
846.0,17.176
1005.0,16.785
987.0,16.796
990.0,17.667
974.0,19.98
989.0,23.902
1008.0,29.81
1041.0,34.972
1016.0,38.259
832.0,38.956
740.0,37.043
485.0,31.902
234.0,25.862
162.0,24.027
374.0,24.928
704.0,23.7
941.0,21.89
625.0,22.591
564.0,24.396
1107.0,24.698
1103.0,24.892
1177.0,26.012
1372.0,27.798
1679.0,29.051
2111.0,28.418
2244.0,27.419
2352.0,27.363
2314.0,29.455
1656.0,33.541
1108.0,37.032
1077.0,36.659
1081.0,34.534
1074.0,33.421
1085.0,33.66
1052.0,34.075
1033.0,32.9
1014.0,31.304
1003.0,30.293
997.0,30.714
1036.0,32.721
1014.0,33.188
708.0,4.651
236.0,6.963
56.0,10.142
40.0,13.708
43.0,15.935
40.0,16.43
40.0,16.008
40.0,15.646
35.0,15.737
33.0,16.289
29.0,16.399
36.0,16.241
98.0,16.531
125.0,15.929
118.0,14.318
118.0,13.797
125.0,15.411
124.0,17.765
93.0,19.195
238.0,19.668
636.0,19.099
975.0,18.633
1050.0,18.811
1035.0,20.803
1048.0,24.811
1067.0,30.969
1068.0,36.589
1063.0,39.886
1051.0,41.422
1031.0,40.536
1016.0,35.513
1021.0,28.606
1034.0,26.356
1041.0,27.373
1031.0,26.133
1030.0,24.394
1013.0,25.107
1008.0,27.213
1008.0,28.031
1069.0,28.661
1079.0,30.138
1050.0,31.885
1076.0,32.868
1085.0,31.86
1105.0,30.476
1126.0,30.433
1292.0,32.565
1820.0,37.132
2336.0,40.67
1923.0,40.188
1172.0,38.475
1078.0,37.703
1058.0,38.494
1072.0,39.291
1071.0,39.091
1068.0,39.204
1039.0,40.022
1036.0,40.528
996.0,40.327
986.0,37.42
1016.0,5.333
1059.0,9.222
1062.0,13.571
948.0,17.045
730.0,18.93
520.0,19.619
390.0,19.337
266.0,18.958
192.0,18.793
164.0,18.541
159.0,17.877
158.0,17.359
145.0,17.857
193.0,17.581
270.0,15.725
360.0,14.889
439.0,16.292
588.0,18.347
798.0,19.949
959.0,20.723
1055.0,21.005
1069.0,20.678
1043.0,20.061
1018.0,21.46
1038.0,24.379
1066.0,29.092
1064.0,33.922
1063.0,37.287
1066.0,39.288
1069.0,39.156
1063.0,30.551
1064.0,28.544
1068.0,28.566
1070.0,27.16
1065.0,25.494
1063.0,25.597
1062.0,27.53
1059.0,29.472
1043.0,31.308
1054.0,32.918
1063.0,34.241
1033.0,34.813
1054.0,34.673
1062.0,34.232
1069.0,34.997
1071.0,37.606
1082.0,41.453
1086.0,44.091
1088.0,43.561
1109.0,42.32
1593.0,42.59
2312.0,43.746
2320.0,44.609
1585.0,44.995
1091.0,47.05
1070.0,49.005
1070.0,49.577
1066.0,47.994
1072.0,42.914
1067.0,5.544
1065.0,10.385
1067.0,15.397
1025.0,18.693
995.0,19.876
996.0,20.216
1008.0,20.206
1011.0,20.057
1016.0,19.876
1026.0,19.298
1022.0,18.399
1009.0,17.782
1007.0,18.524
1027.0,18.82
1037.0,17.649
1033.0,16.547
1016.0,16.886
1023.0,18.04
1027.0,19.504
1031.0,20.646
1044.0,21.85
1055.0,22.569
1061.0,34.528
1067.0,35.481
1062.0,35.962
1064.0,37.098
1064.0,38.767
1063.0,41.739
1067.0,45.549
1060.0,48.361
1065.0,48.001
1064.0,47.148
1059.0,47.644
1063.0,48.982
1066.0,50.168
1073.0,51.569
1072.0,54.421
1064.0,56.824
1064.0,57.831
1066.0,55.816
1072.0,48.635
1074.0,5.097
1042.0,10.144
1040.0,15.424
1060.0,18.768
1054.0,20.154
1055.0,20.55
1058.0,20.273
1071.0,20.298
1066.0,20.306
1074.0,19.78
1073.0,18.754
1068.0,18.124
1097.0,19.1
1599.0,19.8
1957.0,19.446
1153.0,18.612
1067.0,18.067
1063.0,18.482
1060.0,40.025
1070.0,43.899
1069.0,48.541
1068.0,52.417
1068.0,53.035
1068.0,52.431
1063.0,52.992
1070.0,54.483
1067.0,56.162
1071.0,58.208
1073.0,61.535
1064.0,63.71
1059.0,64.614
1058.0,62.917
1062.0,54.464
1060.0,4.333
1058.0,9.12
1064.0,14.688
1071.0,18.347
1072.0,19.976
1070.0,20.576
1068.0,20.916
1067.0,20.844
1069.0,20.801
1071.0,20.19
1072.0,19.114
1068.0,18.53
1071.0,19.199
1069.0,20.458
1063.0,20.255
1064.0,19.528
1065.0,54.793
1064.0,56.276
1066.0,56.517
1066.0,57.592
1065.0,59.945
1074.0,62.355
1078.0,64.982
1070.0,67.425
1064.0,68.649
1062.0,69.75
1077.0,68.649
1068.0,59.233
1051.0,3.801
1038.0,8.184
1040.0,13.551
1047.0,17.482
1043.0,19.456
1045.0,20.289
1044.0,20.844
1042.0,21.304
1054.0,21.369
1057.0,20.573
1057.0,19.49
1044.0,18.639
1058.0,19.432
1077.0,20.485
1421.0,54.795
1366.0,58.168
1053.0,61.88
1060.0,65.622
1057.0,67.632
1064.0,68.507
1068.0,68.371
1067.0,69.393
1069.0,68.321
1065.0,58.069
1067.0,3.561
1063.0,7.692
1066.0,13.137
1069.0,16.802
1070.0,18.661
1060.0,19.724
1062.0,20.7
1062.0,21.337
1068.0,21.558
1066.0,20.607
1059.0,19.379
1061.0,18.416
1067.0,60.526
1074.0,62.632
1070.0,62.314
1061.0,61.709
1067.0,62.463
1069.0,60.822
1073.0,50.772
1065.0,3.309
1061.0,7.315
1072.0,12.595
1075.0,16.211
1066.0,18.23
1068.0,19.327
1064.0,20.226
1056.0,21.046
1059.0,21.061
1067.0,20.195
1066.0,51.279
1065.0,49.674
1070.0,40.702
1067.0,2.584
1062.0,5.393
1058.0,9.905
1066.0,14.092
1094.0,17.367
1180.0,18.975
1051.0,30.36
1034.0,1.931
1040.0,2.908
1048.0,5.973
1054.0,10.84
1047.0,15.279
1045.0,27.213
1049.0,18.402
1056.0,34.182
1062.0,34.965
1049.0,30.556
1054.0,21.186
1058.0,35.195
1118.0,38.688
1288.0,38.076
1096.0,33.071
1073.0,23.218
1059.0,3.389
1065.0,6.226
1057.0,10.27
1051.0,13.422
1063.0,32.739
1071.0,37.131
1068.0,38.864
1062.0,37.103
1068.0,31.337
1062.0,22.167
1050.0,4.817
1049.0,7.686
1047.0,11.766
1048.0,14.353
1044.0,15.759
1046.0,16.195
1048.0,16.271
1055.0,16.447
1044.0,16.524
1046.0,30.069
1047.0,32.013
1045.0,35.788
1057.0,36.716
1070.0,34.058
1064.0,27.897
1051.0,20.094
1047.0,6.006
1064.0,9.095
1062.0,13.0
1064.0,15.433
1067.0,16.437
1065.0,16.761
1066.0,17.107
1073.0,17.241
1064.0,17.424
1064.0,17.715
1073.0,31.272
1074.0,29.028
1075.0,29.748
1069.0,32.793
1060.0,33.564
1063.0,30.568
1187.0,25.079
1254.0,18.654
1044.0,6.856
1048.0,10.272
1028.0,14.057
1049.0,16.19
1051.0,17.161
1049.0,17.473
1039.0,17.762
1043.0,17.826
1047.0,18.244
1039.0,18.648
1041.0,18.96
1045.0,19.069
1050.0,26.864
1073.0,29.978
1270.0,30.185
1269.0,27.905
1064.0,26.703
1062.0,27.972
1067.0,28.813
1040.0,26.681
1049.0,21.567
1052.0,16.55
1061.0,7.976
1062.0,11.095
1055.0,14.484
1059.0,16.341
1061.0,16.908
1061.0,17.307
1052.0,17.42
1052.0,17.709
1045.0,18.103
1041.0,18.689
1041.0,19.038
1052.0,19.055
1056.0,19.021
1054.0,18.601
1050.0,21.771
1052.0,24.643
1054.0,27.835
1055.0,28.61
1061.0,26.146
1061.0,23.538
1058.0,23.039
1053.0,23.848
1063.0,22.934
1067.0,19.177
1062.0,15.403
1065.0,8.917
1059.0,11.457
1060.0,14.138
1078.0,15.429
1074.0,15.825
1070.0,16.048
1059.0,16.332
1063.0,16.722
1080.0,17.49
1070.0,18.369
1064.0,18.94
1060.0,18.936
1223.0,18.494
1153.0,17.247
1050.0,15.191
1042.0,12.449
1029.0,19.348
1041.0,18.77
1047.0,20.417
1047.0,22.709
1032.0,25.295
1045.0,26.339
1055.0,23.768
1048.0,20.699
1057.0,19.383
1049.0,19.427
1051.0,18.933
1079.0,17.251
1451.0,15.164
1709.0,9.191
1054.0,10.569
1051.0,11.737
1054.0,12.198
1053.0,12.236
1041.0,12.546
1027.0,13.092
1033.0,13.887
1039.0,15.579
1036.0,17.408
1044.0,18.572
1053.0,18.243
1052.0,16.891
1041.0,14.759
1047.0,12.358
1048.0,10.236
1045.0,8.702
1044.0,8.279
1031.0,9.13
1036.0,17.152
1023.0,18.958
1035.0,19.884
1060.0,19.508
1062.0,18.255
1064.0,17.942
1061.0,19.5
1059.0,21.164
1064.0,23.172
1054.0,23.265
1062.0,20.398
1067.0,17.603
1070.0,16.61
1063.0,17.009
1075.0,16.972
1105.0,16.504
1196.0,15.837
1142.0,8.84
1090.0,9.302
1091.0,9.251
1201.0,9.045
1330.0,8.903
1584.0,9.021
1542.0,9.829
1285.0,11.057
1195.0,12.851
1050.0,15.191
1040.0,16.524
1035.0,16.226
1026.0,14.017
1036.0,11.711
1053.0,10.081
1034.0,9.205
1033.0,8.524
1043.0,8.505
1037.0,8.979
1052.0,10.707
1037.0,12.974
1052.0,13.32
1049.0,11.928
1078.0,13.045
1588.0,12.972
1902.0,13.125
1133.0,14.915
1025.0,17.483
1049.0,18.162
1052.0,17.595
1048.0,16.889
1046.0,17.08
1025.0,18.502
1036.0,20.119
1039.0,21.447
1033.0,21.185
1018.0,17.931
1031.0,15.382
1049.0,14.981
1047.0,16.02
1054.0,16.57
1055.0,16.818
1056.0,16.764
1049.0,8.902
1045.0,9.001
1044.0,8.754
1056.0,8.308
1053.0,8.093
1046.0,8.377
1051.0,9.177
1056.0,9.978
1066.0,11.132
1063.0,12.416
1059.0,13.632
1068.0,13.316
1076.0,11.447
1070.0,9.731
1068.0,8.925
1086.0,8.764
1161.0,8.724
1222.0,8.7
1065.0,8.607
1087.0,9.664
1434.0,10.881
1317.0,11.443
1520.0,11.453
1891.0,11.533
1389.0,12.248
1668.0,13.237
1229.0,13.109
1087.0,11.943
1029.0,10.36
1029.0,9.332
1035.0,9.647
1026.0,10.827
1031.0,10.31
1044.0,8.627
1022.0,8.457
1010.0,9.703
1034.0,10.465
1042.0,10.229
1039.0,10.192
1033.0,11.212
1038.0,12.484
1075.0,12.518
1508.0,12.478
1867.0,14.042
1166.0,16.067
1031.0,16.296
1041.0,15.683
1041.0,15.432
1042.0,16.001
1050.0,17.379
1038.0,18.543
1023.0,19.732
1030.0,19.672
1033.0,16.924
1037.0,14.788
1031.0,14.684
1003.0,15.853
998.0,16.661
1023.0,17.122
1034.0,17.706
1034.0,8.851
1042.0,9.032
1047.0,8.693
1052.0,8.351
1064.0,8.193
1062.0,8.34
1066.0,9.148
1057.0,9.911
1066.0,10.561
1071.0,11.54
1060.0,12.559
1048.0,12.373
1061.0,10.669
1069.0,9.111
1077.0,8.603
1091.0,8.694
1134.0,8.835
1340.0,8.761
1272.0,8.771
1070.0,9.306
1527.0,10.467
1888.0,11.241
1598.0,11.262
1943.0,11.428
1762.0,11.867
1607.0,12.71
2071.0,12.442
1481.0,11.261
1337.0,9.375
1039.0,8.119
1040.0,8.065
1031.0,8.789
1033.0,8.538
1038.0,7.59
1036.0,7.615
1033.0,8.772
1036.0,9.626
1037.0,9.454
1038.0,9.471
1043.0,10.303
1030.0,11.729
1034.0,12.075
1075.0,12.171
1549.0,13.399
1831.0,14.926
1405.0,15.279
1007.0,14.928
961.0,14.852
1024.0,15.121
1033.0,15.36
1052.0,15.889
1052.0,17.168
1050.0,17.734
1060.0,16.089
1061.0,14.57
1045.0,14.856
1021.0,16.091
1036.0,16.692
1053.0,17.418
1051.0,18.632
1051.0,8.804
1056.0,9.149
1069.0,8.945
1063.0,8.543
1055.0,8.25
1055.0,8.574
1057.0,9.176
1056.0,10.034
1058.0,10.727
1074.0,11.662
1080.0,12.736
1063.0,12.755
1063.0,10.765
1081.0,9.185
1096.0,8.813
1112.0,8.987
1430.0,9.25
1811.0,9.218
1653.0,9.051
1218.0,9.547
1214.0,10.711
1705.0,11.349
1404.0,11.348
1622.0,11.336
1934.0,11.589
1702.0,12.13
2104.0,11.866
2253.0,10.667
2235.0,8.995
1909.0,7.518
1059.0,7.388
1031.0,7.997
1018.0,7.977
1031.0,7.301
1033.0,7.431
1033.0,8.532
1029.0,9.157
1021.0,8.824
1033.0,8.646
1030.0,9.138
1040.0,10.176
1047.0,10.649
1048.0,11.46
1314.0,12.867
1800.0,14.544
1748.0,14.899
1528.0,14.789
1015.0,14.835
965.0,14.489
957.0,13.895
1031.0,13.62
1057.0,14.628
1055.0,15.514
1054.0,15.043
1054.0,14.533
1176.0,15.175
1511.0,16.227
1403.0,16.639
1135.0,17.731
1033.0,19.807
1035.0,8.351
1066.0,9.003
1239.0,8.899
1281.0,8.502
1158.0,8.33
1042.0,8.464
1056.0,9.179
1058.0,9.914
1074.0,10.706
1088.0,11.73
1443.0,13.295
1405.0,13.32
1038.0,11.252
1088.0,9.566
1654.0,9.37
1614.0,9.998
1462.0,10.355
1463.0,10.202
1202.0,9.524
1087.0,9.72
1122.0,10.681
1357.0,11.301
1208.0,11.375
1087.0,11.264
1060.0,11.301
1061.0,11.51
1042.0,11.097
1077.0,9.877
1064.0,8.259
1077.0,6.951
1228.0,6.945
1042.0,7.766
1035.0,7.851
1031.0,7.347
1030.0,7.436
1027.0,8.197
1031.0,8.482
1035.0,8.22
1034.0,7.908
1028.0,8.14
1026.0,8.894
1037.0,9.584
1035.0,10.799
1051.0,12.565
1654.0,14.383
2036.0,14.965
2146.0,14.846
1441.0,14.814
1023.0,14.477
981.0,13.493
947.0,12.889
974.0,13.48
1025.0,14.609
1055.0,14.704
1074.0,14.501
1273.0,15.689
1309.0,16.497
1339.0,16.726
1337.0,18.128
1093.0,20.764
1037.0,7.337
1025.0,8.121
1059.0,8.232
1212.0,7.999
1258.0,7.89
1297.0,7.982
1050.0,8.675
1022.0,9.421
1095.0,10.282
1226.0,11.564
1040.0,13.376
1129.0,13.54
1164.0,11.422
1007.0,10.056
1407.0,10.34
1751.0,11.413
1382.0,12.23
1082.0,11.557
1033.0,10.165
1031.0,9.929
1042.0,10.761
1040.0,11.336
1027.0,11.441
1044.0,11.124
1057.0,10.923
1040.0,10.911
1026.0,10.354
1029.0,9.156
1021.0,7.559
1053.0,6.499
1080.0,6.538
1140.0,7.474
1044.0,7.971
1039.0,7.743
1027.0,7.694
1037.0,7.918
1040.0,8.122
1037.0,7.791
1021.0,7.555
1018.0,7.66
1032.0,8.462
1037.0,9.281
1038.0,10.706
1017.0,12.555
1019.0,14.389
1289.0,14.965
1966.0,15.051
1873.0,15.117
1657.0,14.862
1026.0,13.973
991.0,13.295
1000.0,13.61
979.0,14.799
1033.0,14.825
1279.0,14.986
1279.0,16.086
1239.0,16.89
1457.0,16.697
1094.0,18.096
971.0,20.957
961.0,6.437
963.0,7.162
967.0,7.011
1080.0,6.672
1275.0,6.754
1370.0,7.3
1108.0,8.258
979.0,9.267
969.0,10.116
1316.0,11.516
1188.0,13.332
1078.0,13.391
1424.0,11.47
1090.0,10.069
1038.0,10.545
1089.0,11.985
1081.0,12.966
1041.0,12.095
1028.0,10.414
1029.0,9.816
1043.0,10.731
1048.0,11.332
1050.0,11.426
1046.0,11.19
1036.0,10.642
1048.0,10.462
1058.0,9.773
1050.0,8.62
1036.0,7.108
1040.0,6.173
1067.0,6.427
1096.0,7.72
1216.0,8.552
1475.0,8.565
1038.0,8.17
1041.0,7.971
1038.0,7.955
1036.0,7.802
1043.0,7.644
1047.0,7.796
1046.0,8.438
1040.0,9.217
1039.0,10.484
1047.0,12.444
1047.0,14.205
1026.0,14.965
1025.0,15.121
1241.0,15.385
1875.0,15.174
1935.0,14.527
1569.0,13.85
1043.0,14.209
983.0,15.139
989.0,15.161
979.0,15.177
1022.0,16.188
1030.0,16.635
1197.0,16.338
1501.0,17.605
1384.0,20.505
1431.0,5.679
1143.0,5.801
1059.0,5.362
1027.0,4.953
997.0,5.325
1078.0,6.389
1228.0,8.151
1247.0,9.568
1058.0,10.511
1016.0,11.729
1052.0,13.219
1066.0,13.082
1406.0,11.009
1423.0,9.766
1358.0,10.405
1202.0,11.919
1001.0,13.002
1313.0,12.194
1450.0,10.269
1130.0,9.821
1036.0,10.689
1039.0,11.478
1045.0,11.722
1043.0,11.422
1055.0,10.831
1058.0,10.475
1044.0,9.845
1048.0,8.763
1053.0,7.407
1048.0,6.47
1036.0,6.978
1046.0,8.718
1068.0,9.916
1091.0,9.794
1200.0,9.136
1485.0,8.46
1021.0,8.19
1041.0,8.326
1048.0,8.301
1032.0,8.215
1038.0,8.571
1034.0,9.346
1037.0,10.528
1038.0,12.248
1037.0,13.854
1038.0,14.718
1035.0,15.202
1027.0,15.702
1026.0,15.604
1034.0,15.102
1035.0,14.557
1013.0,15.024
1024.0,15.741
1262.0,15.631
1861.0,15.502
1573.0,16.607
1868.0,16.546
1111.0,15.925
976.0,17.182
941.0,19.773
1011.0,4.728
1044.0,4.927
1067.0,4.515
1060.0,4.162
1063.0,4.545
1202.0,5.84
1357.0,7.9
1293.0,9.74
1125.0,10.916
997.0,11.865
1027.0,12.739
1046.0,11.883
1050.0,9.654
1045.0,8.541
1012.0,9.708
1013.0,11.617
1054.0,12.859
1061.0,12.258
1066.0,10.289
1096.0,9.834
1109.0,10.86
1040.0,12.151
1029.0,12.672
1325.0,12.377
1882.0,11.592
1624.0,11.461
1249.0,11.22
1080.0,10.472
1057.0,9.054
1034.0,7.876
1050.0,8.363
1057.0,10.396
1043.0,11.86
1037.0,12.014
1049.0,10.967
1039.0,9.543
1030.0,8.746
1018.0,8.654
1063.0,8.582
1103.0,8.426
1271.0,8.742
1365.0,9.504
1066.0,10.734
1061.0,12.093
1034.0,13.364
1040.0,14.416
1060.0,15.214
1043.0,15.98
1035.0,16.018
1038.0,15.557
1028.0,15.368
1031.0,15.958
1038.0,16.785
1044.0,16.621
1041.0,16.414
1028.0,17.02
1037.0,16.745
1030.0,15.712
1029.0,16.887
1033.0,19.627
1037.0,3.998
1147.0,4.74
1824.0,4.894
1456.0,4.674
1756.0,4.87
1118.0,5.68
978.0,7.336
980.0,9.172
1048.0,10.32
1055.0,10.963
1060.0,11.147
1062.0,10.016
1054.0,7.581
1064.0,6.673
1219.0,8.064
1403.0,10.191
1092.0,11.837
1021.0,11.462
1037.0,10.074
1049.0,9.798
1047.0,11.105
1049.0,12.683
1046.0,13.747
1048.0,13.853
1058.0,13.599
1050.0,13.732
1062.0,13.545
1067.0,13.089
1071.0,11.606
1064.0,10.374
1060.0,10.576
1065.0,12.246
1181.0,13.663
1618.0,14.049
1479.0,12.694
1848.0,10.514
1450.0,9.374
1099.0,9.069
1409.0,8.849
1470.0,8.536
1114.0,8.844
1049.0,9.817
1038.0,10.977
1029.0,12.122
1018.0,13.248
1027.0,14.165
1051.0,15.228
1140.0,16.259
1338.0,16.468
1014.0,16.338
1021.0,16.249
1030.0,17.175
1025.0,18.197
1065.0,17.985
1040.0,17.39
1035.0,17.966
1026.0,17.28
1028.0,15.946
1037.0,17.248
1030.0,20.251
1029.0,4.124
1029.0,5.278
1034.0,5.795
1037.0,5.786
1043.0,5.645
1042.0,6.026
1067.0,7.121
1694.0,8.491
1644.0,9.144
1687.0,9.16
1159.0,8.839
1007.0,7.617
1015.0,5.697
1056.0,5.0
1051.0,6.01
1056.0,8.021
1052.0,9.856
1032.0,10.292
1024.0,9.631
1028.0,9.872
1017.0,11.333
1014.0,13.061
1020.0,14.221
1046.0,15.031
1048.0,15.551
1056.0,16.053
1049.0,16.169
1047.0,15.941
1052.0,15.039
1058.0,13.866
1062.0,13.451
1064.0,14.109
1064.0,14.855
1060.0,15.081
1058.0,13.673
1065.0,11.376
1072.0,10.063
1080.0,9.472
1085.0,9.076
1117.0,8.669
1615.0,9.058
1765.0,9.871
1550.0,11.202
1304.0,12.118
1900.0,13.056
1577.0,14.192
1802.0,15.611
1431.0,16.844
1168.0,17.212
1227.0,17.255
1084.0,17.358
1081.0,18.243
1341.0,19.235
1608.0,18.972
1044.0,18.524
1038.0,18.605
1014.0,18.119
1019.0,17.092
1025.0,18.797
1026.0,21.923
1028.0,4.321
1021.0,5.658
1028.0,6.468
1033.0,6.643
1038.0,6.505
1045.0,6.67
1048.0,7.248
1053.0,8.007
1610.0,8.2
1750.0,7.873
1714.0,7.457
1275.0,6.541
996.0,5.158
1041.0,4.571
1058.0,5.413
1058.0,7.125
1054.0,9.169
1037.0,10.185
1021.0,10.087
1047.0,10.494
1054.0,11.734
1050.0,13.343
1027.0,14.573
1029.0,15.726
1000.0,16.608
1025.0,17.647
1031.0,18.528
1005.0,19.144
1038.0,19.113
1049.0,18.248
1048.0,17.157
1054.0,16.236
1060.0,15.969
1062.0,15.938
1070.0,14.314
1063.0,12.178
1063.0,10.847
1058.0,10.208
1073.0,9.87
1084.0,9.236
1082.0,9.39
1281.0,10.203
1780.0,11.252
1725.0,12.316
1444.0,13.698
1931.0,15.112
1641.0,16.622
1619.0,18.188
2144.0,18.847
1747.0,18.76
2035.0,18.758
2388.0,19.63
2399.0,20.44
2271.0,20.097
1669.0,19.538
1036.0,19.781
1039.0,19.599
1036.0,18.982
1038.0,21.359
1031.0,24.535
1034.0,4.568
1035.0,5.977
1043.0,6.996
1045.0,7.25
1043.0,7.196
1046.0,7.119
1050.0,7.444
1057.0,7.739
1057.0,7.632
1107.0,7.255
1617.0,6.966
1828.0,6.278
1463.0,5.448
1025.0,5.125
1049.0,5.879
1049.0,7.568
1052.0,9.782
1047.0,10.923
1017.0,11.069
996.0,11.475
1003.0,12.495
1011.0,13.757
1001.0,14.92
999.0,16.316
1026.0,17.602
1046.0,18.939
1061.0,20.433
1055.0,22.174
1043.0,23.326
1028.0,23.024
1026.0,21.044
1019.0,18.309
1023.0,17.169
1048.0,16.662
1049.0,15.084
1066.0,12.951
1064.0,11.738
1064.0,11.618
1064.0,11.804
1068.0,11.292
1084.0,10.81
1095.0,10.944
1368.0,11.78
1581.0,13.151
1385.0,15.037
1564.0,16.926
1814.0,19.029
1568.0,21.026
1440.0,22.004
1907.0,21.574
1706.0,20.814
1734.0,21.283
2224.0,22.092
1930.0,21.469
1799.0,20.655
1545.0,21.157
1041.0,21.5
1036.0,21.78
1037.0,24.437
1040.0,27.311
1037.0,4.691
1042.0,6.264
1036.0,7.305
1026.0,7.727
1037.0,7.655
1040.0,7.376
1049.0,7.297
1048.0,7.318
1060.0,7.023
1055.0,6.722
1075.0,6.491
1160.0,6.037
1884.0,5.508
1406.0,5.576
1062.0,6.457
1053.0,8.085
1047.0,10.403
1047.0,11.828
1012.0,12.309
1011.0,12.719
1046.0,13.356
1049.0,14.251
1054.0,15.392
1042.0,17.051
1021.0,18.763
1033.0,20.792
1043.0,23.059
1047.0,25.701
1026.0,27.237
1021.0,27.147
1029.0,24.35
1020.0,20.304
1039.0,18.454
1057.0,17.714
1053.0,16.133
1050.0,13.859
1055.0,12.885
1064.0,13.465
1060.0,14.671
1052.0,14.429
1057.0,13.23
1063.0,12.68
1085.0,13.165
1128.0,14.436
1348.0,16.501
1449.0,18.846
1330.0,21.321
1145.0,23.84
1378.0,25.061
1287.0,24.805
1436.0,24.008
1816.0,24.229
1383.0,24.487
1651.0,23.438
1478.0,22.393
1231.0,22.62
1160.0,23.038
1046.0,23.413
1053.0,26.189
1038.0,28.881
1048.0,4.787
1055.0,6.184
1045.0,7.407
1050.0,7.91
1038.0,7.828
1046.0,7.434
1060.0,7.184
1052.0,7.056
1052.0,7.265
1053.0,7.362
1065.0,7.411
1071.0,7.276
1099.0,6.91
1546.0,6.92
1294.0,7.555
1066.0,9.075
1060.0,11.101
1048.0,12.947
1058.0,13.825
1063.0,14.178
1048.0,14.33
1053.0,15.066
1057.0,16.238
1056.0,18.227
1061.0,20.52
1052.0,23.737
1053.0,26.853
1056.0,29.818
1048.0,31.45
1034.0,30.668
1024.0,27.058
1020.0,22.118
1025.0,19.905
1037.0,19.717
1053.0,18.123
1051.0,16.018
1056.0,15.353
1066.0,16.603
1063.0,17.707
1060.0,17.838
1059.0,17.069
1063.0,16.886
1071.0,17.527
1069.0,18.173
1057.0,19.361
1049.0,21.147
1056.0,23.881
1070.0,26.935
1063.0,28.96
1062.0,28.714
1217.0,28.062
1438.0,28.002
1559.0,27.957
1496.0,26.825
1570.0,25.299
1525.0,24.77
1141.0,24.756
1069.0,24.976
1033.0,27.517
1036.0,29.332
1049.0,4.812
1040.0,6.191
1041.0,7.803
1053.0,8.812
1047.0,9.253
1056.0,9.127
1062.0,8.879
1060.0,8.836
1050.0,9.315
1045.0,10.131
1056.0,11.004
1060.0,11.354
1070.0,11.117
1150.0,10.569
1689.0,10.508
1202.0,10.98
1054.0,12.555
1046.0,14.356
1055.0,15.771
1057.0,16.083
1054.0,15.755
1052.0,15.814
1052.0,16.904
1056.0,18.985
1045.0,22.275
1051.0,27.172
1056.0,31.865
1056.0,34.994
1062.0,36.009
1065.0,33.951
1065.0,29.186
1061.0,23.586
1055.0,21.854
1056.0,22.654
1066.0,21.507
1070.0,19.58
1066.0,20.145
1060.0,21.71
1071.0,22.079
1067.0,22.098
1055.0,22.696
1055.0,23.858
1059.0,24.883
1075.0,24.761
1063.0,24.346
1062.0,24.632
1054.0,27.038
1058.0,31.353
1064.0,34.3
1063.0,33.746
1055.0,32.19
1061.0,31.78
1064.0,32.691
1065.0,32.816
1045.0,30.986
1088.0,29.175
1413.0,28.345
1171.0,28.296
1088.0,29.667
1047.0,29.992
1049.0,4.655
1037.0,6.652
1053.0,8.974
1045.0,11.944
1039.0,13.894
1039.0,14.435
1058.0,14.217
1062.0,13.819
1073.0,14.054
1057.0,14.825
1052.0,15.269
1056.0,15.178
1057.0,15.103
1095.0,14.633
1589.0,13.246
2062.0,12.638
1438.0,13.852
1065.0,15.695
1055.0,17.077
1054.0,17.288
1058.0,16.913
1059.0,16.455
1052.0,16.47
1058.0,17.844
1058.0,21.332
1065.0,27.356
1071.0,32.59
1059.0,35.936
1062.0,37.151
1061.0,35.64
1074.0,30.447
1068.0,24.081
1062.0,22.22
1055.0,23.302
1064.0,22.504
1071.0,20.878
1077.0,21.738
1072.0,23.652
1069.0,24.547
1068.0,25.133
1069.0,26.532
1068.0,28.362
1066.0,29.498
1071.0,28.872
1076.0,27.687
1064.0,27.324
1057.0,29.548
1053.0,34.457
1058.0,37.716
1067.0,37.191
1069.0,35.403
1064.0,35.407
1070.0,36.917
1071.0,37.559
1067.0,36.358
1057.0,35.29
1024.0,35.089
1129.0,34.608
1266.0,33.712
1115.0,31.438
1043.0,5.057
1046.0,8.237
1050.0,12.068
1049.0,15.86
1050.0,18.214
1045.0,18.738
1049.0,18.605
1051.0,18.264
1054.0,18.204
1065.0,18.031
1061.0,17.73
1068.0,17.169
1077.0,17.38
1092.0,17.098
1619.0,15.201
2211.0,13.893
2052.0,14.498
1195.0,16.081
1056.0,17.347
1055.0,18.075
1050.0,18.144
1059.0,17.686
1063.0,28.94
1064.0,30.395
1064.0,31.23
1063.0,31.253
1061.0,30.804
1068.0,31.072
1062.0,33.247
1061.0,37.222
1060.0,40.095
1070.0,39.409
1065.0,38.466
1062.0,39.314
1058.0,40.938
1068.0,41.493
1061.0,40.705
1050.0,40.694
1061.0,40.947
1060.0,40.25
1069.0,37.949
1072.0,33.264
1072.0,5.308
1063.0,9.877
1066.0,14.934
1070.0,18.304
1068.0,19.905
1062.0,20.162
1066.0,19.963
1073.0,19.949
1067.0,19.77
1059.0,19.444
1059.0,18.508
1076.0,17.908
1077.0,18.271
1071.0,18.503
1061.0,16.843
1051.0,15.501
1052.0,15.712
1159.0,16.761
1280.0,18.024
1044.0,35.038
1044.0,37.046
1044.0,40.129
1046.0,42.207
1050.0,41.629
1049.0,41.477
1058.0,43.141
1060.0,44.813
1070.0,45.108
1066.0,44.818
1070.0,45.028
1087.0,45.714
1267.0,45.178
2008.0,41.987
2048.0,35.96
1282.0,5.018
1083.0,9.776
1038.0,15.504
1045.0,18.999
1061.0,20.304
1060.0,20.58
1058.0,20.622
1067.0,20.599
1070.0,20.561
1054.0,20.094
1050.0,18.979
1057.0,18.305
1063.0,18.829
1065.0,19.73
1060.0,19.15
1058.0,18.26
1066.0,43.356
1065.0,43.873
1055.0,44.249
1052.0,46.124
1062.0,47.717
1065.0,48.884
1053.0,49.491
1034.0,51.241
1032.0,52.49
1028.0,51.706
1019.0,48.115
1048.0,40.764
1061.0,4.158
1067.0,8.706
1071.0,14.556
1064.0,18.533
1060.0,20.185
1066.0,20.669
1073.0,20.74
1065.0,20.867
1061.0,20.789
1055.0,20.38
1069.0,19.25
1075.0,18.414
1069.0,19.092
1061.0,20.171
1056.0,44.993
1059.0,47.385
1043.0,50.015
1067.0,52.444
1051.0,54.575
1046.0,57.573
1047.0,58.847
1054.0,58.526
1068.0,55.857
1061.0,47.483
1069.0,3.498
1075.0,7.915
1088.0,13.78
1101.0,17.77
1363.0,19.727
2125.0,20.636
2383.0,20.968
2318.0,21.207
1467.0,21.19
1102.0,20.632
1064.0,19.656
1058.0,18.648
1067.0,50.705
1062.0,54.459
1040.0,57.593
1021.0,60.395
1020.0,60.647
1012.0,60.351
1011.0,57.602
1019.0,48.822
1030.0,3.229
1017.0,7.455
1003.0,13.211
1043.0,17.189
1061.0,18.998
1048.0,20.08
1024.0,20.649
1022.0,21.032
996.0,20.984
1002.0,20.598
1036.0,54.926
1029.0,56.447
1012.0,56.338
1000.0,55.997
997.0,53.206
986.0,43.911
993.0,3.058
1001.0,7.078
990.0,12.848
994.0,16.754
998.0,18.565
976.0,19.433
994.0,19.843
999.0,20.328
957.0,49.274
937.0,46.824
934.0,37.783
964.0,2.629
974.0,5.877
976.0,10.912
930.0,15.086
920.0,17.71
951.0,19.158
1018.0,40.216
1048.0,31.962
1070.0,1.728
1064.0,3.338
1071.0,6.492
1071.0,15.087
1058.0,24.341
1068.0,16.112
1089.0,28.444
1181.0,23.664
1861.0,15.707
2353.0,30.491
2205.0,31.196
2150.0,28.879
2359.0,23.086
1804.0,15.293
1133.0,3.327
1078.0,6.176
1068.0,27.367
1042.0,29.68
1035.0,29.778
1031.0,26.782
1022.0,20.843
1053.0,13.788
1071.0,4.557
1059.0,7.501
958.0,11.608
971.0,14.515
1059.0,15.846
1043.0,16.22
935.0,25.543
486.0,27.228
485.0,27.026
417.0,23.915
157.0,18.68
94.0,12.708
70.0,5.924
59.0,8.897
91.0,12.923
81.0,15.663
139.0,16.631
136.0,17.152
198.0,17.276
143.0,17.318
265.0,17.571
493.0,24.898
649.0,24.026
857.0,24.674
946.0,24.482
998.0,21.785
1026.0,16.715
1045.0,12.034
1020.0,7.119
841.0,10.21
574.0,14.087
425.0,16.24
219.0,17.269
206.0,17.51
375.0,17.629
749.0,17.809
1031.0,18.207
978.0,18.472
1007.0,26.471
1076.0,24.234
1089.0,22.076
1080.0,21.784
1087.0,21.839
1177.0,19.968
1768.0,15.758
2069.0,11.99
1991.0,8.377
2295.0,11.143
2295.0,14.438
1792.0,16.234
1544.0,16.884
1709.0,17.246
1143.0,17.525
1099.0,17.744
1052.0,18.088
1029.0,18.635
1026.0,18.937
1043.0,19.077
963.0,22.783
653.0,24.773
377.0,25.338
467.0,23.119
514.0,20.038
237.0,18.785
65.0,18.832
31.0,17.686
30.0,14.634
16.0,12.078
10.0,9.102
9.0,11.22
24.0,13.463
19.0,14.631
17.0,15.073
18.0,15.307
27.0,15.594
38.0,16.066
31.0,17.078
12.0,17.881
30.0,18.677
86.0,18.649
189.0,18.063
303.0,16.775
215.0,20.201
61.0,21.836
26.0,23.588
28.0,23.637
32.0,21.326
16.0,17.978
2.0,16.273
14.0,15.452
2.0,14.391
3.0,12.934
5.0,12.12
6.0,8.873
5.0,9.772
39.0,10.307
299.0,10.482
889.0,10.541
1431.0,10.736
1348.0,11.2
1674.0,12.45
2219.0,14.122
2236.0,16.243
1961.0,17.436
2388.0,17.129
2436.0,15.858
2445.0,13.704
1987.0,11.516
1251.0,9.361
1077.0,17.707
1083.0,17.698
1072.0,19.622
1078.0,21.332
1034.0,22.537
689.0,21.637
296.0,18.345
106.0,15.231
30.0,14.081
96.0,13.732
302.0,13.133
167.0,12.474
37.0,12.369
17.0,8.74
28.0,8.826
21.0,8.615
21.0,8.316
11.0,8.146
9.0,8.291
16.0,8.941
22.0,10.135
5.0,11.521
28.0,13.175
446.0,14.305
539.0,14.072
261.0,12.427
55.0,10.565
6.0,9.296
10.0,8.345
16.0,7.883
2261.0,7.598
2314.0,13.968
2353.0,16.496
2346.0,16.96
2426.0,16.399
2172.0,16.059
1435.0,16.953
1179.0,18.897
1104.0,20.476
1091.0,21.263
1081.0,20.174
1061.0,16.562
1052.0,13.794
1044.0,13.063
1039.0,13.266
753.0,13.148
187.0,12.82
1.0,13.157
128.0,8.692
2366.0,8.767
2233.0,8.48
2185.0,8.049
1601.0,7.904
1204.0,8.209
1115.0,8.699
1095.0,9.751
1064.0,10.557
1066.0,11.398
1064.0,12.198
1056.0,11.976
1015.0,10.551
823.0,9.16
456.0,8.493
71.0,8.387
1072.0,8.421
1051.0,8.191
1053.0,8.182
1067.0,8.718
1050.0,9.692
1046.0,10.362
1064.0,11.064
1051.0,11.394
831.0,12.986
209.0,15.089
15.0,15.37
5.0,14.914
281.0,14.943
54.0,15.749
23.0,17.245
46.0,18.472
34.0,19.817
13.0,19.176
23.0,16.128
977.0,13.495
950.0,13.016
975.0,13.444
997.0,13.382
981.0,13.46
609.0,14.287
106.0,8.582
29.0,8.754
35.0,8.439
1.0,8.096
55.0,8.024
3.0,8.196
1022.0,8.75
1033.0,9.805
1050.0,10.449
1064.0,10.985
1046.0,11.933
985.0,11.673
860.0,10.228
456.0,8.92
86.0,8.466
9.0,8.622
14.0,8.793
6.0,8.679
3.0,8.526
2.0,9.045
10.0,9.92
1155.0,10.54
1113.0,10.531
1101.0,10.245
1109.0,9.882
1088.0,5.049
1054.0,5.724
1046.0,6.301
1050.0,6.22
1052.0,6.359
1007.0,7.462
625.0,9.249
175.0,10.191
39.0,10.636
14.0,12.115
12.0,13.786
91.0,14.269
33.0,14.217
1.0,14.476
3.0,14.85
3.0,15.18
10.0,15.837
9.0,17.099
2.0,17.327
34.0,15.19
358.0,13.341
679.0,13.054
2442.0,13.567
2290.0,13.787
1980.0,14.355
1600.0,15.735
1212.0,8.552
1075.0,8.808
1067.0,8.591
1079.0,8.19
1093.0,8.005
1067.0,8.326
1022.0,8.877
1017.0,9.819
1070.0,10.659
1021.0,11.178
846.0,12.147
621.0,12.049
270.0,10.486
33.0,9.012
104.0,8.721
453.0,8.766
725.0,9.042
780.0,8.988
640.0,8.731
446.0,9.304
529.0,10.328
75.0,10.938
10.0,10.905
12.0,10.476
16.0,9.797
37.0,9.496
304.0,8.816
889.0,7.934
892.0,6.368
1003.0,5.324
2026.0,5.173
2024.0,5.747
2179.0,5.779
2165.0,5.067
2328.0,4.977
2114.0,5.687
1239.0,6.096
1081.0,5.9
1060.0,5.83
1052.0,6.423
1034.0,7.759
1030.0,8.858
1047.0,9.852
1023.0,11.473
974.0,13.159
962.0,13.83
1010.0,14.072
971.0,14.328
457.0,14.374
108.0,13.867
161.0,13.523
161.0,14.158
160.0,14.715
15.0,14.067
174.0,13.16
238.0,13.315
294.0,13.97
771.0,14.311
988.0,15.346
983.0,17.546
991.0,7.999
1034.0,8.515
1055.0,8.318
1044.0,7.925
1023.0,7.891
1026.0,8.076
1028.0,8.742
1039.0,9.643
1033.0,10.508
1021.0,11.365
1051.0,12.805
1068.0,12.86
1036.0,10.943
1609.0,9.378
2038.0,9.033
2163.0,9.34
2366.0,9.622
2342.0,9.382
2319.0,9.03
2380.0,9.469
2099.0,10.522
1207.0,11.089
1069.0,11.125
1090.0,10.557
1090.0,9.837
1068.0,9.145
1046.0,8.339
1017.0,7.25
985.0,5.924
998.0,4.841
1040.0,4.819
734.0,5.53
181.0,5.592
44.0,4.97
37.0,4.823
29.0,5.355
32.0,5.749
32.0,5.607
32.0,5.532
37.0,6.095
36.0,6.919
33.0,7.926
29.0,9.074
29.0,10.91
34.0,12.698
29.0,13.725
49.0,13.959
81.0,14.412
81.0,14.182
88.0,13.486
85.0,12.919
62.0,13.219
39.0,14.054
32.0,13.765
40.0,13.224
39.0,13.699
47.0,14.416
192.0,14.83
724.0,16.04
1016.0,18.775
1060.0,6.673
1067.0,7.233
1062.0,7.167
1051.0,6.846
1052.0,6.908
1059.0,7.252
1057.0,8.078
1059.0,9.133
1061.0,9.97
1055.0,11.211
1056.0,12.923
1058.0,13.185
1032.0,11.195
1077.0,9.71
1088.0,9.857
1088.0,10.669
1084.0,11.285
1106.0,10.793
1152.0,9.687
1470.0,9.518
1983.0,10.5
2295.0,11.232
2300.0,11.209
1535.0,10.569
1101.0,9.69
1065.0,8.944
1085.0,8.018
1078.0,6.912
1045.0,5.553
1033.0,4.663
1017.0,4.755
997.0,5.54
1052.0,5.774
1049.0,5.074
828.0,4.888
428.0,5.375
124.0,5.778
44.0,5.863
28.0,5.875
26.0,6.292
29.0,6.863
35.0,7.632
28.0,8.818
27.0,10.513
28.0,12.399
30.0,13.455
32.0,13.922
31.0,14.525
25.0,14.463
23.0,13.811
21.0,13.102
21.0,13.259
19.0,13.953
58.0,13.918
173.0,13.584
345.0,14.093
613.0,14.757
895.0,15.121
1046.0,16.578
1055.0,19.545
1046.0,5.411
1058.0,5.66
1062.0,5.341
1069.0,4.978
1066.0,5.26
1059.0,6.063
1063.0,7.348
1070.0,8.467
1069.0,9.558
1063.0,10.905
1061.0,12.763
1069.0,12.874
1073.0,11.067
1065.0,9.697
1064.0,10.283
1058.0,11.593
1058.0,12.594
1073.0,11.892
1069.0,10.038
1085.0,9.595
1084.0,10.568
1083.0,11.214
1078.0,11.344
1165.0,10.678
1886.0,9.822
2405.0,8.99
2008.0,8.119
1265.0,7.049
1081.0,5.631
1072.0,4.77
1070.0,5.272
1066.0,6.428
1034.0,6.681
1023.0,6.129
996.0,5.723
986.0,5.927
1017.0,6.264
1056.0,6.756
1069.0,6.82
1055.0,6.91
1047.0,7.117
1020.0,7.622
945.0,8.774
912.0,10.318
918.0,12.108
958.0,13.287
952.0,13.989
930.0,14.773
1007.0,14.789
1053.0,14.073
1060.0,13.346
1052.0,13.491
1048.0,14.218
1044.0,14.251
1032.0,13.966
1038.0,14.62
1040.0,15.002
1041.0,15.15
1050.0,16.633
1051.0,19.67
1063.0,4.446
1064.0,4.451
1063.0,4.067
1066.0,3.627
1069.0,3.874
1062.0,4.773
1063.0,6.231
1071.0,7.924
1073.0,9.165
1072.0,10.575
1066.0,11.921
1066.0,11.917
1071.0,9.876
1061.0,8.885
1050.0,9.666
1044.0,11.503
1035.0,12.724
1058.0,12.032
1054.0,10.064
1059.0,9.542
1066.0,10.652
1081.0,11.634
1073.0,11.845
1076.0,11.279
1068.0,10.32
1084.0,9.663
1258.0,8.943
1892.0,7.974
1978.0,6.664
1221.0,5.822
1069.0,6.525
1072.0,8.185
1069.0,9.065
1077.0,8.519
1076.0,7.621
1066.0,7.157
1061.0,7.153
1055.0,7.437
1038.0,7.559
1022.0,7.433
995.0,7.547
982.0,7.892
981.0,8.9
983.0,10.276
982.0,11.814
977.0,13.06
992.0,14.081
1010.0,14.947
1021.0,14.972
1032.0,14.331
1031.0,13.765
1047.0,13.997
1053.0,14.88
1053.0,14.95
1060.0,14.751
1067.0,15.54
1065.0,15.689
1064.0,15.321
1059.0,16.739
1065.0,19.656
1071.0,3.514
1067.0,3.744
1068.0,3.587
1065.0,3.237
1063.0,3.241
1068.0,3.977
1064.0,5.466
1060.0,7.345
1067.0,8.839
1069.0,9.982
1067.0,11.055
1058.0,10.469
1052.0,8.317
1065.0,7.387
1066.0,8.769
1052.0,10.846
1038.0,12.422
1046.0,12.044
1051.0,10.159
1053.0,9.621
1046.0,10.841
1044.0,12.408
1068.0,13.042
1062.0,12.639
1066.0,11.871
1058.0,11.671
1064.0,11.272
1075.0,10.527
1136.0,9.054
1783.0,7.721
1348.0,8.335
1061.0,10.266
1065.0,11.585
1061.0,11.511
1073.0,10.42
1065.0,8.853
1064.0,8.115
1065.0,8.041
1070.0,8.133
1071.0,7.841
1061.0,7.923
1066.0,8.386
1065.0,9.231
1065.0,10.42
1060.0,11.735
1056.0,12.898
1064.0,13.996
1063.0,15.07
1064.0,15.267
1058.0,14.735
1059.0,14.25
1062.0,14.607
1076.0,15.787
1071.0,15.971
1065.0,15.989
1067.0,16.675
1070.0,16.448
1069.0,15.659
1060.0,16.999
1065.0,19.735
1072.0,3.23
1074.0,3.812
1068.0,3.848
1067.0,3.557
1065.0,3.574
1065.0,4.275
1062.0,5.622
1057.0,7.145
1059.0,8.312
1069.0,8.948
1070.0,9.488
1070.0,8.807
1057.0,6.679
1056.0,5.652
1057.0,7.044
1065.0,9.426
1063.0,11.517
1046.0,11.607
1032.0,10.004
1034.0,9.794
1048.0,10.989
1053.0,12.837
1050.0,14.023
1050.0,14.334
1058.0,14.351
1064.0,14.424
1058.0,13.969
1050.0,12.902
1049.0,11.18
1059.0,9.81
1215.0,10.176
1465.0,11.892
1075.0,13.365
1067.0,13.568
1064.0,12.347
1069.0,10.248
1058.0,9.12
1057.0,8.584
1064.0,8.339
1067.0,8.032
1065.0,8.051
1063.0,8.659
1064.0,9.506
1066.0,10.343
1072.0,11.345
1066.0,12.505
1059.0,13.91
1056.0,15.325
1064.0,15.635
1068.0,15.326
1057.0,14.879
1058.0,15.481
1059.0,16.654
1068.0,16.918
1063.0,16.873
1058.0,17.551
1055.0,17.09
1066.0,16.201
1065.0,17.618
1066.0,20.607
1061.0,3.582
1069.0,4.442
1071.0,4.802
1064.0,4.663
1060.0,4.685
1061.0,5.141
1067.0,6.147
1061.0,7.345
1062.0,7.871
1059.0,7.873
1066.0,7.764
1069.0,6.943
1068.0,5.071
1061.0,4.117
1056.0,5.205
1052.0,7.321
1038.0,9.732
1018.0,10.522
1036.0,9.752
1041.0,9.955
1041.0,11.338
1052.0,13.126
1052.0,14.491
1041.0,15.391
1040.0,15.912
1036.0,16.204
1048.0,15.906
1044.0,14.762
1039.0,13.027
1055.0,11.839
1061.0,11.835
1092.0,13.112
1405.0,14.519
1286.0,14.702
1062.0,13.314
1063.0,11.276
1064.0,9.991
1054.0,9.241
1053.0,8.708
1058.0,8.253
1060.0,8.389
1059.0,8.936
1060.0,9.749
1060.0,10.57
1064.0,11.489
1069.0,12.77
1056.0,14.361
1055.0,15.936
1056.0,16.38
1058.0,16.027
1047.0,15.723
1042.0,16.439
1039.0,17.524
1031.0,17.685
1035.0,17.653
1035.0,18.532
1033.0,18.106
1028.0,17.302
1051.0,19.012
1057.0,22.122
1061.0,4.149
1056.0,5.31
1065.0,6.039
1068.0,5.999
1068.0,5.989
1063.0,6.102
1059.0,6.775
1064.0,7.695
1062.0,7.667
1065.0,7.246
1068.0,6.682
1064.0,5.756
1065.0,4.293
1055.0,3.64
1050.0,4.342
1048.0,6.204
1060.0,8.634
1068.0,9.814
1055.0,9.872
1046.0,10.34
1027.0,11.726
1025.0,13.341
1033.0,14.572
1048.0,15.683
1057.0,16.488
1048.0,17.119
1034.0,16.985
1041.0,16.196
1043.0,15.053
1039.0,13.938
1042.0,13.687
1053.0,14.352
1077.0,15.317
1351.0,15.477
1391.0,14.127
1055.0,11.949
1049.0,10.554
1051.0,10.017
1049.0,9.314
1052.0,8.8
1062.0,8.682
1059.0,9.289
1058.0,10.178
1057.0,11.24
1058.0,12.477
1057.0,13.829
1066.0,15.479
1058.0,17.467
1049.0,18.145
1049.0,17.583
1045.0,16.951
1047.0,17.483
1051.0,18.541
1047.0,18.728
1042.0,18.708
1036.0,19.545
1026.0,19.892
1039.0,19.402
1058.0,21.123
1068.0,24.005
1064.0,4.554
1063.0,5.941
1057.0,6.724
1069.0,7.038
1071.0,6.923
1073.0,6.848
1063.0,7.071
1062.0,7.475
1070.0,7.294
1064.0,6.79
1069.0,6.33
1062.0,5.555
1059.0,4.536
1067.0,4.226
1115.0,5.062
1297.0,6.921
1459.0,9.177
1412.0,10.467
1120.0,10.724
1166.0,11.183
1043.0,12.362
1039.0,13.675
1026.0,14.921
1039.0,16.154
1045.0,17.179
1043.0,18.142
1031.0,18.508
1042.0,18.34
1041.0,17.862
1045.0,17.097
1041.0,16.435
1040.0,16.056
1048.0,16.308
1077.0,16.324
1547.0,14.751
1511.0,12.637
1071.0,11.423
1037.0,11.243
1052.0,11.136
1045.0,10.716
1042.0,10.114
1042.0,10.249
1025.0,10.907
1029.0,12.076
1046.0,13.787
1054.0,15.495
1063.0,17.238
1068.0,19.863
1057.0,20.756
1051.0,19.635
1053.0,18.551
1055.0,18.973
1058.0,20.004
1044.0,20.072
1033.0,19.968
1039.0,21.011
1058.0,21.694
1056.0,21.893
1050.0,23.724
1048.0,26.121
1057.0,4.758
1054.0,6.131
1056.0,7.143
1055.0,7.517
1069.0,7.36
1072.0,7.055
1067.0,6.97
1066.0,6.911
1071.0,6.698
1064.0,6.26
1056.0,5.885
1072.0,5.181
1054.0,4.787
1093.0,4.958
1317.0,6.003
1317.0,7.736
1455.0,9.991
1663.0,11.477
1524.0,11.903
1327.0,12.347
1804.0,13.08
1046.0,14.099
1037.0,15.375
1033.0,16.907
1032.0,18.22
1033.0,19.632
1049.0,20.7
1036.0,21.746
1033.0,21.992
1035.0,21.583
1043.0,19.887
1044.0,18.023
1040.0,17.384
1044.0,17.129
1102.0,15.642
1763.0,13.414
1864.0,12.527
1107.0,13.065
987.0,14.238
1026.0,14.13
1041.0,12.756
1038.0,12.113
1047.0,12.369
1035.0,13.311
1019.0,15.25
1009.0,17.146
1018.0,19.184
1002.0,21.428
998.0,22.271
1003.0,21.436
1002.0,20.809
1021.0,21.501
1019.0,22.446
1011.0,21.957
995.0,21.407
977.0,22.235
1014.0,23.28
1041.0,23.691
1052.0,25.303
1061.0,27.024
1059.0,4.834
1067.0,6.224
1068.0,7.262
1066.0,7.623
1060.0,7.47
1068.0,7.149
1068.0,6.761
1069.0,6.6
1074.0,6.606
1075.0,6.466
1070.0,6.313
1077.0,5.865
1073.0,5.718
1079.0,5.923
1117.0,6.754
1651.0,8.391
2058.0,10.651
2053.0,12.283
1947.0,13.194
1542.0,13.345
1857.0,13.825
1531.0,14.481
1047.0,15.798
1034.0,17.41
1031.0,19.103
1025.0,21.205
1048.0,23.31
1035.0,25.345
1030.0,26.339
1025.0,25.872
1045.0,23.104
1041.0,19.635
1039.0,18.264
1036.0,18.005
1037.0,16.504
1130.0,14.432
1725.0,13.902
1713.0,14.979
1129.0,16.602
1006.0,16.791
1011.0,15.681
1023.0,15.125
1034.0,15.469
1050.0,16.329
1053.0,17.545
1046.0,19.206
1005.0,21.255
991.0,23.432
996.0,24.524
963.0,24.262
993.0,24.185
1014.0,25.094
1022.0,25.882
1049.0,25.01
1055.0,23.74
1052.0,24.007
1059.0,24.801
1067.0,24.969
1051.0,25.873
1057.0,26.548
1066.0,4.805
1062.0,6.298
1069.0,7.392
1070.0,8.106
1059.0,8.162
1054.0,7.873
1069.0,7.714
1073.0,7.743
1082.0,7.953
1089.0,8.547
1083.0,9.221
1062.0,9.451
1078.0,9.192
1069.0,8.906
1146.0,8.953
1576.0,9.691
1564.0,11.18
1225.0,12.717
1314.0,13.972
1630.0,14.349
1727.0,14.279
1960.0,14.51
1630.0,15.488
1045.0,16.908
1044.0,19.343
1036.0,16.331
1033.0,16.761
1042.0,18.377
1041.0,19.484
1029.0,19.873
1027.0,20.211
1037.0,21.069
1037.0,22.094
1035.0,22.292
1035.0,22.027
1031.0,22.319
1291.0,24.049
1786.0,26.97
1683.0,28.816
1116.0,28.27
1014.0,27.707
958.0,28.663
954.0,30.33
1002.0,30.21
1039.0,28.224
1056.0,27.136
1055.0,26.966
1054.0,26.566
1059.0,26.616
1088.0,26.182
1269.0,4.705
1278.0,6.337
1105.0,8.322
997.0,10.236
1029.0,11.718
1039.0,12.003
1090.0,11.754
1133.0,11.556
1027.0,11.919
1009.0,12.858
1009.0,13.623
1035.0,14.073
1055.0,13.683
1064.0,12.974
1070.0,11.884
1063.0,11.422
1046.0,11.786
1061.0,13.127
1161.0,14.274
1411.0,14.753
1591.0,14.503
1562.0,25.834
1009.0,27.189
1124.0,26.845
1840.0,25.719
1683.0,25.017
1575.0,26.425
1382.0,30.036
1250.0,32.551
1136.0,31.53
1328.0,30.533
1900.0,31.613
1677.0,34.105
1236.0,35.284
1038.0,33.398
1033.0,31.7
1030.0,31.231
1033.0,30.165
1036.0,28.409
1035.0,26.237
1031.0,4.94
1033.0,7.464
1028.0,10.736
1026.0,14.348
1026.0,16.865
1024.0,17.623
1108.0,17.612
1885.0,17.151
1753.0,17.124
1858.0,17.341
1152.0,17.278
1032.0,16.692
974.0,16.57
927.0,16.179
936.0,14.332
986.0,12.819
1039.0,13.095
1049.0,14.273
1198.0,27.919
1330.0,27.75
1195.0,28.832
1275.0,32.175
1144.0,34.519
1044.0,33.52
1045.0,32.873
1043.0,34.815
1059.0,37.403
1127.0,38.407
1046.0,37.216
1042.0,36.284
1039.0,36.233
997.0,34.598
1190.0,30.639
1204.0,26.28
1146.0,5.272
1221.0,9.321
993.0,14.335
1063.0,17.764
1405.0,19.632
1196.0,20.176
1356.0,20.157
1338.0,19.871
1095.0,19.713
1081.0,19.447
1125.0,18.603
1161.0,17.732
1051.0,17.75
1041.0,17.681
1042.0,16.105
1030.0,14.722
1024.0,36.083
1021.0,35.332
1039.0,35.632
1033.0,38.036
1030.0,40.638
1035.0,40.813
1048.0,38.961
1049.0,38.225
1036.0,37.851
1037.0,36.173
1034.0,31.627
1021.0,26.604
1028.0,4.87
1041.0,9.573
1030.0,15.266
1040.0,18.811
1038.0,20.412
1045.0,20.834
1047.0,20.669
1150.0,20.737
1897.0,20.551
1523.0,20.189
1994.0,19.027
1396.0,18.08
1028.0,18.455
976.0,19.021
977.0,37.993
977.0,40.145
987.0,42.063
1016.0,42.102
1089.0,40.405
1402.0,39.789
1359.0,39.588
1042.0,37.737
1015.0,33.08
988.0,28.018
990.0,4.036
987.0,8.567
988.0,14.591
1045.0,18.737
1063.0,20.581
977.0,21.057
982.0,20.897
982.0,21.196
1036.0,21.138
1246.0,20.543
1165.0,19.498
1275.0,18.48
1223.0,39.732
1026.0,42.206
1255.0,42.862
1309.0,41.929
1140.0,42.218
1220.0,42.413
1086.0,41.101
1059.0,37.649
1038.0,31.855
1028.0,3.363
1022.0,7.643
1033.0,13.686
1050.0,18.163
1049.0,20.076
1036.0,20.914
1033.0,21.104
1036.0,21.393
1061.0,21.23
1052.0,20.802
1038.0,42.153
1033.0,43.133
1038.0,44.174
1062.0,44.848
1226.0,44.483
1054.0,41.852
1032.0,35.135
1033.0,3.0
1031.0,7.128
1034.0,13.041
1043.0,17.433
1035.0,19.511
1029.0,20.345
1037.0,20.91
1052.0,21.167
1041.0,45.081
1035.0,46.903
1109.0,46.632
1906.0,43.977
1984.0,36.036
1816.0,2.864
1129.0,6.765
1047.0,12.667
1020.0,16.965
987.0,18.848
965.0,19.753
964.0,20.186
1013.0,46.765
1037.0,43.871
1183.0,34.748
1462.0,2.555
1352.0,5.943
1064.0,11.38
1056.0,15.719
1051.0,18.186
1044.0,41.285
1045.0,31.93
1126.0,1.855
1158.0,25.918
1049.0,10.902
970.0,14.49
998.0,9.282
1009.0,19.925
1025.0,15.296
1376.0,9.751
1475.0,23.54
1263.0,21.35
1006.0,16.744
1080.0,10.862
1497.0,3.317
1371.0,22.688
1363.0,22.6
1094.0,20.577
1072.0,16.41
1061.0,10.901
1036.0,4.455
1027.0,7.206
1032.0,11.553
1048.0,14.59
1053.0,15.94
1037.0,21.811
1030.0,21.943
1036.0,21.538
1050.0,19.422
1045.0,15.006
1038.0,10.117
1041.0,6.062
1061.0,8.746
1161.0,12.836
1473.0,15.658
1034.0,16.786
1044.0,17.334
1032.0,22.505
1034.0,21.096
1030.0,20.911
1040.0,20.631
1042.0,17.871
1036.0,12.924
1043.0,8.709
1048.0,7.556
1039.0,10.275
1037.0,13.975
1052.0,16.213
1705.0,17.272
1755.0,17.564
1789.0,17.748
1238.0,17.85
1040.0,18.104
984.0,23.898
973.0,21.917
994.0,19.69
1023.0,18.886
1046.0,19.159
1052.0,17.049
1061.0,12.865
1078.0,9.566
1273.0,8.7
1301.0,11.021
1246.0,14.184
1193.0,15.996
1058.0,16.561
1024.0,17.016
1033.0,17.129
1048.0,17.313
1042.0,17.817
1046.0,18.653
1037.0,23.382
1004.0,21.093
1008.0,18.067
1056.0,16.569
1070.0,16.44
1069.0,15.274
1044.0,12.461
1031.0,10.697
1206.0,8.795
1591.0,10.382
1429.0,12.192
1554.0,13.223
1133.0,13.488
1117.0,13.761
1322.0,14.228
1211.0,14.875
1051.0,16.1
1054.0,17.546
1046.0,18.314
1031.0,18.438
1030.0,22.297
1037.0,23.208
1055.0,22.326
1050.0,19.292
1036.0,16.127
1033.0,14.557
1037.0,13.766
1080.0,12.846
1324.0,11.605
1051.0,11.071
1053.0,8.622
1036.0,8.916
1030.0,9.173
1044.0,9.025
1047.0,8.99
1044.0,9.242
1033.0,9.896
1036.0,11.071
1046.0,12.825
1037.0,14.888
1038.0,16.166
1022.0,15.996
1393.0,14.735
1840.0,12.757
1624.0,20.218
1520.0,21.958
1038.0,22.601
972.0,20.918
1009.0,16.909
1039.0,13.866
1056.0,12.849
1057.0,12.505
1057.0,11.958
1052.0,11.082
1021.0,11.422
1010.0,8.432
1150.0,8.492
1155.0,8.208
1146.0,7.761
1032.0,7.613
987.0,7.777
976.0,8.251
1003.0,9.432
1035.0,10.615
1048.0,11.573
1050.0,12.208
1032.0,12.028
1024.0,10.932
1024.0,9.637
1037.0,8.551
1054.0,7.831
1053.0,15.114
1063.0,16.616
1085.0,19.029
1090.0,20.554
1139.0,21.225
1253.0,19.767
1105.0,16.007
1050.0,13.106
1434.0,12.364
1925.0,12.333
1718.0,11.714
1547.0,11.147
1116.0,11.768
1076.0,8.454
1065.0,8.537
1060.0,8.147
1050.0,7.741
1046.0,7.547
1038.0,7.797
1043.0,8.236
1065.0,9.344
1159.0,10.138
1044.0,10.64
1044.0,11.197
1031.0,11.061
1028.0,9.887
1025.0,8.768
1036.0,8.308
1036.0,8.091
1034.0,7.924
1034.0,12.734
1040.0,13.374
1038.0,13.49
1035.0,14.097
1042.0,15.36
1154.0,16.831
1819.0,18.166
1678.0,19.431
1621.0,18.601
1054.0,15.523
1020.0,12.889
1039.0,12.317
1051.0,12.309
1053.0,11.645
1057.0,11.256
1058.0,12.359
1000.0,8.399
964.0,8.468
954.0,8.154
954.0,7.953
945.0,7.803
985.0,7.982
1017.0,8.556
1040.0,9.505
1051.0,10.166
1056.0,10.724
1055.0,11.268
1045.0,11.209
1048.0,9.989
1056.0,8.781
1058.0,8.407
1057.0,8.487
1067.0,8.622
1063.0,8.428
1061.0,8.276
1063.0,8.23
1071.0,8.618
1078.0,9.893
1084.0,11.523
1087.0,12.414
1068.0,12.995
1059.0,13.625
1065.0,14.337
1160.0,14.777
1560.0,15.39
1193.0,16.581
1313.0,16.679
1743.0,14.825
1726.0,12.881
2026.0,12.389
2161.0,12.384
2007.0,11.745
1716.0,11.694
1038.0,13.256
1039.0,8.168
1031.0,8.438
1030.0,8.062
1036.0,7.854
1034.0,7.609
1035.0,8.012
1021.0,8.639
1029.0,9.618
1041.0,10.241
1051.0,10.739
1051.0,11.548
1049.0,11.448
1059.0,10.128
1495.0,8.881
1957.0,8.489
1682.0,8.588
1076.0,8.728
993.0,8.652
1040.0,8.496
1045.0,9.014
1052.0,10.05
1048.0,4.942
1023.0,5.495
1016.0,6.566
1023.0,7.18
1026.0,7.855
979.0,9.221
962.0,10.897
982.0,12.002
976.0,12.704
986.0,13.456
1020.0,13.884
1023.0,13.655
1034.0,13.433
1051.0,14.014
1059.0,14.574
1059.0,13.697
1055.0,12.574
1054.0,12.409
1060.0,12.644
1061.0,11.912
1061.0,12.2
1062.0,14.229
1067.0,7.421
1072.0,7.614
1073.0,7.343
1080.0,7.108
1072.0,7.049
1071.0,7.468
1066.0,8.338
1073.0,9.371
1479.0,10.147
1775.0,10.937
1460.0,12.045
1572.0,12.08
1592.0,10.501
1591.0,9.164
2189.0,8.689
1599.0,8.863
1490.0,9.029
1047.0,8.813
1033.0,8.531
1040.0,9.1
1034.0,10.262
1049.0,11.033
1047.0,11.0
1045.0,10.295
1034.0,4.152
1042.0,4.787
1041.0,5.125
1049.0,5.234
1042.0,5.249
1046.0,5.62
1056.0,6.219
1091.0,6.774
1493.0,7.374
2040.0,8.894
1330.0,10.567
1028.0,11.8
1058.0,12.605
1050.0,13.471
1045.0,13.832
1033.0,13.396
1022.0,12.804
1026.0,13.186
1035.0,13.743
1059.0,13.453
1065.0,12.622
1047.0,12.69
1040.0,12.728
1041.0,12.28
1037.0,12.807
1045.0,15.186
1037.0,5.724
1020.0,5.946
1013.0,5.574
1015.0,5.424
1016.0,5.555
1026.0,6.391
1040.0,7.352
1051.0,8.62
1051.0,9.657
1057.0,10.817
1059.0,12.38
1067.0,12.61
1078.0,10.907
1069.0,9.332
1069.0,9.292
1068.0,9.75
1061.0,10.2
1069.0,9.716
1043.0,9.001
1208.0,9.143
1626.0,10.266
1477.0,11.099
1650.0,11.147
1651.0,10.472
1416.0,9.407
1916.0,8.582
1510.0,7.582
1295.0,6.539
1038.0,5.13
1039.0,4.259
1038.0,4.514
1041.0,5.427
1051.0,5.496
1059.0,4.769
1044.0,4.485
1045.0,4.978
1050.0,5.6
1044.0,5.985
1061.0,6.166
1049.0,6.212
1055.0,6.465
1060.0,6.712
1074.0,7.306
1169.0,8.732
1883.0,10.409
1336.0,11.802
1054.0,12.708
1053.0,13.709
1054.0,14.015
1033.0,13.44
1052.0,12.862
1056.0,13.068
1046.0,13.857
1053.0,13.521
1057.0,12.91
1058.0,13.056
1055.0,13.075
1048.0,12.604
1051.0,13.276
1057.0,15.989
1059.0,4.248
1043.0,4.345
1033.0,4.009
1029.0,3.746
1025.0,4.012
1033.0,4.883
1041.0,6.224
1054.0,7.614
1056.0,8.896
1064.0,10.212
1057.0,11.817
1057.0,11.954
1065.0,10.233
1063.0,8.941
1065.0,9.591
1066.0,10.935
1059.0,11.955
1059.0,11.315
1061.0,9.569
1062.0,9.259
1070.0,10.41
1209.0,11.253
1255.0,11.451
1242.0,10.718
1332.0,9.655
1445.0,8.834
1384.0,7.945
1291.0,6.93
1062.0,5.6
1043.0,4.884
1042.0,5.537
1038.0,6.777
1032.0,6.988
1033.0,6.117
1046.0,5.625
1043.0,5.813
1047.0,6.293
1048.0,6.879
1053.0,7.058
1053.0,6.943
1046.0,6.887
1042.0,7.027
1067.0,7.672
1074.0,8.98
1162.0,10.564
1876.0,11.673
1293.0,12.73
1065.0,13.774
1055.0,14.197
1045.0,13.555
1037.0,12.985
1051.0,13.26
1055.0,14.069
1046.0,13.976
1049.0,13.472
1051.0,13.568
1062.0,13.586
1053.0,13.097
1051.0,13.911
1053.0,16.636
1061.0,3.099
1053.0,3.373
1045.0,3.227
1035.0,2.867
1054.0,2.902
1057.0,3.39
1041.0,4.643
1012.0,6.356
1031.0,7.941
1050.0,9.215
1056.0,10.683
1062.0,10.653
1057.0,8.695
1063.0,7.727
1063.0,8.986
1067.0,10.916
1065.0,12.501
1057.0,11.937
1062.0,10.057
1066.0,9.443
1067.0,10.6
1048.0,11.819
1057.0,12.304
1136.0,11.764
1308.0,10.708
1399.0,10.164
1260.0,9.769
1279.0,8.94
1242.0,7.575
1042.0,6.726
1039.0,7.252
1043.0,8.914
1053.0,9.421
1039.0,8.435
1046.0,7.714
1055.0,7.271
1049.0,7.302
1058.0,7.561
1057.0,7.582
1060.0,7.475
1043.0,7.18
1053.0,7.654
1071.0,8.332
1064.0,9.487
1071.0,10.789
1421.0,11.821
1979.0,12.87
1227.0,13.886
1072.0,14.185
1061.0,13.652
1059.0,13.079
1055.0,13.704
1059.0,14.722
1067.0,14.889
1058.0,14.455
1060.0,14.585
1059.0,14.322
1064.0,13.888
1058.0,14.755
1058.0,17.442
1061.0,2.716
1073.0,3.179
1062.0,3.076
1056.0,2.657
1055.0,2.492
1067.0,2.808
1070.0,3.83
1065.0,5.407
1058.0,6.774
1057.0,8.096
1074.0,9.33
1072.0,9.23
1064.0,7.379
1060.0,6.344
1062.0,7.734
1060.0,10.045
1064.0,12.08
1065.0,11.836
1062.0,10.177
1071.0,9.605
1074.0,10.89
1068.0,12.456
1056.0,13.383
1070.0,13.281
1067.0,12.807
1055.0,12.774
1053.0,12.505
1064.0,11.711
1111.0,10.228
1216.0,8.853
1081.0,9.131
1042.0,10.727
1047.0,11.26
1034.0,10.657
1040.0,9.577
1050.0,8.786
1046.0,8.265
1051.0,8.187
1054.0,8.051
1051.0,7.652
1060.0,7.685
1061.0,8.157
1070.0,8.97
1075.0,9.946
1079.0,10.923
1277.0,11.869
1784.0,12.849
2021.0,13.9
1338.0,14.013
1067.0,13.499
1060.0,13.314
1058.0,13.951
1059.0,15.217
1070.0,15.583
1061.0,15.285
1061.0,15.544
1061.0,15.198
1071.0,14.618
1074.0,15.708
1065.0,18.37
1066.0,2.786
1062.0,3.261
1067.0,3.199
1068.0,2.964
1063.0,2.805
1061.0,3.147
1069.0,4.094
1070.0,5.324
1072.0,6.246
1067.0,7.086
1062.0,7.978
1071.0,7.876
1068.0,6.176
1065.0,5.13
1067.0,6.219
1064.0,8.749
1074.0,11.303
1068.0,11.66
1063.0,10.188
1058.0,9.824
1055.0,11.15
1055.0,12.84
1060.0,14.154
1055.0,14.936
1068.0,15.21
1070.0,15.489
1064.0,15.09
1060.0,13.917
1060.0,12.16
1113.0,10.73
1228.0,10.81
1190.0,11.913
1046.0,12.601
1042.0,12.092
1048.0,11.043
1054.0,9.908
1044.0,9.163
1048.0,8.744
1054.0,8.415
1066.0,7.808
1073.0,7.829
1055.0,8.363
1076.0,9.219
1075.0,10.082
1086.0,10.883
1272.0,11.604
1958.0,12.69
2202.0,13.761
1783.0,13.906
1105.0,13.419
1070.0,13.37
1058.0,14.269
1057.0,15.754
1060.0,16.151
1066.0,16.029
1066.0,16.447
1064.0,16.247
1056.0,15.576
1059.0,16.678
1067.0,19.357
1060.0,3.082
1049.0,3.734
1043.0,3.807
1049.0,3.624
1052.0,3.666
1015.0,4.142
1022.0,5.258
1043.0,6.335
1049.0,6.782
1054.0,6.911
1053.0,7.172
1022.0,6.652
1056.0,5.086
1069.0,4.031
1063.0,5.05
1062.0,7.306
1069.0,10.03
1070.0,10.929
1061.0,9.996
1060.0,9.986
1060.0,11.303
1062.0,13.119
1066.0,14.549
1062.0,15.5
1055.0,16.121
1066.0,16.551
1071.0,16.138
1069.0,14.864
1057.0,13.127
1055.0,11.722
1075.0,11.717
1150.0,12.804
1190.0,13.479
1053.0,13.408
1051.0,12.228
1055.0,10.738
1042.0,9.708
1038.0,9.205
1059.0,8.667
1066.0,8.181
1059.0,8.279
1077.0,8.716
1081.0,9.426
1082.0,10.362
1098.0,11.162
1383.0,11.956
2187.0,12.905
1957.0,14.151
1190.0,14.079
1042.0,13.566
1033.0,13.362
1062.0,14.417
1063.0,16.011
1057.0,16.579
1065.0,16.659
1064.0,17.464
1060.0,17.488
1059.0,16.811
1048.0,17.704
1029.0,19.823
1029.0,3.666
1032.0,4.596
1016.0,5.07
1014.0,5.074
1031.0,5.085
1044.0,5.463
1040.0,6.224
1006.0,7.111
1001.0,7.243
990.0,6.741
981.0,6.281
1003.0,5.415
1008.0,3.892
1015.0,3.24
1002.0,3.975
1016.0,6.047
1051.0,8.684
1061.0,9.897
1064.0,9.915
1064.0,10.306
1061.0,11.721
1063.0,13.382
1068.0,14.782
1065.0,15.845
1060.0,16.671
1060.0,17.24
1076.0,16.76
1081.0,15.56
1073.0,14.093
1066.0,12.998
1068.0,12.951
1078.0,13.845
1061.0,14.73
1029.0,14.719
1061.0,13.53
1054.0,11.704
1068.0,10.551
1065.0,9.986
1064.0,9.563
1059.0,9.011
1070.0,8.995
1073.0,9.389
1169.0,10.172
1650.0,11.26
2093.0,12.473
2160.0,13.238
2267.0,14.272
2079.0,15.702
1206.0,15.891
1077.0,14.691
1056.0,13.931
1066.0,14.956
1057.0,16.7
1020.0,17.435
1003.0,17.537
1009.0,18.69
993.0,19.236
994.0,18.81
1039.0,19.302
1062.0,20.886
961.0,4.428
739.0,5.657
986.0,6.392
1074.0,6.551
1060.0,6.476
951.0,6.437
955.0,6.634
1045.0,7.0
1050.0,6.89
907.0,6.317
611.0,5.656
285.0,4.676
490.0,3.629
815.0,3.369
951.0,4.275
1017.0,6.133
1001.0,8.584
1007.0,9.983
1005.0,10.393
982.0,10.9
968.0,12.139
1001.0,13.689
1026.0,14.954
1031.0,16.353
1039.0,17.347
1038.0,18.032
1028.0,17.766
1015.0,16.629
1012.0,15.385
1006.0,14.479
981.0,14.196
968.0,14.861
964.0,15.625
970.0,15.645
1019.0,14.241
1058.0,12.366
1072.0,11.28
1073.0,11.004
1068.0,10.855
1100.0,10.543
1119.0,10.436
1153.0,10.489
1693.0,11.006
2308.0,12.162
2358.0,13.692
2305.0,14.609
2406.0,15.492
2297.0,16.733
1437.0,16.966
1117.0,15.477
1084.0,14.448
1047.0,15.779
1031.0,17.691
1032.0,18.291
1011.0,18.456
1008.0,19.877
1053.0,21.004
1049.0,20.937
733.0,21.413
308.0,22.462
266.0,4.681
262.0,6.09
260.0,6.983
223.0,7.212
133.0,7.058
78.0,6.752
94.0,6.57
95.0,6.469
77.0,6.222
49.0,5.838
98.0,5.228
151.0,4.402
158.0,3.948
180.0,4.202
266.0,5.246
539.0,7.024
801.0,9.416
931.0,10.94
1015.0,11.298
1055.0,11.807
1042.0,12.637
1014.0,13.807
998.0,15.232
1022.0,16.655
1035.0,18.032
1031.0,12.824
1023.0,12.02
1019.0,12.554
1043.0,13.502
1009.0,13.472
922.0,12.574
842.0,11.879
859.0,12.032
948.0,13.139
1055.0,14.829
1023.0,16.002
1100.0,16.714
1100.0,17.692
1105.0,17.427
1152.0,16.145
1649.0,15.692
2130.0,17.48
2039.0,19.252
2303.0,19.611
2336.0,19.424
2344.0,20.566
2413.0,21.832
2294.0,22.142
1349.0,22.549
1113.0,22.927
1075.0,4.815
1049.0,6.221
1022.0,7.045
1002.0,7.443
1044.0,7.227
1040.0,6.835
749.0,6.524
223.0,6.285
47.0,6.208
17.0,5.874
9.0,5.471
3.0,4.962
16.0,4.851
27.0,5.183
20.0,6.054
14.0,7.668
16.0,9.837
11.0,11.34
17.0,11.808
15.0,12.158
17.0,12.797
31.0,13.771
28.0,15.242
17.0,15.672
15.0,14.53
13.0,14.007
42.0,14.323
37.0,15.173
23.0,16.631
12.0,17.794
37.0,18.64
156.0,19.168
302.0,19.195
150.0,18.098
69.0,18.105
10.0,20.181
3.0,21.838
17.0,21.493
8.0,20.624
8.0,21.281
15.0,22.575
8.0,23.001
2.0,22.872
6.0,22.698
34.0,4.868
33.0,6.152
338.0,7.129
1974.0,7.546
2154.0,7.577
2342.0,7.202
2380.0,6.925
2481.0,6.832
2474.0,6.931
2375.0,7.294
1984.0,7.571
1461.0,7.608
1200.0,7.405
1098.0,7.32
1076.0,7.679
1055.0,8.324
1055.0,9.561
1064.0,10.658
1058.0,11.576
1025.0,19.285
664.0,19.799
312.0,20.111
68.0,20.518
15.0,21.38
32.0,22.567
23.0,23.41
246.0,22.257
215.0,21.441
27.0,22.972
4.0,24.782
16.0,24.564
6.0,23.074
11.0,22.496
6.0,23.345
4.0,23.287
9.0,22.945
9.0,22.391
2236.0,4.828
2307.0,6.272
2242.0,7.524
2456.0,8.837
2288.0,9.678
1405.0,9.767
1128.0,9.602
1112.0,9.489
1102.0,9.86
1057.0,10.936
1023.0,11.858
1044.0,12.533
959.0,12.244
368.0,11.568
33.0,10.647
2440.0,10.04
2141.0,10.138
1505.0,10.935
1178.0,23.428
1105.0,24.146
1065.0,26.896
1029.0,28.327
1017.0,26.214
901.0,24.478
860.0,25.362
947.0,27.967
736.0,29.237
209.0,27.19
24.0,25.404
8.0,25.535
1019.0,25.13
1011.0,23.818
1021.0,22.431
1042.0,4.788
1034.0,6.805
1039.0,9.491
998.0,12.491
496.0,15.036
45.0,16.147
1.0,16.094
94.0,15.542
40.0,15.691
43.0,16.199
66.0,16.376
59.0,16.094
9.0,15.768
15.0,15.361
24.0,13.74
10.0,12.042
3.0,30.848
4.0,28.646
534.0,26.645
404.0,27.684
201.0,30.787
74.0,32.434
5.0,30.684
16.0,29.746
23.0,30.221
24.0,29.253
1.0,26.007
2.0,22.987
5.0,5.094
14.0,8.456
1017.0,13.086
885.0,16.849
535.0,18.923
172.0,19.891
70.0,19.741
54.0,19.563
26.0,19.52
8.0,19.169
7.0,18.542
13.0,17.508
13.0,17.253
7.0,17.126
2.0,29.419
8.0,31.133
28.0,33.746
270.0,34.391
1065.0,32.584
1016.0,31.68
1017.0,32.721
1052.0,31.214
1055.0,26.915
1045.0,23.087
1047.0,4.844
1052.0,9.179
1038.0,14.996
816.0,18.837
329.0,20.367
47.0,20.828
44.0,20.818
18.0,20.804
6.0,20.668
322.0,20.309
183.0,19.17
10.0,17.987
3.0,33.769
10.0,35.869
4.0,35.446
42.0,32.666
394.0,31.564
851.0,32.092
825.0,30.749
1024.0,26.344
1656.0,22.338
1288.0,3.965
1106.0,8.235
1073.0,14.578
1038.0,18.785
1068.0,20.771
1058.0,20.992
1038.0,21.298
1038.0,21.221
1031.0,21.093
999.0,20.615
1042.0,35.922
1058.0,35.432
1039.0,32.472
1018.0,30.944
615.0,31.072
55.0,29.826
332.0,26.259
647.0,22.11
772.0,3.112
803.0,7.351
587.0,13.733
284.0,18.28
246.0,20.52
619.0,21.15
1003.0,21.49
1053.0,21.649
1062.0,21.416
1062.0,32.622
1057.0,31.735
2298.0,31.804
2407.0,31.137
2394.0,28.946
2401.0,24.375
2362.0,2.644
1565.0,6.766
1064.0,12.965
1059.0,17.506
1046.0,19.774
1052.0,20.723
1046.0,21.101
1049.0,33.297
1067.0,33.956
1005.0,33.826
960.0,31.705
1013.0,26.053
710.0,2.567
213.0,6.43
172.0,12.588
146.0,16.995
209.0,19.137
226.0,19.82
611.0,36.913
1007.0,34.423
1020.0,26.93
1028.0,2.385
1031.0,5.808
1052.0,11.736
1049.0,16.388
1041.0,36.526
1044.0,27.844
1041.0,24.865
1045.0,5.844
1067.0,9.429
1066.0,5.912
1055.0,12.811
2270.0,8.096
2269.0,18.457
2308.0,14.958
2356.0,9.716
2257.0,19.996
2357.0,18.657
2266.0,15.022
1438.0,9.929
1059.0,4.671
1079.0,7.167
1100.0,20.333
1063.0,20.068
1064.0,17.881
1044.0,13.555
1015.0,8.774
1021.0,6.558
623.0,8.955
102.0,12.808
46.0,15.618
41.0,19.751
36.0,19.159
24.0,16.223
34.0,11.016
35.0,7.098
35.0,7.996
27.0,10.287
23.0,13.968
23.0,16.229
20.0,17.2
40.0,17.673
143.0,18.037
816.0,17.356
1063.0,17.352
1062.0,15.0
1050.0,10.445
1053.0,7.433
1059.0,8.54
1060.0,10.554
1060.0,13.464
1056.0,15.253
1057.0,16.135
1060.0,16.381
1053.0,16.601
1059.0,16.945
1099.0,17.572
1126.0,19.394
1203.0,16.397
1400.0,15.12
1680.0,14.511
1922.0,13.1
2088.0,10.718
2121.0,9.359
2285.0,8.356
1912.0,9.416
1136.0,10.574
1066.0,11.273
1092.0,11.655
1076.0,11.855
1043.0,12.298
1034.0,13.311
1010.0,14.728
1051.0,16.686
970.0,20.864
544.0,17.199
127.0,14.269
33.0,13.07
31.0,12.72
34.0,11.894
32.0,10.856
28.0,10.64
29.0,8.171
29.0,8.311
35.0,8.176
30.0,8.157
24.0,7.911
22.0,8.146
29.0,8.654
25.0,9.992
23.0,11.537
24.0,13.422
24.0,14.549
26.0,14.424
19.0,21.989
24.0,22.253
19.0,19.948
25.0,15.661
36.0,12.845
28.0,12.052
30.0,12.105
117.0,11.641
369.0,10.915
846.0,11.205
1068.0,8.248
1058.0,8.159
1064.0,7.797
1059.0,7.38
1061.0,7.216
1063.0,7.399
1069.0,7.926
1069.0,8.964
1062.0,9.852
1063.0,10.415
1065.0,10.673
1070.0,10.657
1066.0,10.004
1070.0,18.69
1077.0,20.235
1070.0,20.869
1079.0,19.224
1081.0,15.371
1105.0,12.665
1100.0,12.021
1114.0,12.09
1263.0,11.486
1868.0,10.961
2363.0,11.533
1994.0,8.174
1250.0,8.149
1069.0,7.802
1088.0,7.391
1065.0,7.207
1041.0,7.407
1020.0,7.979
999.0,8.945
1016.0,9.677
1056.0,9.861
1046.0,10.109
1007.0,9.907
794.0,9.261
454.0,8.48
252.0,8.089
121.0,13.071
62.0,14.538
51.0,16.04
43.0,17.343
29.0,18.65
15.0,17.967
39.0,14.972
47.0,12.592
55.0,11.991
73.0,12.148
133.0,11.426
215.0,11.059
365.0,12.088
559.0,8.074
771.0,8.178
917.0,7.719
1012.0,7.473
1046.0,7.39
1038.0,7.649
1047.0,8.239
1059.0,9.214
1053.0,9.923
1059.0,10.245
1064.0,10.582
1065.0,10.541
1062.0,9.544
1064.0,8.64
1064.0,8.262
1067.0,8.123
1067.0,10.647
1065.0,11.464
1061.0,12.525
1065.0,13.399
1066.0,13.817
1053.0,14.5
1050.0,15.626
1042.0,15.915
1060.0,14.168
1062.0,12.509
1071.0,12.077
1077.0,11.968
1080.0,11.164
1069.0,10.86
1070.0,12.353
1076.0,7.708
1123.0,7.624
1660.0,7.288
2218.0,6.997
1768.0,7.063
1092.0,7.446
1068.0,8.252
1072.0,9.263
1069.0,9.999
1056.0,10.467
1043.0,10.913
1028.0,10.79
1019.0,9.794
994.0,8.662
1009.0,8.392
1039.0,8.37
1047.0,8.403
1052.0,8.204
1059.0,7.998
1063.0,9.499
1054.0,10.502
1051.0,11.283
1049.0,12.336
1061.0,12.814
1054.0,12.869
1051.0,12.825
1042.0,13.728
1040.0,14.375
1041.0,13.498
1029.0,12.276
1020.0,12.042
1031.0,11.924
1062.0,11.149
1067.0,10.847
1062.0,12.62
1067.0,6.596
1074.0,6.405
1074.0,5.932
1068.0,5.685
1066.0,5.887
1065.0,6.56
1064.0,7.613
1063.0,8.957
1063.0,9.75
1066.0,10.414
1070.0,11.234
1062.0,11.217
1057.0,10.069
1058.0,8.759
1064.0,8.371
1071.0,8.365
1060.0,8.473
1054.0,8.275
1048.0,7.93
1055.0,6.387
1054.0,6.853
1059.0,8.01
1068.0,9.545
1074.0,10.491
1066.0,11.357
1065.0,12.165
1071.0,12.64
1063.0,12.469
1086.0,12.16
1457.0,12.7
2044.0,13.577
1202.0,13.178
1067.0,12.387
1063.0,12.347
1063.0,12.087
1073.0,11.063
1065.0,10.753
1065.0,12.635
1066.0,4.786
1070.0,4.622
1064.0,4.263
1044.0,3.993
1029.0,4.297
1011.0,5.142
1021.0,6.472
1007.0,7.89
995.0,9.087
982.0,10.112
986.0,11.297
992.0,11.491
1003.0,9.997
1013.0,8.562
1020.0,8.454
1050.0,8.88
1057.0,9.206
1061.0,8.848
1063.0,8.373
1068.0,8.784
1078.0,6.712
1065.0,6.572
1061.0,6.641
1065.0,7.19
1071.0,8.25
1067.0,9.75
1064.0,10.658
1067.0,11.365
1068.0,12.246
1067.0,12.616
1058.0,12.106
1063.0,11.68
1062.0,12.367
1067.0,13.513
1063.0,13.433
1056.0,12.766
1053.0,12.831
1060.0,12.436
1061.0,11.11
1065.0,10.846
1048.0,12.636
1045.0,3.123
1058.0,3.38
1053.0,3.248
1049.0,2.931
1056.0,2.986
1056.0,3.535
1055.0,4.799
1060.0,6.571
1056.0,7.962
1057.0,9.241
1071.0,10.521
1086.0,10.703
1334.0,9.059
1440.0,7.727
1064.0,8.556
1065.0,9.945
1059.0,11.027
1065.0,10.59
1057.0,9.177
1059.0,8.999
1060.0,10.289
1064.0,11.359
1065.0,7.228
1062.0,7.054
1067.0,6.913
1067.0,7.151
1070.0,7.838
1064.0,8.824
1055.0,10.035
1060.0,10.752
1060.0,11.491
1060.0,12.076
1058.0,12.152
1057.0,11.65
1061.0,11.395
1063.0,12.378
1062.0,13.848
1060.0,14.04
1064.0,13.515
1072.0,13.456
1070.0,13.021
1061.0,11.468
1058.0,11.149
1064.0,12.742
1074.0,2.282
1066.0,2.819
1062.0,2.703
1066.0,2.475
1065.0,2.308
1052.0,2.475
1058.0,3.472
1059.0,5.125
1069.0,6.599
1062.0,7.925
1063.0,9.281
1063.0,9.279
1069.0,7.626
1074.0,6.749
1069.0,7.982
1043.0,10.092
1035.0,11.804
1047.0,11.614
1031.0,9.812
1044.0,9.414
1051.0,10.587
1055.0,12.075
1058.0,12.719
1048.0,7.681
1055.0,7.644
1046.0,7.309
1043.0,7.383
1055.0,7.665
1068.0,8.445
1097.0,9.473
1330.0,10.375
1146.0,11.083
1068.0,11.355
1055.0,11.872
1056.0,11.602
1055.0,11.049
1052.0,10.92
1064.0,12.32
1066.0,14.065
1064.0,14.649
1063.0,14.205
1064.0,14.372
1061.0,13.87
1068.0,12.269
1059.0,11.806
1057.0,13.249
1063.0,2.289
1059.0,2.788
1057.0,2.628
1054.0,2.403
1051.0,2.048
1059.0,2.095
1054.0,2.754
1056.0,4.032
1055.0,5.123
1057.0,6.329
1068.0,7.768
1060.0,8.087
1056.0,6.578
1049.0,5.573
1059.0,6.694
1068.0,9.164
1065.0,11.531
1059.0,11.732
1056.0,9.952
1064.0,9.505
1062.0,10.893
1063.0,12.602
1059.0,13.788
1065.0,8.423
1063.0,8.182
1064.0,7.993
1058.0,7.638
1050.0,7.596
1059.0,8.059
1052.0,8.929
1031.0,9.832
1046.0,10.711
1051.0,11.145
1035.0,11.319
1051.0,11.351
1056.0,10.777
1047.0,10.406
1042.0,10.493
1049.0,12.434
1053.0,14.231
1043.0,14.969
1040.0,14.644
1048.0,15.134
1068.0,14.892
1101.0,13.358
1353.0,12.92
1229.0,14.055
1065.0,2.553
1059.0,2.941
1058.0,2.828
1045.0,2.48
1046.0,2.267
1060.0,2.377
1057.0,3.013
1061.0,3.992
1063.0,4.799
1061.0,5.722
1060.0,7.03
1064.0,7.308
1059.0,6.02
1058.0,4.811
1056.0,5.78
1052.0,8.375
1030.0,11.153
1001.0,11.716
992.0,10.322
1007.0,9.92
1021.0,11.181
1036.0,12.954
1060.0,14.304
1059.0,8.962
1066.0,8.671
1067.0,8.34
1064.0,7.849
1057.0,7.808
1062.0,8.366
1067.0,9.228
1064.0,10.046
1057.0,10.8
1061.0,11.248
1061.0,11.313
1071.0,11.043
1067.0,10.372
1055.0,9.861
1063.0,10.128
1061.0,12.054
1068.0,14.1
1070.0,14.878
1055.0,14.789
1055.0,15.501
1065.0,15.69
1060.0,14.384
1045.0,13.961
1042.0,14.585
1039.0,2.811
1044.0,3.221
1054.0,3.103
1047.0,2.898
1026.0,2.894
1037.0,3.264
1045.0,4.182
1046.0,5.214
1041.0,5.777
1041.0,6.155
1056.0,6.741
1087.0,6.665
1512.0,5.314
1368.0,4.232
1032.0,5.03
1034.0,7.502
1053.0,10.424
1051.0,11.487
1037.0,10.535
1049.0,10.281
1054.0,11.448
1059.0,13.102
1060.0,14.65
1057.0,9.167
1060.0,8.836
1065.0,8.315
1059.0,8.351
1051.0,8.876
1044.0,9.701
1042.0,10.588
1037.0,11.475
1041.0,11.852
1027.0,12.047
1014.0,11.921
1029.0,11.26
1050.0,10.078
1059.0,9.993
1062.0,11.892
1059.0,13.869
1060.0,14.65
1060.0,14.765
1051.0,15.702
1059.0,16.2
1056.0,15.206
1053.0,14.609
1062.0,14.914
1069.0,3.272
1072.0,3.87
1073.0,4.057
1068.0,4.03
1056.0,4.097
1065.0,4.588
1080.0,5.47
1070.0,6.404
1058.0,6.607
1070.0,6.261
1076.0,6.026
1077.0,5.262
1158.0,3.997
1046.0,3.311
1033.0,4.075
1035.0,6.296
1036.0,8.915
1048.0,10.216
1053.0,10.084
1039.0,10.301
1042.0,11.685
1043.0,13.388
1044.0,9.6
1044.0,9.327
1047.0,9.358
1050.0,9.775
1107.0,10.462
1800.0,11.625
1555.0,12.843
1044.0,13.129
975.0,13.299
989.0,13.867
1031.0,13.328
1037.0,11.33
1015.0,10.358
1029.0,11.83
1051.0,13.943
1057.0,14.76
1056.0,14.885
1054.0,15.714
1056.0,16.54
1048.0,16.17
1038.0,15.894
1036.0,16.268
1029.0,4.064
1020.0,5.016
1000.0,5.634
1023.0,5.684
1043.0,5.722
1049.0,5.793
1041.0,6.068
1043.0,6.337
1032.0,6.227
1047.0,5.758
1052.0,5.038
1060.0,3.939
1064.0,2.921
1070.0,2.832
1071.0,3.792
1073.0,5.717
1070.0,8.243
1074.0,9.732
1072.0,10.022
1070.0,10.544
1069.0,11.838
1070.0,10.481
1071.0,10.512
1071.0,10.662
1087.0,11.227
1089.0,12.298
1070.0,13.709
1039.0,14.035
1105.0,14.322
1596.0,14.742
1041.0,14.164
1044.0,12.061
1035.0,10.814
1045.0,12.3
1046.0,14.208
1045.0,15.064
1042.0,14.965
1033.0,15.706
1037.0,16.872
1047.0,17.51
1035.0,17.957
1041.0,18.455
1056.0,4.642
1249.0,5.882
2072.0,6.586
1462.0,6.852
1058.0,6.725
981.0,6.399
957.0,6.278
937.0,6.17
967.0,5.919
1015.0,5.399
1004.0,4.695
993.0,3.682
1001.0,3.061
976.0,3.322
958.0,4.37
959.0,6.127
959.0,8.516
979.0,9.916
986.0,10.34
987.0,11.713
970.0,11.89
989.0,13.017
1026.0,14.626
1049.0,15.264
1053.0,15.222
1053.0,15.669
1062.0,14.788
1067.0,12.847
1063.0,11.908
1062.0,13.254
1042.0,15.267
1039.0,15.824
1069.0,15.061
1072.0,15.363
1080.0,17.029
1074.0,18.383
1072.0,19.256
1065.0,19.601
1075.0,4.764
1070.0,6.129
1073.0,6.894
1071.0,7.188
1111.0,7.035
1357.0,6.619
1555.0,6.275
1380.0,6.091
1161.0,5.842
1442.0,5.419
1455.0,4.885
1035.0,4.317
1043.0,4.025
1030.0,4.376
1042.0,5.248
1041.0,6.547
1038.0,8.353
1040.0,9.538
1031.0,14.636
1035.0,16.088
1048.0,17.07
1040.0,17.459
1038.0,17.335
1059.0,16.7
1563.0,14.811
2037.0,13.752
1352.0,14.886
1078.0,16.366
999.0,16.369
967.0,15.374
985.0,15.451
999.0,17.012
999.0,18.602
1015.0,19.693
984.0,20.082
954.0,4.792
962.0,6.099
970.0,6.946
976.0,7.167
986.0,7.118
1004.0,6.742
1018.0,6.45
1043.0,6.322
1059.0,6.166
1051.0,6.158
1059.0,6.2
1053.0,6.038
1063.0,5.914
1050.0,6.089
1047.0,6.444
1067.0,7.055
1106.0,20.067
1094.0,20.757
1061.0,20.64
1051.0,18.765
1052.0,16.88
1054.0,17.177
1083.0,18.409
1117.0,18.282
1088.0,16.638
1026.0,16.327
1054.0,17.391
1085.0,18.92
1288.0,20.021
1636.0,20.319
1581.0,4.766
1478.0,6.048
1653.0,7.086
1378.0,7.842
1799.0,8.277
1674.0,8.118
1671.0,8.006
1046.0,7.919
1044.0,8.163
1030.0,9.096
1032.0,9.859
1040.0,10.677
1035.0,10.586
1041.0,9.93
1035.0,9.41
1026.0,26.09
1022.0,23.104
1028.0,20.033
1021.0,19.74
1232.0,21.725
1917.0,22.618
1844.0,20.218
1364.0,18.615
1087.0,19.139
1030.0,20.131
979.0,20.626
961.0,20.608
985.0,4.767
966.0,6.361
963.0,8.174
973.0,10.531
977.0,12.764
963.0,13.813
972.0,13.727
1020.0,13.44
1037.0,13.52
1031.0,14.323
1045.0,15.046
1053.0,15.208
1050.0,14.993
1035.0,22.47
1003.0,22.038
1005.0,25.063
1036.0,26.554
1056.0,24.698
1068.0,23.449
1166.0,24.374
1233.0,24.408
1108.0,22.81
1018.0,21.177
1005.0,4.993
1126.0,7.676
1639.0,11.286
1368.0,14.948
1357.0,17.845
1277.0,19.137
972.0,19.23
1242.0,19.01
1612.0,18.688
1408.0,18.699
1553.0,18.275
1365.0,17.426
1120.0,25.311
1088.0,28.262
1086.0,29.348
1074.0,27.687
1069.0,27.263
1049.0,28.377
1030.0,27.424
1030.0,23.846
1033.0,20.95
1037.0,4.783
1123.0,8.877
1029.0,14.406
1028.0,18.526
1024.0,20.381
1027.0,20.93
1034.0,21.068
1029.0,20.861
1026.0,20.768
1034.0,20.317
1039.0,30.966
1037.0,30.763
1062.0,28.228
1110.0,27.107
1843.0,27.724
1922.0,26.047
1504.0,21.905
1991.0,18.791
1208.0,3.948
1018.0,8.182
976.0,14.401
973.0,19.105
966.0,20.995
968.0,21.363
966.0,21.621
978.0,21.467
969.0,21.304
998.0,31.098
1025.0,28.097
1037.0,26.335
1033.0,26.162
1001.0,24.239
970.0,20.494
975.0,17.38
965.0,3.113
969.0,7.103
981.0,13.622
991.0,18.71
997.0,20.844
1019.0,21.524
1162.0,21.817
1196.0,27.4
1202.0,27.065
1017.0,26.244
1023.0,23.647
1010.0,19.667
1460.0,2.565
1300.0,6.379
1548.0,12.761
1470.0,17.705
1020.0,20.062
1174.0,27.678
1682.0,27.383
1610.0,25.287
1536.0,20.61
1169.0,2.369
1057.0,6.011
1043.0,12.121
1019.0,17.065
1013.0,27.297
1048.0,24.996
1056.0,19.474
1044.0,2.175
1049.0,5.556
1045.0,11.575
1039.0,26.145
1027.0,19.672
1046.0,19.148
1082.0,5.827
1311.0,8.185
1378.0,14.722
1023.0,9.405
1033.0,18.173
1030.0,14.447
1027.0,9.223
1038.0,17.072
1050.0,12.359
1037.0,7.668
1038.0,6.837
1044.0,8.91
1062.0,18.378
1051.0,15.324
1094.0,10.07
1846.0,6.226
2017.0,7.951
1880.0,10.037
1357.0,13.382
1077.0,15.906
1055.0,15.698
1021.0,13.312
973.0,8.923
960.0,6.085
959.0,8.128
960.0,9.786
958.0,12.329
972.0,13.999
992.0,14.93
1005.0,15.111
1011.0,12.66
1019.0,11.041
1038.0,8.769
1049.0,7.501
1051.0,7.914
1041.0,8.392
1018.0,9.12
978.0,9.549
990.0,9.67
1025.0,10.065
1012.0,10.374
1010.0,11.552
1060.0,11.638
1041.0,10.979
1033.0,9.955
1036.0,9.546
1000.0,7.92
1164.0,7.897
1497.0,7.564
1329.0,7.341
1465.0,7.178
1048.0,7.365
1224.0,7.913
1521.0,9.193
1539.0,10.644
1510.0,11.797
1117.0,11.497
1049.0,11.719
1032.0,11.324
1014.0,10.636
1020.0,10.836
1050.0,7.993
1043.0,7.847
1048.0,7.392
1047.0,7.039
1051.0,6.879
1039.0,6.991
1038.0,7.613
1072.0,8.629
1090.0,9.544
1102.0,9.645
1465.0,9.684
1043.0,14.467
1034.0,12.057
1040.0,11.637
1033.0,11.838
1034.0,11.341
1045.0,10.788
1041.0,11.317
1039.0,7.912
1050.0,7.881
1051.0,7.397
1039.0,7.053
1045.0,6.971
1238.0,7.12
1968.0,7.676
1846.0,8.716
1450.0,9.505
1113.0,9.496
1051.0,9.452
1016.0,9.401
966.0,8.949
946.0,15.325
959.0,16.896
969.0,16.614
988.0,14.124
1001.0,12.143
973.0,11.778
978.0,11.806
998.0,11.226
1027.0,10.679
1047.0,11.534
1036.0,7.574
1039.0,7.455
1049.0,7.048
1057.0,6.811
1052.0,6.803
1063.0,7.15
1052.0,7.864
1050.0,8.911
1043.0,9.654
1042.0,9.801
1059.0,9.8
1059.0,9.84
1020.0,9.122
969.0,8.465
1025.0,11.509
1072.0,11.728
1386.0,12.313
1759.0,13.952
1115.0,14.743
1058.0,13.563
1442.0,12.071
1543.0,11.743
1402.0,11.716
1521.0,10.914
1149.0,10.281
1058.0,11.206
1051.0,6.889
1041.0,6.577
1049.0,5.999
1060.0,5.733
1053.0,5.992
1044.0,6.687
1035.0,7.688
1029.0,8.839
1035.0,9.654
1048.0,10.036
1104.0,10.322
1270.0,10.21
1282.0,9.363
1037.0,8.427
1030.0,8.102
1031.0,10.098
1029.0,10.52
1038.0,10.703
1041.0,10.381
1037.0,10.807
1046.0,12.391
1043.0,13.655
1045.0,13.031
1053.0,11.996
1046.0,11.893
1061.0,11.592
1646.0,10.595
1764.0,9.838
1781.0,10.874
1252.0,5.597
1056.0,5.157
1002.0,4.577
956.0,4.285
961.0,4.613
969.0,5.597
974.0,6.78
965.0,8.31
967.0,9.291
967.0,9.782
955.0,10.255
963.0,10.203
1004.0,9.223
1030.0,8.202
1039.0,8.014
1055.0,8.02
1054.0,9.959
1049.0,10.178
1039.0,10.285
1012.0,10.037
994.0,9.523
988.0,9.671
982.0,11.168
977.0,12.771
998.0,12.809
1017.0,12.11
1055.0,12.235
1038.0,11.869
1005.0,10.42
1013.0,9.554
1079.0,10.552
1090.0,3.808
1060.0,3.697
1060.0,3.38
1076.0,3.09
1138.0,3.317
1539.0,3.897
1618.0,5.284
1483.0,7.017
1604.0,8.367
1138.0,9.224
1108.0,10.104
1383.0,10.025
1281.0,8.722
1060.0,7.55
1045.0,7.634
1026.0,8.067
1032.0,8.429
1039.0,8.402
1068.0,9.617
1119.0,10.141
1037.0,10.144
1040.0,10.026
1032.0,9.51
1043.0,8.747
1043.0,8.873
1041.0,10.479
1032.0,12.399
1026.0,12.804
1045.0,12.614
1051.0,12.818
1055.0,12.438
1053.0,10.583
1051.0,9.49
1278.0,10.236
1888.0,2.463
1831.0,2.816
1323.0,2.732
1040.0,2.45
962.0,2.373
984.0,2.731
1037.0,3.746
1039.0,5.528
1013.0,6.961
984.0,8.089
1012.0,9.255
1013.0,9.43
990.0,7.904
966.0,6.791
968.0,7.375
951.0,8.65
959.0,9.73
973.0,9.626
994.0,9.119
1004.0,10.018
1017.0,10.43
1041.0,10.343
1056.0,9.828
1057.0,9.083
1051.0,8.275
1054.0,8.473
1047.0,10.179
1037.0,12.366
1029.0,13.128
1030.0,13.1
1062.0,13.417
1070.0,13.029
1053.0,11.025
1041.0,9.694
1048.0,10.276
1060.0,2.0
1076.0,2.448
1083.0,2.441
1083.0,2.193
1188.0,1.952
1606.0,1.925
1541.0,2.693
1316.0,3.966
1504.0,5.339
1652.0,6.503
1735.0,7.818
1604.0,8.241
1040.0,6.906
1042.0,5.833
1040.0,6.777
1035.0,8.907
1036.0,10.949
1038.0,11.177
1044.0,8.518
1039.0,9.387
1040.0,10.232
1047.0,10.535
1048.0,10.26
1048.0,9.59
1050.0,8.628
1070.0,7.751
1293.0,8.081
1981.0,10.012
1499.0,12.216
1033.0,13.0
1012.0,13.02
1043.0,13.63
1044.0,13.52
1049.0,11.591
998.0,10.191
978.0,10.693
1019.0,2.11
1014.0,2.585
1007.0,2.508
1010.0,2.182
976.0,1.829
956.0,1.797
954.0,2.182
966.0,3.185
993.0,4.245
1003.0,5.414
996.0,6.872
994.0,7.427
983.0,6.229
1002.0,5.221
995.0,6.095
1025.0,8.614
1057.0,11.196
1061.0,11.703
1062.0,10.235
1061.0,8.09
1062.0,8.847
1062.0,9.783
1057.0,10.472
1066.0,10.702
1045.0,10.328
1037.0,9.415
1059.0,8.224
1074.0,7.412
1074.0,7.774
1092.0,9.632
1128.0,11.697
1480.0,12.569
1592.0,12.644
1471.0,13.459
1331.0,13.587
1697.0,12.087
1389.0,10.934
1038.0,11.246
1046.0,2.375
1032.0,2.769
1036.0,2.601
1047.0,2.242
1047.0,1.898
1052.0,1.901
1050.0,2.331
1049.0,3.259
1051.0,4.174
1059.0,5.124
1051.0,6.481
1058.0,7.014
1061.0,5.931
1076.0,4.791
1463.0,5.695
1849.0,8.314
1107.0,11.071
1060.0,11.955
1053.0,10.723
1048.0,8.483
1050.0,9.399
1045.0,10.291
1047.0,11.149
1045.0,11.205
1052.0,10.804
1059.0,9.974
1055.0,8.613
1053.0,7.632
1049.0,7.589
1053.0,9.124
1056.0,10.993
1052.0,11.966
1053.0,11.963
1042.0,12.751
1036.0,13.374
1046.0,12.462
1057.0,11.434
1060.0,11.481
1055.0,2.604
1063.0,2.936
1046.0,2.776
1041.0,2.435
1044.0,2.261
1049.0,2.494
1064.0,3.181
1062.0,4.222
1060.0,4.916
1063.0,5.513
1063.0,6.349
1060.0,6.7
1055.0,5.516
1047.0,4.407
1065.0,5.27
1083.0,7.863
1254.0,10.788
1453.0,11.81
1315.0,10.009
1084.0,11.165
1501.0,12.295
1666.0,12.311
1048.0,12.08
1038.0,11.844
1036.0,10.71
1038.0,8.818
1030.0,7.871
1049.0,8.839
1048.0,10.586
1043.0,11.276
1046.0,11.282
1040.0,11.869
1037.0,12.756
1052.0,12.382
1051.0,11.774
1066.0,11.623
1080.0,2.929
1250.0,3.335
1982.0,3.269
1246.0,3.202
1053.0,3.255
1050.0,3.67
1052.0,4.472
1057.0,5.326
1062.0,5.676
1060.0,5.635
1049.0,5.706
1051.0,5.277
1058.0,4.182
1062.0,3.483
1056.0,4.488
1045.0,6.755
1045.0,9.596
1055.0,10.927
1052.0,12.107
1045.0,13.406
1047.0,13.611
1055.0,13.486
1061.0,13.844
1056.0,12.876
1050.0,10.226
1042.0,8.438
1038.0,8.859
1046.0,10.491
1051.0,11.272
1057.0,11.007
1066.0,11.295
1071.0,12.176
1060.0,12.502
1056.0,12.57
1058.0,12.738
1055.0,3.567
1063.0,4.227
1063.0,4.578
1047.0,4.749
1058.0,4.803
1076.0,4.988
1084.0,5.344
1167.0,5.642
1174.0,5.621
1024.0,5.298
1239.0,4.615
1939.0,3.542
1045.0,2.736
1046.0,2.55
1053.0,3.574
1041.0,5.562
1051.0,8.156
1061.0,13.892
1044.0,14.056
1051.0,14.031
1055.0,14.42
1058.0,13.715
1056.0,10.85
1049.0,9.02
1063.0,9.355
1082.0,11.227
1091.0,11.959
1453.0,11.262
2026.0,11.168
1193.0,12.321
1054.0,13.556
1056.0,14.447
1052.0,14.915
1056.0,4.312
1054.0,5.435
1061.0,5.975
1057.0,6.179
1062.0,6.164
1068.0,5.948
1074.0,5.764
1060.0,5.767
1055.0,5.639
1057.0,5.058
1061.0,4.23
1064.0,3.171
1060.0,2.472
1055.0,2.665
1061.0,3.531
1070.0,5.214
1062.0,14.893
1064.0,14.968
1056.0,15.211
1058.0,14.373
1059.0,11.712
1059.0,10.067
1055.0,10.655
1068.0,12.447
1069.0,12.67
1062.0,11.714
1058.0,11.352
1056.0,12.552
1057.0,14.245
1065.0,15.796
1068.0,16.493
1057.0,4.737
1053.0,5.981
1057.0,6.612
1063.0,6.924
1067.0,6.664
1059.0,6.257
1064.0,6.015
1067.0,5.816
1226.0,5.609
1042.0,5.084
1042.0,4.446
1047.0,3.618
1033.0,3.229
1048.0,3.424
1057.0,4.196
1050.0,17.018
1048.0,16.042
1060.0,13.532
1057.0,11.689
1051.0,12.105
1054.0,13.382
1071.0,13.39
1084.0,12.087
1232.0,11.754
1866.0,12.874
2033.0,14.842
1244.0,16.585
1062.0,17.395
1067.0,4.862
1063.0,6.009
1063.0,6.709
1067.0,6.991
1061.0,6.75
1061.0,6.465
1061.0,6.063
1073.0,5.906
1069.0,5.682
1068.0,5.453
1060.0,5.213
1055.0,4.859
1059.0,4.695
1063.0,4.941
1059.0,16.81
1053.0,14.559
1055.0,14.241
1064.0,14.848
1066.0,14.494
1063.0,13.031
1057.0,12.648
1062.0,13.755
1064.0,15.443
1068.0,17.247
1064.0,18.208
1062.0,4.775
1070.0,6.01
1068.0,6.734
1060.0,7.168
1062.0,7.197
1062.0,6.997
1071.0,6.799
1067.0,6.704
1061.0,6.893
1062.0,7.43
1063.0,8.112
1065.0,8.473
1049.0,8.585
1047.0,17.727
1058.0,16.998
1057.0,18.159
1045.0,18.122
1048.0,15.953
1055.0,14.535
1038.0,15.025
1040.0,16.608
1051.0,18.028
1054.0,18.742
1050.0,4.616
1054.0,6.033
1066.0,7.34
1063.0,8.881
1061.0,10.345
1066.0,11.012
1076.0,11.052
1093.0,10.903
1557.0,11.122
1897.0,12.063
1869.0,12.939
1114.0,19.65
1067.0,22.389
1061.0,23.424
1056.0,20.844
1059.0,18.93
1065.0,19.235
1060.0,19.451
1055.0,19.313
1044.0,18.983
1035.0,4.735
1028.0,6.956
1021.0,9.699
1025.0,12.911
1025.0,16.219
1046.0,17.673
1060.0,18.025
1056.0,17.548
1054.0,17.335
1062.0,17.649
1065.0,25.245
1071.0,26.659
1071.0,24.722
1061.0,23.74
1059.0,24.029
1067.0,22.651
1067.0,19.701
1064.0,17.813
1067.0,4.808
1066.0,8.243
1066.0,13.396
1065.0,17.414
1066.0,19.829
1065.0,20.84
1066.0,20.997
1067.0,20.897
1056.0,27.999
1070.0,25.612
1066.0,24.161
1063.0,23.932
1058.0,21.517
1060.0,17.508
1054.0,15.129
1029.0,4.008
1027.0,8.017
1046.0,14.307
1044.0,19.13
1042.0,21.038
1050.0,21.48
1044.0,21.432
1057.0,25.165
1071.0,23.687
1073.0,23.185
1079.0,20.742
1063.0,16.613
1066.0,14.16
1078.0,3.016
1124.0,6.994
1669.0,13.47
2053.0,18.606
2152.0,20.966
1211.0,25.198
1077.0,24.774
1069.0,23.274
1065.0,20.149
1062.0,16.776
1062.0,2.452
1061.0,6.159
1062.0,12.582
1050.0,25.943
1049.0,25.355
1043.0,22.931
1037.0,18.506
1009.0,2.152
999.0,5.664
991.0,24.164
992.0,21.927
997.0,16.897
979.0,20.899
976.0,15.384
992.0,14.43
999.0,8.905
1022.0,8.546
1024.0,6.834
1043.0,5.627
1048.0,7.836
1045.0,9.562
1056.0,7.604
1066.0,5.198
1066.0,7.794
1077.0,8.919
1071.0,10.975
1063.0,12.441
1066.0,7.28
1071.0,5.752
1073.0,7.577
1065.0,7.826
1061.0,8.007
1078.0,8.11
1073.0,8.376
1064.0,8.554
1052.0,8.381
1037.0,7.624
1054.0,7.482
1059.0,7.398
1049.0,7.023
1051.0,6.855
1052.0,6.686
1055.0,6.93
1054.0,7.434
1043.0,8.501
1055.0,10.659
1064.0,9.75
1075.0,9.578
1089.0,7.559
1072.0,7.397
1093.0,6.985
1206.0,6.674
1980.0,6.572
2353.0,6.666
1666.0,7.289
1086.0,8.363
1038.0,9.235
1062.0,11.238
1070.0,10.784
1058.0,10.005
1021.0,10.15
1009.0,7.443
1012.0,7.199
999.0,6.785
983.0,6.413
978.0,6.474
1015.0,6.679
1052.0,7.419
1058.0,8.433
961.0,9.281
930.0,9.332
1044.0,11.116
1052.0,10.998
1058.0,11.065
1038.0,10.512
1034.0,9.685
1052.0,10.026
1023.0,6.783
990.0,6.458
988.0,5.943
995.0,5.635
1003.0,5.952
990.0,6.51
980.0,7.355
1027.0,8.55
1062.0,9.324
1066.0,9.326
1063.0,9.114
1059.0,9.112
1066.0,12.762
1067.0,12.096
1063.0,11.017
1057.0,10.948
1075.0,10.891
1076.0,10.02
1068.0,9.188
1061.0,9.543
1063.0,5.881
1074.0,5.271
1074.0,4.536
1055.0,4.375
1046.0,4.792
1054.0,5.956
1068.0,7.012
1079.0,8.402
1082.0,9.238
1066.0,9.43
1080.0,9.41
1107.0,9.342
1480.0,8.796
2154.0,7.596
2249.0,8.053
2163.0,10.172
2383.0,11.904
1628.0,11.616
1091.0,10.999
1082.0,11.011
1062.0,10.846
1061.0,9.598
1042.0,8.617
1019.0,8.945
996.0,4.531
1019.0,4.135
1054.0,3.482
1065.0,3.245
1058.0,3.5
997.0,4.537
637.0,5.833
402.0,7.427
241.0,8.548
250.0,9.058
440.0,9.16
635.0,8.824
536.0,8.051
381.0,7.454
662.0,7.765
831.0,7.01
874.0,7.265
870.0,9.077
741.0,10.914
570.0,11.251
456.0,11.022
323.0,11.533
562.0,11.275
977.0,9.673
1047.0,8.352
1035.0,8.758
1019.0,2.974
1008.0,3.069
1037.0,2.822
1058.0,2.506
1064.0,2.585
1058.0,2.955
1057.0,4.1
1071.0,5.891
1066.0,7.378
1059.0,8.109
1058.0,8.562
1065.0,8.346
1080.0,7.198
1068.0,6.486
1058.0,8.776
1060.0,7.638
1072.0,6.741
1073.0,6.742
1076.0,8.224
1116.0,10.148
1336.0,10.838
1943.0,11.117
2316.0,12.027
2358.0,11.766
2319.0,9.865
2286.0,8.613
2414.0,8.905
2125.0,2.099
1227.0,2.549
1092.0,2.48
1085.0,2.106
1045.0,1.894
1028.0,2.045
1029.0,2.785
1044.0,4.315
1006.0,5.76
792.0,6.748
428.0,7.756
120.0,7.983
28.0,6.892
22.0,5.723
5.0,6.043
5.0,9.661
6.0,8.843
7.0,7.494
5.0,6.534
23.0,6.541
22.0,7.737
16.0,9.588
13.0,10.42
13.0,10.822
22.0,11.607
4.0,11.602
29.0,9.967
45.0,8.946
76.0,9.43
189.0,1.92
397.0,2.378
662.0,2.321
895.0,2.05
1020.0,1.763
1046.0,1.689
1029.0,2.171
1027.0,3.272
1006.0,4.497
998.0,5.551
1028.0,6.808
1026.0,7.406
1000.0,6.496
983.0,5.229
997.0,5.853
1028.0,10.329
1035.0,9.923
981.0,8.875
1134.0,7.471
1117.0,6.59
1139.0,6.462
1485.0,7.575
2114.0,9.269
2179.0,10.133
2357.0,10.127
2442.0,11.046
2402.0,11.251
2099.0,10.161
1876.0,9.55
1367.0,10.2
1103.0,1.977
1095.0,2.464
1063.0,2.395
1035.0,2.074
1023.0,1.668
1003.0,1.548
618.0,1.923
130.0,2.856
21.0,3.977
19.0,5.01
18.0,6.286
11.0,7.088
10.0,6.14
5.0,5.049
18.0,5.798
17.0,8.33
27.0,10.647
26.0,10.103
19.0,9.078
30.0,7.689
40.0,6.581
39.0,6.342
99.0,7.255
370.0,8.831
450.0,9.582
304.0,9.516
101.0,10.272
61.0,10.847
20.0,10.368
36.0,10.045
23.0,10.621
5.0,2.153
23.0,2.575
51.0,2.46
41.0,2.048
129.0,1.724
1964.0,1.574
2098.0,2.101
2322.0,2.996
2294.0,3.958
2394.0,4.959
2395.0,6.225
1627.0,6.918
1161.0,5.925
1119.0,4.844
1110.0,5.712
1056.0,8.273
1033.0,11.556
1048.0,11.085
1027.0,10.217
1064.0,8.833
988.0,7.311
516.0,6.459
64.0,7.13
22.0,8.436
14.0,9.155
8.0,8.965
22.0,9.479
23.0,10.138
58.0,10.251
232.0,10.234
57.0,10.762
9.0,2.411
12.0,2.68
8.0,2.54
10.0,2.221
8.0,1.893
18.0,1.972
15.0,2.443
10.0,3.442
2257.0,4.336
2365.0,5.007
2310.0,6.036
2103.0,6.55
1289.0,5.64
1151.0,4.57
1091.0,5.444
1051.0,13.212
1063.0,12.769
1072.0,12.83
860.0,11.528
307.0,8.821
352.0,7.038
572.0,7.233
400.0,8.505
52.0,9.101
8.0,8.795
3.0,8.892
5.0,9.471
8.0,9.953
11.0,10.221
1624.0,10.755
1333.0,2.641
1160.0,3.002
1129.0,2.878
1043.0,2.775
1018.0,2.631
934.0,2.781
394.0,3.306
301.0,4.062
274.0,4.613
82.0,4.978
15.0,5.4
11.0,5.184
11.0,4.349
1017.0,3.737
1023.0,4.727
1033.0,13.925
1055.0,14.376
1032.0,13.077
851.0,9.939
250.0,7.624
13.0,7.669
14.0,9.013
11.0,9.664
1.0,9.057
207.0,8.89
183.0,9.497
85.0,10.237
64.0,11.155
30.0,11.504
4.0,3.105
16.0,3.551
17.0,3.82
17.0,3.864
6.0,3.905
9.0,4.081
14.0,4.444
11.0,4.78
7.0,4.877
2.0,4.733
7.0,4.313
18.0,3.511
181.0,2.739
580.0,2.641
126.0,3.56
26.0,14.774
14.0,13.772
24.0,10.577
33.0,8.333
29.0,8.389
23.0,9.929
18.0,10.593
24.0,9.799
14.0,9.258
3.0,10.034
12.0,11.45
254.0,12.621
862.0,13.15
1022.0,3.799
1040.0,4.601
1051.0,5.06
996.0,5.191
876.0,5.224
799.0,5.209
728.0,5.305
613.0,5.303
296.0,5.164
84.0,4.757
54.0,4.059
46.0,2.842
17.0,2.237
4.0,2.35
7.0,14.423
306.0,11.658
57.0,9.552
24.0,9.659
251.0,11.07
759.0,11.33
902.0,10.541
1052.0,9.875
1052.0,10.792
1067.0,12.465
1107.0,13.804
1082.0,14.362
1071.0,4.561
1028.0,5.55
1001.0,6.106
1030.0,6.236
1043.0,6.118
1050.0,5.731
1019.0,5.669
988.0,5.504
1011.0,5.235
1040.0,4.774
1041.0,4.079
987.0,3.03
524.0,2.575
39.0,10.912
151.0,10.998
525.0,12.001
799.0,11.976
855.0,10.972
813.0,10.74
1002.0,11.57
1057.0,13.093
1048.0,14.468
1044.0,15.139
1053.0,4.825
1058.0,5.927
1063.0,6.464
2078.0,6.602
2235.0,6.379
2007.0,6.074
1415.0,5.767
1190.0,5.578
1077.0,5.435
1034.0,5.044
1022.0,4.522
1024.0,3.813
1043.0,12.564
1052.0,13.109
1042.0,12.802
993.0,11.634
994.0,11.317
899.0,12.157
350.0,13.636
173.0,14.988
206.0,15.686
861.0,4.793
1045.0,5.781
1024.0,6.436
1040.0,6.655
1045.0,6.613
1059.0,6.245
1062.0,6.107
1050.0,6.046
1059.0,6.088
1064.0,6.218
1064.0,6.348
1061.0,16.035
2007.0,15.552
2227.0,13.558
2324.0,12.312
2104.0,12.835
2277.0,14.001
2331.0,15.313
1516.0,15.962
1061.0,4.612
1051.0,5.739
1074.0,6.698
1066.0,7.61
1069.0,8.393
1035.0,8.734
1027.0,8.726
736.0,8.673
144.0,8.903
32.0,9.833
35.0,20.995
32.0,17.687
31.0,15.206
30.0,14.742
25.0,14.873
30.0,15.141
180.0,15.252
906.0,4.622
1053.0,6.228
1060.0,8.246
1058.0,10.974
1055.0,13.946
1067.0,15.645
1064.0,15.991
1059.0,15.554
1063.0,22.126
1062.0,19.775
1066.0,18.853
1066.0,16.967
1775.0,14.371
2148.0,13.237
2133.0,4.721
1913.0,7.553
2043.0,11.869
2128.0,15.949
2265.0,18.901
2185.0,20.326
1225.0,20.618
1070.0,23.545
1088.0,21.799
1083.0,20.917
1056.0,17.677
1005.0,13.604
1035.0,11.695
962.0,4.102
464.0,7.738
78.0,13.778
39.0,18.648
33.0,20.927
30.0,22.087
30.0,21.267
33.0,17.869
29.0,13.688
28.0,11.689
27.0,3.076
30.0,6.821
23.0,13.237
26.0,22.783
23.0,20.187
23.0,16.345
22.0,13.751
22.0,22.979
26.0,20.487
27.0,16.219
19.0,19.91
21.0,15.028
16.0,13.665
33.0,7.438
63.0,7.279
538.0,7.311
1053.0,7.267
1068.0,5.333
1058.0,7.202
1058.0,7.028
1063.0,6.685
1068.0,6.427
1066.0,6.36
1066.0,6.577
1063.0,7.274
1064.0,7.067
1066.0,6.764
1069.0,6.456
1095.0,6.119
1082.0,6.271
1111.0,6.506
1122.0,7.121
1096.0,8.397
1105.0,8.425
1323.0,6.649
1864.0,6.251
2032.0,5.78
2230.0,5.626
1992.0,5.703
1202.0,6.313
1075.0,6.978
1086.0,8.192
1072.0,9.423
1024.0,8.716
1014.0,8.078
1026.0,8.456
1059.0,5.685
972.0,5.161
649.0,4.448
266.0,4.277
61.0,4.9
40.0,5.733
50.0,6.842
36.0,8.073
33.0,8.967
31.0,8.85
30.0,9.139
26.0,9.554
23.0,9.376
21.0,8.296
29.0,7.638
27.0,8.09
21.0,4.768
22.0,4.095
26.0,3.438
35.0,3.317
39.0,3.831
33.0,4.783
22.0,6.131
43.0,7.625
105.0,8.505
256.0,8.479
554.0,8.116
833.0,9.127
1008.0,9.22
1067.0,9.99
1060.0,9.759
1060.0,8.086
1061.0,7.4
1061.0,8.004
1065.0,3.695
1070.0,3.325
1063.0,2.946
1061.0,2.596
1064.0,2.781
1065.0,3.401
1068.0,4.609
1067.0,6.339
1064.0,7.632
1075.0,7.752
1074.0,7.592
1069.0,7.187
1077.0,7.781
1085.0,9.032
1084.0,9.055
1085.0,9.361
1087.0,10.261
1060.0,10.053
1201.0,8.371
1897.0,7.519
2364.0,8.131
1909.0,2.589
1139.0,2.757
1079.0,2.494
1076.0,2.17
1059.0,2.04
1031.0,2.254
996.0,3.193
986.0,4.762
1013.0,6.148
1050.0,6.737
1060.0,6.933
1044.0,6.67
888.0,6.248
709.0,6.076
561.0,6.968
396.0,8.204
275.0,8.811
219.0,9.148
202.0,10.196
211.0,10.092
204.0,8.591
247.0,7.961
317.0,8.79
464.0,2.035
624.0,2.412
735.0,2.27
874.0,1.966
978.0,1.764
1060.0,1.683
1063.0,2.207
1056.0,3.463
1044.0,4.775
1047.0,5.61
1059.0,6.45
1066.0,6.89
1062.0,6.087
1064.0,6.257
1067.0,5.991
1069.0,6.7
1059.0,7.973
1064.0,8.476
1072.0,8.703
1065.0,9.546
1060.0,9.691
1057.0,8.769
1057.0,8.499
1061.0,9.605
1065.0,1.902
1059.0,2.289
1049.0,2.218
1047.0,1.909
1058.0,1.563
1053.0,1.432
1064.0,1.834
1072.0,2.909
1060.0,4.063
1072.0,5.056
1064.0,6.223
1081.0,6.96
1095.0,6.189
1367.0,7.365
2247.0,6.236
1749.0,5.925
1098.0,6.495
1069.0,7.723
1069.0,8.28
1061.0,8.222
1066.0,8.72
1049.0,9.078
1029.0,8.806
997.0,9.036
994.0,10.139
993.0,1.915
1010.0,2.351
1012.0,2.22
1025.0,1.925
1037.0,1.562
1054.0,1.371
1058.0,1.784
1058.0,2.808
1062.0,3.848
1065.0,4.942
1049.0,6.079
1045.0,6.886
1028.0,6.203
1048.0,7.761
1067.0,6.503
1044.0,5.894
1036.0,6.481
1053.0,7.601
1070.0,8.075
1062.0,7.869
1057.0,8.19
1062.0,8.471
1074.0,8.838
1071.0,9.427
1063.0,10.446
1066.0,2.064
1067.0,2.453
1068.0,2.318
1065.0,1.97
1062.0,1.547
1064.0,1.438
1068.0,1.872
1061.0,2.93
1059.0,3.905
1055.0,4.872
1063.0,5.955
1064.0,6.756
1059.0,6.073
1052.0,9.771
1043.0,7.611
1052.0,6.347
1059.0,6.558
1056.0,7.525
1067.0,8.092
1056.0,7.738
1056.0,7.663
1059.0,8.129
1073.0,8.677
1075.0,9.43
1096.0,10.477
1159.0,2.206
1716.0,2.499
1353.0,2.349
1066.0,2.075
1068.0,1.693
1067.0,1.611
1065.0,2.064
1058.0,2.98
1054.0,3.916
1061.0,4.679
1056.0,5.591
1049.0,6.208
1029.0,5.584
1019.0,9.125
1012.0,7.057
1011.0,6.766
1017.0,7.809
1002.0,8.459
1025.0,8.027
1024.0,7.737
1020.0,8.092
1035.0,8.826
1047.0,9.845
1056.0,10.692
1063.0,2.493
1062.0,2.673
1069.0,2.652
1065.0,2.358
1067.0,2.144
1071.0,2.153
1068.0,2.497
1062.0,3.046
1066.0,3.717
1072.0,4.373
1071.0,4.875
1063.0,5.005
1061.0,4.432
1064.0,7.48
1065.0,7.27
1061.0,8.265
1061.0,9.124
1067.0,8.669
1067.0,8.243
1063.0,8.835
1059.0,9.923
1061.0,10.914
1063.0,11.578
1060.0,2.802
1058.0,3.213
1047.0,3.252
1046.0,3.233
1040.0,3.178
1051.0,3.316
1055.0,3.478
1058.0,3.75
1058.0,4.045
1056.0,4.365
1053.0,4.213
1055.0,3.663
1061.0,7.931
1076.0,9.018
1091.0,9.807
1215.0,9.375
1526.0,8.942
1088.0,9.579
1070.0,11.059
1065.0,12.465
1062.0,13.004
1048.0,3.334
1049.0,3.884
1053.0,4.19
1062.0,4.272
1063.0,4.265
1059.0,4.453
1058.0,4.54
1066.0,4.724
1062.0,4.688
1057.0,4.386
1050.0,3.795
1062.0,2.756
1067.0,10.751
1065.0,10.094
1060.0,9.816
1062.0,10.48
1062.0,11.904
1066.0,13.339
1060.0,13.883
1062.0,4.021
1064.0,4.8
1065.0,5.229
1066.0,5.335
1063.0,5.249
1061.0,5.265
1067.0,5.132
1071.0,5.084
1070.0,4.978
1062.0,4.541
1067.0,3.71
1069.0,10.749
1069.0,10.445
1068.0,11.112
1061.0,12.409
1061.0,13.673
1060.0,14.246
1061.0,4.531
1056.0,5.489
1053.0,5.985
1053.0,6.104
1040.0,5.869
1039.0,5.691
1046.0,5.476
1045.0,5.32
1032.0,5.113
1046.0,4.719
1048.0,11.17
1044.0,10.77
1043.0,11.368
1044.0,12.572
1051.0,13.697
1058.0,14.299
1058.0,4.64
1062.0,5.543
1075.0,6.077
1196.0,6.21
1695.0,6.061
1165.0,5.835
1051.0,5.634
1055.0,5.558
1061.0,5.439
1042.0,12.117
1040.0,10.934
1056.0,11.161
1061.0,12.068
1065.0,12.981
1060.0,13.483
1059.0,4.557
1060.0,5.513
1062.0,6.192
1065.0,6.78
1064.0,7.077
1060.0,7.117
1063.0,7.082
1060.0,7.029
1065.0,11.961
1062.0,10.936
1069.0,10.818
1074.0,10.983
1067.0,11.132
1066.0,4.468
1066.0,5.71
1063.0,7.12
1070.0,8.998
1067.0,11.388
1059.0,12.893
1068.0,15.713
1062.0,14.035
1064.0,11.991
1060.0,9.878
1065.0,9.093
1068.0,4.495
1071.0,6.655
1067.0,9.865
1053.0,13.476
1066.0,18.451
1071.0,14.746
1064.0,10.506
1054.0,8.766
1050.0,4.087
1061.0,7.283
1069.0,15.942
1065.0,11.191
1034.0,9.114
1053.0,17.395
1044.0,13.093
1059.0,10.717
1053.0,17.22
1050.0,13.138
1043.0,12.801
1052.0,11.631
1050.0,6.771
1050.0,6.659
1052.0,6.217
1055.0,6.487
1059.0,6.141
1151.0,5.759
1688.0,5.591
1227.0,5.834
1036.0,6.574
1014.0,5.601
1035.0,5.056
1054.0,4.533
1049.0,4.508
1046.0,4.968
1057.0,5.786
1064.0,6.619
1060.0,7.247
1060.0,4.628
1057.0,3.893
1057.0,3.362
1063.0,3.38
1056.0,4.026
1055.0,5.004
1057.0,6.16
1053.0,8.471
1045.0,7.103
1047.0,6.607
1053.0,7.389
1054.0,3.851
1049.0,3.347
1059.0,2.767
1057.0,2.636
1060.0,3.022
1064.0,3.805
1065.0,5.041
1056.0,6.658
1061.0,7.68
1073.0,9.266
1071.0,8.846
1066.0,7.305
1064.0,6.708
1067.0,7.629
1070.0,3.093
1063.0,2.941
1064.0,2.507
1063.0,2.225
1069.0,2.286
1067.0,2.595
1063.0,3.647
1067.0,5.226
1073.0,6.415
1077.0,6.411
1074.0,8.218
1048.0,8.347
1042.0,9.162
1033.0,8.946
1051.0,7.576
1050.0,7.127
1053.0,8.2
1045.0,2.389
1043.0,2.553
1046.0,2.307
1041.0,1.992
1051.0,1.764
1048.0,1.874
1066.0,2.487
1209.0,3.798
1766.0,4.983
1205.0,5.489
1065.0,5.412
1006.0,7.0
1010.0,7.847
1025.0,7.961
1040.0,8.047
1047.0,8.636
1047.0,8.638
1053.0,7.744
1052.0,7.836
1053.0,9.071
1060.0,1.948
1060.0,2.273
1055.0,2.168
1050.0,1.819
1053.0,1.553
1054.0,1.425
1046.0,1.801
1039.0,2.954
1038.0,4.188
1054.0,4.972
1066.0,5.467
1057.0,6.345
1058.0,7.337
1068.0,7.592
1063.0,7.57
1062.0,7.831
1054.0,7.884
1042.0,7.803
1061.0,8.285
1069.0,9.707
1069.0,1.852
1066.0,2.184
1068.0,2.087
1065.0,1.838
1067.0,1.474
1065.0,1.251
1067.0,1.684
1063.0,2.72
1064.0,3.96
1069.0,4.886
1065.0,5.83
1063.0,6.61
1078.0,5.711
1071.0,6.107
1202.0,7.019
1040.0,7.454
1036.0,7.159
1038.0,7.225
1045.0,7.452
1046.0,7.862
1051.0,8.762
1044.0,10.088
1051.0,1.927
1053.0,2.281
1045.0,2.16
1044.0,1.806
1052.0,1.452
1076.0,1.284
1501.0,1.635
2045.0,2.71
1204.0,3.923
1073.0,4.847
1017.0,5.863
1032.0,6.738
1016.0,5.817
999.0,5.947
985.0,6.782
1023.0,7.206
1050.0,7.066
1056.0,6.93
1061.0,7.251
1051.0,7.837
1061.0,8.841
1037.0,10.169
994.0,1.966
1009.0,2.297
1049.0,2.142
1056.0,1.84
1048.0,1.473
1036.0,1.371
1035.0,1.764
1041.0,2.672
1027.0,3.838
1034.0,4.727
1059.0,5.682
1060.0,6.555
1066.0,6.279
1064.0,6.119
1055.0,6.724
1068.0,7.374
1077.0,7.179
1080.0,7.081
1074.0,7.388
1058.0,8.134
1057.0,9.202
1066.0,10.378
1048.0,2.028
1044.0,2.354
1058.0,2.192
1064.0,1.895
1049.0,1.52
1034.0,1.441
1053.0,1.818
1044.0,2.553
1072.0,3.514
1637.0,4.365
1046.0,5.13
1035.0,6.534
1031.0,7.328
1030.0,8.043
1036.0,7.842
1043.0,7.658
1051.0,7.919
1046.0,8.875
1056.0,9.909
1049.0,10.811
1036.0,2.233
1042.0,2.544
1114.0,2.487
1850.0,2.225
1910.0,1.881
1143.0,1.769
1066.0,2.056
1016.0,2.585
982.0,3.181
950.0,3.952
957.0,4.567
979.0,7.973
995.0,8.714
965.0,8.473
949.0,8.177
945.0,8.752
955.0,9.908
977.0,10.977
985.0,11.7
996.0,2.571
980.0,2.924
975.0,2.989
962.0,2.867
954.0,2.631
965.0,2.552
1015.0,2.711
1059.0,2.952
1060.0,3.447
1054.0,4.038
1058.0,9.367
1058.0,8.986
1065.0,9.637
1064.0,11.113
1052.0,12.586
1061.0,13.203
1067.0,2.917
1071.0,3.384
1073.0,3.594
1062.0,3.597
1057.0,3.516
1034.0,3.645
1027.0,3.785
1007.0,3.886
989.0,4.053
1002.0,4.074
1059.0,9.827
1073.0,10.373
989.0,11.816
1186.0,13.267
1632.0,13.946
1181.0,3.416
1036.0,4.021
1039.0,4.311
1042.0,4.391
1041.0,4.434
1040.0,4.501
1034.0,4.626
1035.0,4.705
1029.0,4.609
1048.0,10.689
1063.0,11.896
1041.0,13.235
1045.0,13.846
1397.0,4.058
2010.0,4.821
1876.0,5.193
1143.0,5.27
1059.0,5.244
1027.0,5.16
1003.0,5.148
1008.0,5.079
999.0,11.523
991.0,12.564
964.0,13.238
960.0,4.375
941.0,5.177
950.0,5.66
947.0,5.809
951.0,5.59
970.0,5.54
990.0,5.393
1006.0,9.89
992.0,10.623
980.0,11.147
966.0,4.431
986.0,5.33
1030.0,5.882
1059.0,6.125
1054.0,6.197
1050.0,7.514
1038.0,7.934
1042.0,8.261
1062.0,4.417
1057.0,5.454
1044.0,6.432
1014.0,7.615
1233.0,8.511
1472.0,7.395
1371.0,7.032
1213.0,4.385
978.0,5.961
1016.0,12.587
1037.0,8.728
1268.0,7.233
1578.0,9.583
1433.0,7.616
1566.0,10.688
1265.0,8.323
1284.0,10.084
1940.0,5.59
1674.0,5.117
1646.0,4.547
1277.0,3.94
1046.0,3.432
1033.0,3.786
1009.0,3.169
988.0,2.725
1044.0,2.639
1075.0,3.162
1391.0,6.188
1032.0,7.048
1041.0,3.186
1031.0,2.801
1032.0,2.435
1040.0,2.185
1023.0,2.402
1023.0,2.987
1032.0,6.787
1041.0,6.587
1042.0,7.69
1068.0,2.765
1515.0,2.702
2164.0,2.282
1821.0,2.02
2103.0,1.939
1891.0,2.158
1105.0,2.954
1008.0,7.652
988.0,7.439
964.0,6.911
955.0,7.196
968.0,8.524
967.0,2.256
968.0,2.439
947.0,2.124
936.0,1.836
963.0,1.586
972.0,1.574
971.0,2.014
982.0,3.082
987.0,4.129
990.0,7.406
990.0,7.09
974.0,7.029
972.0,7.098
981.0,7.125
994.0,7.762
992.0,9.3
995.0,1.939
1023.0,2.201
1068.0,2.066
1059.0,1.74
1016.0,1.41
997.0,1.314
1111.0,1.623
1415.0,2.62
1290.0,3.881
1575.0,6.598
1039.0,6.968
997.0,6.785
1371.0,6.741
1423.0,6.871
1198.0,7.249
1402.0,8.307
1703.0,9.808
1206.0,1.836
1071.0,2.151
1278.0,1.993
1447.0,1.664
1119.0,1.371
1054.0,1.188
1051.0,1.601
1046.0,2.565
1043.0,3.896
1008.0,4.66
1007.0,6.009
1036.0,6.616
1016.0,6.564
1060.0,6.571
1283.0,6.814
1233.0,7.515
1035.0,8.52
1034.0,9.981
1025.0,1.888
1038.0,2.149
1040.0,2.014
1032.0,1.652
1037.0,1.351
1036.0,1.196
1045.0,1.573
1060.0,2.619
1087.0,3.923
1776.0,4.74
2245.0,5.994
1720.0,6.739
1885.0,6.708
1232.0,6.783
1079.0,7.055
1036.0,7.796
996.0,8.861
963.0,10.134
957.0,1.902
967.0,2.207
969.0,2.049
972.0,1.683
960.0,1.344
977.0,1.231
998.0,1.572
987.0,2.484
1002.0,3.686
1012.0,4.535
1021.0,6.51
1024.0,7.277
1017.0,7.295
1020.0,7.179
1036.0,7.494
1057.0,8.31
1060.0,9.35
1022.0,10.427
1013.0,1.966
1022.0,2.268
1013.0,2.081
1042.0,1.758
1065.0,1.458
1055.0,1.269
1034.0,1.592
1340.0,2.24
1396.0,3.108
1523.0,8.037
1145.0,7.95
1035.0,7.733
1458.0,8.026
1455.0,8.945
1171.0,9.974
1467.0,10.785
1613.0,2.092
1122.0,2.382
1083.0,2.302
1166.0,2.036
1119.0,1.735
1052.0,1.647
1058.0,1.807
1052.0,2.302
1046.0,2.964
1043.0,8.567
1024.0,8.29
1029.0,8.744
1041.0,9.835
1017.0,11.013
1045.0,11.816
1125.0,2.414
1255.0,2.706
1032.0,2.754
1037.0,2.592
1030.0,2.276
1036.0,2.078
1032.0,2.194
1035.0,2.586
1040.0,9.134
1024.0,9.621
1027.0,10.994
1025.0,12.445
1055.0,13.303
1072.0,2.718
1577.0,3.103
1957.0,3.221
1871.0,3.18
1272.0,2.981
1069.0,2.871
1050.0,2.868
1022.0,3.161
966.0,11.699
935.0,13.109
948.0,13.96
954.0,3.023
950.0,3.407
959.0,3.595
977.0,3.722
964.0,3.718
939.0,3.772
946.0,3.902
951.0,12.718
974.0,13.47
980.0,3.436
1001.0,3.972
1018.0,4.262
1046.0,4.504
1056.0,4.559
1064.0,4.564
1045.0,11.131
1037.0,11.74
1047.0,4.008
1064.0,4.675
1066.0,5.106
1053.0,5.254
1026.0,8.683
1014.0,4.329
1030.0,5.141
1072.0,5.647
1186.0,6.628
1069.0,4.299
1005.0,6.153
1031.0,6.515
1094.0,3.108
1347.0,2.769
1512.0,2.882
1379.0,2.56
1367.0,2.189
1063.0,6.678
1174.0,7.985
1552.0,2.635
1318.0,2.49
1058.0,2.224
1047.0,1.873
1049.0,6.593
1045.0,7.317
1016.0,8.792
1012.0,2.132
1028.0,2.256
1031.0,2.022
1129.0,1.714
1272.0,1.47
1301.0,6.546
1044.0,6.662
1033.0,7.052
1037.0,7.946
1037.0,9.515
1049.0,1.922
1046.0,2.068
1032.0,1.919
1043.0,1.646
1042.0,1.31
1055.0,1.175
1054.0,6.46
1057.0,6.41
1150.0,6.681
1840.0,7.228
1788.0,8.319
1736.0,9.798
1126.0,1.815
1058.0,2.05
1014.0,1.883
987.0,1.586
954.0,1.287
952.0,1.12
986.0,1.481
1015.0,6.541
992.0,6.461
966.0,6.832
958.0,7.45
965.0,8.484
957.0,9.975
938.0,1.865
946.0,2.046
958.0,1.887
976.0,1.574
991.0,1.211
1014.0,1.153
1047.0,1.479
1058.0,6.957
1054.0,6.848
1060.0,7.097
1054.0,7.88
1061.0,8.951
1065.0,10.152
1052.0,1.89
1048.0,2.099
1059.0,1.926
1064.0,1.541
1067.0,1.258
1058.0,1.154
1032.0,1.414
1036.0,7.609
1064.0,7.345
1053.0,7.56
1037.0,8.442
1016.0,9.493
1181.0,10.463
1249.0,1.886
978.0,2.132
1171.0,1.967
2018.0,1.65
1634.0,1.374
1868.0,1.238
1540.0,1.447
1082.0,7.746
1041.0,8.015
1017.0,9.006
994.0,9.952
1000.0,10.8
1171.0,1.986
1467.0,2.268
1203.0,2.145
1043.0,1.917
1038.0,1.634
1034.0,1.571
1036.0,1.791
1039.0,8.666
1048.0,9.785
1035.0,10.898
1046.0,11.764
1038.0,2.264
1047.0,2.613
1054.0,2.596
1051.0,2.354
1069.0,2.114
1434.0,1.953
1932.0,10.88
1878.0,12.243
1266.0,13.229
1051.0,2.56
1007.0,2.88
976.0,3.001
990.0,2.878
958.0,2.603
944.0,13.794
973.0,2.758
1007.0,3.112
1029.0,3.242
1032.0,3.249
1032.0,2.99
1031.0,3.453
1014.0,3.685
994.0,3.462
986.0,2.554
978.0,9.067
977.0,2.161
966.0,2.241
982.0,8.083
1002.0,9.609
993.0,1.883
1021.0,2.05
1051.0,1.861
1060.0,7.299
1066.0,8.341
1062.0,9.773
1052.0,1.817
1060.0,1.984
1060.0,1.779
1063.0,7.609
1066.0,8.679
1057.0,9.904
1057.0,1.811
1053.0,2.044
1051.0,1.819
1062.0,1.45
1074.0,8.058
1081.0,9.145
1078.0,10.259
1056.0,1.881
1027.0,2.037
1071.0,1.828
1587.0,1.469
1291.0,8.564
1046.0,9.532
1044.0,10.424
1026.0,1.865
1034.0,2.062
1044.0,1.859
1041.0,1.555
1046.0,9.937
1046.0,10.799
1044.0,1.912
1046.0,2.166
1045.0,2.051
1057.0,11.708
1059.0,2.123
1078.0,2.505
1314.0,2.502
1986.0,2.395
1482.0,2.802
1043.0,2.574
